-0,-1.70706e-08,-2.82294e-07,-5.56216e-07,-8.09107e-07,-1.07159e-06,-1.27739e-06,-1.47727e-06,-1.57752e-06,-9.52637e-07,4.31466e-05,8.80088e-05,8.7796e-05,9.05388e-05,9.15777e-05,9.56837e-05,9.80138e-05,0.000103593,0.000107279,0.000114469,0.000119601,0.000128571,0.000135269,0.000146224,0.000154641,0.00016783,0.000178161,0.000193879,0.000206357,0.000224953,0.000239859,0.00026174,0.000279406,0.000305044,0.000325857,0.000355795,0.000380207,0.000415068,0.000443598,0.000484098,0.000517343,0.000564295,0.00060294,0.000657273,0.000702097,0.000764863,0.000816756,0.000889147,0.00094912,0.00103249,0.00110168,0.00119754,0.00127726,0.00138734,0.00147904,0.00160525,0.00171059,0.00185512,0.00197594,0.00214121,0.00227961,0.00246834,0.00262666,0.0028419,0.00302275,0.00326789,0.00347422,0.00375304,0.00398811,0.00430482,0.00457228,0.00493156,0.00523548,0.00564252,0.0059874,0.00644793,0.00683879,0.00735916,0.00780155,0.00838877,0.00888882,0.00955061,0.0101151,0.01086,0.0114964,0.0123336,0.0130502,0.0139901,0.0147958,0.0158496,0.0167545,0.0179344,0.0189492,0.0202686,0.0214053,0.0228789,0.0241504,0.0257939,0.0272145,0.0290452,0.0306302,0.0326669,0.0344331,0.0366958,0.0386614,0.0411722,0.0433569,0.0461392,0.0485642,0.0516436,0.0543319,0.0577356,0.0607121,0.0644694,0.0677606,0.0719029,0.0755375,0.0800985,0.0841071,0.0891225,0.0935379,0.0990461,0.103903,0.109945,0.115281,0.121899,0.127755,0.134994,0.141411,0.149321,0.156344,0.164976,0.172652,0.182058,0.190437,0.200675,0.20981,0.220939,0.230885,0.242966,0.253782,0.266879,0.278625,0.292806,0.305547,0.320882,0.334682,0.351244,0.366173,0.384035,0.400165,0.419406,0.43681,0.457509,0.476264,0.498501,0.518686,0.542546,0.56424,0.589807,0.613094,0.640454,0.665417,0.694658,0.721384,0.752593,0.781168,0.814434,0.844947,0.880358,0.912896,0.950541,0.985193,1.02516,1.06201,1.10439,1.14353,1.1884,1.22992,1.27736,1.32134,1.37143,1.41796,1.47079,1.51994,1.57557,1.62742,1.68593,1.74056,1.80199,1.85947,1.9239,1.98429,2.05177,2.11513,2.18569,2.25208,2.32576,2.39522,2.47206,2.54464,2.62465,2.70036,2.78356,2.86244,2.94882,3.03088,3.12043,3.20568,3.29839,3.38681,3.48263,3.57422,3.67312,3.76783,3.86975,3.96755,4.07241,4.17326,4.28098,4.38479,4.49528,4.60198,4.71512,4.82462,4.94028,5.05248,5.17052,5.28529,5.40557,5.52277,5.64511,5.7646,5.88882,6.01043,6.13633,6.25989,6.38727,6.51258,6.64121,6.76807,6.89772,7.02591,7.15632,7.28562,7.41654,7.54669,7.67785,7.8086,7.93972,8.07081,8.2016,8.33275,8.46292,8.59384,8.72307,8.85348,8.98147,9.11106,9.2375,9.36595,9.49052,9.61753,9.7399,9.86516,9.98502,10.1082,10.2252,10.346,10.4599,10.5779,10.6883,10.8034,10.91,11.0217,11.1242,11.2322,11.3304,11.4344,11.5279,11.6277,11.7163,11.8115,11.8949,11.9853,12.0633,12.1486,12.221,12.301,12.3676,12.4422,12.5028,12.5718,12.6264,12.6898,12.7385,12.7963,12.8391,12.8914,12.9286,12.9756,13.0074,13.0493,13.0756,13.1119,13.1322,13.1619,13.1743,13.1952,13.1974,6.57178,-0.231913,-0.391211,-0.36512,-0.326464,-0.277466,-0.22169,-0.161125,-0.0980638,-0.0335512,-0
-0,-1.70706e-08,-2.82294e-07,-5.56216e-07,-8.09107e-07,-1.07159e-06,-1.27739e-06,-1.47727e-06,-1.57752e-06,-9.52637e-07,4.31466e-05,8.80088e-05,8.7796e-05,9.05388e-05,9.15777e-05,9.56837e-05,9.80138e-05,0.000103593,0.000107279,0.000114469,0.000119601,0.000128571,0.000135269,0.000146224,0.000154641,0.00016783,0.000178161,0.000193879,0.000206357,0.000224953,0.000239859,0.00026174,0.000279406,0.000305044,0.000325857,0.000355795,0.000380207,0.000415068,0.000443598,0.000484098,0.000517343,0.000564295,0.00060294,0.000657273,0.000702097,0.000764863,0.000816756,0.000889147,0.00094912,0.00103249,0.00110168,0.00119754,0.00127726,0.00138734,0.00147904,0.00160525,0.00171059,0.00185512,0.00197594,0.00214121,0.00227961,0.00246834,0.00262666,0.0028419,0.00302275,0.00326789,0.00347422,0.00375304,0.00398811,0.00430482,0.00457228,0.00493156,0.00523548,0.00564252,0.0059874,0.00644793,0.00683879,0.00735916,0.00780155,0.00838877,0.00888882,0.00955061,0.0101151,0.01086,0.0114964,0.0123336,0.0130502,0.0139901,0.0147958,0.0158496,0.0167545,0.0179344,0.0189492,0.0202686,0.0214053,0.0228789,0.0241504,0.0257939,0.0272145,0.0290452,0.0306302,0.0326669,0.0344331,0.0366958,0.0386614,0.0411722,0.0433569,0.0461392,0.0485642,0.0516436,0.0543319,0.0577356,0.0607121,0.0644694,0.0677606,0.0719029,0.0755375,0.0800985,0.0841071,0.0891225,0.0935379,0.0990461,0.103903,0.109945,0.115281,0.121899,0.127755,0.134994,0.141411,0.149321,0.156344,0.164976,0.172652,0.182058,0.190437,0.200675,0.20981,0.220939,0.230885,0.242966,0.253782,0.266879,0.278625,0.292806,0.305547,0.320882,0.334682,0.351244,0.366173,0.384035,0.400165,0.419406,0.43681,0.457509,0.476264,0.498501,0.518686,0.542546,0.56424,0.589807,0.613094,0.640454,0.665417,0.694658,0.721384,0.752593,0.781168,0.814434,0.844947,0.880358,0.912896,0.950541,0.985193,1.02516,1.06201,1.10439,1.14353,1.1884,1.22992,1.27736,1.32134,1.37143,1.41796,1.47079,1.51994,1.57557,1.62742,1.68593,1.74056,1.80199,1.85947,1.9239,1.98429,2.05177,2.11513,2.18569,2.25208,2.32576,2.39522,2.47206,2.54464,2.62465,2.70036,2.78356,2.86244,2.94882,3.03088,3.12043,3.20568,3.29839,3.38681,3.48263,3.57422,3.67312,3.76783,3.86975,3.96755,4.07241,4.17326,4.28098,4.38479,4.49528,4.60198,4.71512,4.82462,4.94028,5.05248,5.17052,5.28529,5.40557,5.52277,5.64511,5.7646,5.88882,6.01043,6.13633,6.25989,6.38727,6.51258,6.64121,6.76807,6.89772,7.02591,7.15632,7.28562,7.41654,7.54669,7.67785,7.8086,7.93972,8.07081,8.2016,8.33275,8.46292,8.59384,8.72307,8.85348,8.98147,9.11106,9.2375,9.36595,9.49052,9.61753,9.7399,9.86516,9.98502,10.1082,10.2252,10.346,10.4599,10.5779,10.6883,10.8034,10.91,11.0217,11.1242,11.2322,11.3304,11.4344,11.5279,11.6277,11.7163,11.8115,11.8949,11.9853,12.0633,12.1486,12.221,12.301,12.3676,12.4422,12.5028,12.5718,12.6264,12.6898,12.7385,12.7963,12.8391,12.8914,12.9286,12.9756,13.0074,13.0493,13.0756,13.1119,13.1322,13.1619,13.1743,13.1952,13.1974,6.57178,-0.231913,-0.391211,-0.36512,-0.326464,-0.277466,-0.22169,-0.161125,-0.0980638,-0.0335512,-0
-0,-1.3675e-07,-2.92719e-07,-5.64813e-07,-8.51933e-07,-1.10477e-06,-1.3651e-06,-1.54473e-06,-1.70493e-06,-1.00278e-06,4.42346e-05,8.79042e-05,9.00151e-05,9.04249e-05,9.38665e-05,9.55572e-05,0.000100428,0.000103454,0.00010988,0.000114318,0.000122451,0.000128405,0.000138433,0.000146041,0.000158191,0.000167626,0.000182172,0.000193649,0.000210914,0.000224692,0.000245056,0.000261443,0.000285346,0.000304704,0.000332657,0.000355407,0.000387995,0.000414624,0.000452521,0.00048359,0.000527563,0.000563715,0.000614638,0.000656609,0.000715476,0.000764105,0.000832044,0.000888283,0.000966568,0.0010315,0.00112157,0.00119642,0.00129991,0.00138606,0.00150479,0.00160381,0.00173984,0.00185348,0.00200911,0.00213935,0.00231718,0.00246624,0.00266915,0.00283952,0.00307074,0.00326522,0.00352834,0.00375003,0.00404907,0.00430143,0.00464085,0.00492776,0.00531249,0.00563825,0.00607377,0.00644315,0.00693552,0.00735382,0.00790974,0.00838281,0.00900965,0.00954396,0.0102499,0.0108526,0.0116465,0.0123254,0.0132171,0.013981,0.0149812,0.0158395,0.0169601,0.0179232,0.0191769,0.0202562,0.0216571,0.0228652,0.0244285,0.0257788,0.0275211,0.0290286,0.0309679,0.0326485,0.0348043,0.0366757,0.0390691,0.0411501,0.0438038,0.0461151,0.0490536,0.0516172,0.0548669,0.0577068,0.0612961,0.064438,0.0683973,0.0718688,0.0762305,0.0800614,0.0848603,0.0890822,0.0943555,0.0990024,0.104789,0.109897,0.11624,0.121848,0.128791,0.134939,0.142529,0.149262,0.157548,0.164912,0.173947,0.181989,0.191829,0.200601,0.211302,0.22086,0.232483,0.242881,0.25549,0.266789,0.280448,0.292711,0.30749,0.32078,0.33675,0.351135,0.36837,0.38392,0.402495,0.419284,0.439278,0.45738,0.478872,0.498365,0.521439,0.542402,0.567141,0.589656,0.616145,0.640295,0.668621,0.694492,0.724743,0.752419,0.784683,0.814253,0.848618,0.880169,0.916723,0.950344,0.989176,1.02495,1.06615,1.10417,1.14782,1.18818,1.23435,1.27713,1.32592,1.3712,1.42268,1.47055,1.52479,1.57532,1.63241,1.68567,1.74566,1.80173,1.86468,1.92364,1.9896,2.0515,2.12053,2.18542,2.25755,2.32549,2.40076,2.47178,2.55021,2.62437,2.70597,2.78328,2.86806,2.94854,3.0365,3.12015,3.21128,3.29811,3.39236,3.48236,3.57971,3.67285,3.77323,3.86948,3.97285,4.07215,4.17842,4.28072,4.3898,4.49503,4.60681,4.71488,4.82924,4.94006,5.05687,5.17031,5.28943,5.40537,5.52663,5.64493,5.76815,5.88865,6.01365,6.13618,6.26276,6.38714,6.51507,6.6411,6.77016,6.89763,7.02758,7.15625,7.28684,7.41649,7.54745,7.67783,7.80888,7.93972,8.07059,8.20163,8.33202,8.46297,8.59258,8.72315,8.85168,8.98158,9.1087,9.23763,9.36304,9.49068,9.61406,9.7401,9.86112,9.98524,10.1036,10.2255,10.3408,10.4602,10.5722,10.6886,10.7971,10.9103,11.0148,11.1246,11.2248,11.3308,11.4265,11.5283,11.6193,11.7167,11.8026,11.8953,11.9759,12.0637,12.1388,12.2214,12.2908,12.368,12.4315,12.5032,12.5607,12.6267,12.6783,12.7387,12.7843,12.8391,12.879,12.9285,12.9629,13.0072,13.0363,13.0756,13.0992,13.1328,13.15,13.1762,13.1844,13.2004,6.56547,-0.241224,-0.40595,-0.377981,-0.336051,-0.284469,-0.225965,-0.163753,-0.0992835,-0.0328191,-0
-0,-9.30102e-09,-2.93869e-07,-5.95361e-07,-8.86155e-07,-1.20129e-06,-1.46562e-06,-1.72982e-06,-1.87511e-06,-1.13878e-06,4.41179e-05,9.00262e-05,8.97994e-05,9.25806e-05,9.36259e-05,9.77967e-05,0.000100162,0.000105838,0.000109589,0.000116908,0.000122134,0.000131265,0.000138085,0.000149235,0.000157805,0.000171224,0.000181738,0.000197728,0.000210424,0.000229336,0.000244499,0.000266745,0.000284711,0.000310769,0.000331931,0.000362352,0.000387166,0.00042258,0.000451572,0.000492702,0.000526477,0.000574147,0.000613396,0.000668545,0.000714058,0.000777748,0.000830425,0.000903862,0.000964722,0.00104927,0.00111947,0.00121667,0.00129752,0.00140909,0.00150207,0.00162998,0.00173675,0.00188317,0.00200562,0.002173,0.00231322,0.00250433,0.00266468,0.00288256,0.0030657,0.00331379,0.00352266,0.00380477,0.00404268,0.00436304,0.00463367,0.004997,0.00530443,0.00571595,0.00606474,0.00653023,0.00692542,0.00745127,0.00789845,0.00849171,0.00899706,0.0096655,0.0102358,0.010988,0.0116308,0.0124761,0.0131998,0.0141485,0.014962,0.0160254,0.0169387,0.0181291,0.0191533,0.0204841,0.021631,0.023117,0.0243997,0.0260567,0.0274894,0.0293348,0.030933,0.0329855,0.034766,0.0370459,0.039027,0.0415563,0.0437577,0.04656,0.0490031,0.052104,0.0548118,0.0582386,0.061236,0.065018,0.0683318,0.0725006,0.0761593,0.0807485,0.084783,0.0898285,0.0942716,0.0998117,0.104698,0.110774,0.116142,0.122796,0.128684,0.135963,0.142414,0.150365,0.157425,0.166099,0.173814,0.183266,0.191686,0.201971,0.21115,0.222327,0.23232,0.244451,0.255315,0.268466,0.280262,0.294499,0.307292,0.322684,0.336539,0.35316,0.368146,0.38607,0.402258,0.421562,0.439027,0.45979,0.478607,0.500911,0.521159,0.545087,0.566846,0.592482,0.615836,0.643265,0.668297,0.697607,0.724402,0.755682,0.784327,0.817664,0.848246,0.883728,0.916336,0.954051,0.988773,1.02881,1.06573,1.10817,1.14739,1.19232,1.23391,1.28141,1.32546,1.37562,1.42221,1.47509,1.52431,1.57999,1.6319,1.69046,1.74514,1.80663,1.86416,1.92863,1.98907,2.05658,2.11998,2.19057,2.257,2.33071,2.4002,2.47706,2.54965,2.62967,2.70541,2.78861,2.8675,2.95387,3.03594,3.12547,3.21072,3.3034,3.39181,3.4876,3.57916,3.67801,3.77269,3.87455,3.97232,4.07711,4.1779,4.28555,4.3893,4.4997,4.60633,4.71936,4.82878,4.94433,5.05643,5.17436,5.28902,5.40916,5.52624,5.64844,5.7678,5.89186,6.01333,6.13907,6.26248,6.38968,6.51483,6.64327,6.76996,6.89941,7.02742,7.15762,7.28672,7.41743,7.54738,7.67832,7.80886,7.93975,8.07062,8.20118,8.3321,8.46202,8.59271,8.7217,8.85186,8.97961,9.10894,9.23513,9.36334,9.48765,9.61441,9.73653,9.86153,9.98113,10.1041,10.2208,10.3413,10.455,10.5728,10.6829,10.7977,10.9041,11.0155,11.1178,11.2256,11.3235,11.4273,11.5206,11.6201,11.7085,11.8035,11.8866,11.9768,12.0546,12.1397,12.2118,12.2916,12.358,12.4323,12.4927,12.5614,12.6158,12.6788,12.7271,12.7846,12.827,12.8789,12.9158,12.9625,12.9941,13.0359,13.0626,13.0996,13.121,13.1523,13.1668,13.1895,13.1933,6.56604,-0.260483,-0.437521,-0.403931,-0.355914,-0.297734,-0.234367,-0.168258,-0.101536,-0.0346245,-0
-0,-1.45338e-07,-2.98038e-07,-6.06278e-07,-9.53143e-07,-1.28879e-06,-1.65934e-06,-1.94854e-06,-2.20937e-06,-1.31368e-06,4.51105e-05,8.97208e-05,9.18479e-05,9.22396e-05,9.57143e-05,9.7414e-05,0.000102351,0.000105419,0.000111943,0.000116453,0.000124716,0.000130768,0.000140955,0.000148687,0.000161027,0.000170612,0.000185381,0.000197038,0.000214564,0.000228554,0.000249219,0.000265855,0.000290106,0.000309753,0.000338106,0.000361189,0.000394237,0.00042125,0.000459672,0.00049118,0.000535752,0.000572407,0.000624011,0.000666555,0.000726195,0.000775476,0.00084429,0.00090127,0.000980544,0.00104632,0.00113751,0.0012133,0.00131805,0.00140527,0.00152541,0.00162564,0.00176325,0.00187825,0.00203567,0.00216743,0.00234725,0.00249803,0.00270316,0.00287545,0.00310915,0.00330577,0.00357166,0.00379574,0.00409785,0.00435289,0.00469571,0.00498559,0.0053741,0.00570316,0.00614287,0.00651591,0.00701291,0.00743526,0.00799629,0.00847383,0.00910631,0.00964556,0.0103577,0.0109658,0.0117665,0.0124514,0.0133506,0.0141211,0.0151295,0.015995,0.0171244,0.0180955,0.0193589,0.0204469,0.0218584,0.0230759,0.0246507,0.0260114,0.0277662,0.0292849,0.0312377,0.0329306,0.035101,0.0369856,0.0393948,0.0414902,0.044161,0.0464877,0.0494446,0.0520249,0.0552944,0.0581522,0.0617627,0.0649239,0.0689059,0.0723981,0.0767842,0.0806372,0.0854621,0.0897077,0.0950085,0.0996807,0.105497,0.110632,0.117006,0.122642,0.129618,0.135797,0.143422,0.150187,0.15851,0.165907,0.174981,0.18306,0.192939,0.20175,0.212493,0.222091,0.233758,0.244198,0.256853,0.268196,0.281904,0.294211,0.309041,0.322378,0.3384,0.352835,0.370123,0.385725,0.404355,0.421197,0.441246,0.459403,0.480954,0.500503,0.523635,0.544656,0.569455,0.592029,0.618579,0.642789,0.671178,0.697109,0.727422,0.75516,0.787486,0.817118,0.851546,0.883159,0.919776,0.953459,0.992352,1.02819,1.06945,1.10754,1.15124,1.19166,1.23789,1.28073,1.32958,1.37491,1.42645,1.47437,1.52867,1.57925,1.63638,1.68969,1.74972,1.80585,1.86884,1.92784,1.99383,2.05577,2.12483,2.18975,2.26191,2.32988,2.40517,2.47622,2.55466,2.62883,2.71044,2.78776,2.87254,2.95303,3.04098,3.12463,3.21573,3.30256,3.39679,3.48677,3.58408,3.67719,3.77754,3.87375,3.97706,4.07633,4.18253,4.28479,4.39379,4.49896,4.61065,4.71866,4.83292,4.94366,5.06037,5.17372,5.29272,5.40856,5.5297,5.64789,5.77098,5.89136,6.01622,6.13862,6.26505,6.38928,6.51706,6.64293,6.77183,6.89913,7.02891,7.15741,7.28782,7.41729,7.54806,7.67825,7.8091,7.93975,8.07042,8.20125,8.33143,8.46218,8.59157,8.72193,8.85024,8.97992,9.10683,9.23553,9.36072,9.48813,9.61128,9.7371,9.85789,9.98179,10.0999,10.2216,10.3367,10.4558,10.5676,10.6838,10.792,10.9051,11.0094,11.1189,11.2189,11.3247,11.4202,11.5218,11.6126,11.7098,11.7955,11.888,11.9684,12.0559,12.1308,12.2132,12.2823,12.3593,12.4225,12.4939,12.5511,12.6168,12.6679,12.7278,12.7729,12.8272,12.8665,12.9154,12.9493,12.9933,13.0224,13.0621,13.0869,13.1225,13.1425,13.1723,13.1844,13.2033,6.56046,-0.292281,-0.487864,-0.445055,-0.385118,-0.316738,-0.244966,-0.173691,-0.10374,-0.0339819,-0
-0,2.18347e-08,-2.78342e-07,-6.18258e-07,-9.83566e-07,-1.42342e-06,-1.85266e-06,-2.31812e-06,-2.6265e-06,-1.62334e-06,4.48804e-05,9.16926e-05,9.14257e-05,9.42051e-05,9.52274e-05,9.94293e-05,0.000101811,0.000107557,0.000111359,0.00011878,0.000124083,0.000133342,0.000140261,0.000151566,0.000160256,0.000173858,0.000184517,0.000200719,0.000213586,0.000232744,0.000248108,0.000270639,0.000288839,0.000315225,0.000336658,0.000367454,0.000392581,0.000428425,0.000457776,0.000499397,0.000533583,0.000581812,0.000621531,0.000677314,0.000723362,0.000787771,0.000841056,0.000915307,0.000976857,0.00106232,0.00113331,0.00123154,0.00131327,0.00142601,0.00151999,0.0016492,0.0017571,0.00190498,0.00202869,0.00219772,0.00233936,0.0025323,0.00269424,0.00291418,0.00309909,0.00334946,0.00356032,0.00384497,0.00408509,0.00440828,0.00468137,0.00504784,0.00535801,0.00577301,0.00612484,0.00659418,0.00699273,0.00752283,0.00797373,0.00857169,0.00908114,0.00975475,0.0103296,0.0110875,0.0117353,0.0125868,0.0133159,0.0142715,0.015091,0.0161618,0.0170818,0.0182804,0.0193117,0.0206515,0.0218063,0.0233019,0.0245932,0.0262607,0.0277028,0.0295596,0.031168,0.0332328,0.0350244,0.0373176,0.0393107,0.0418544,0.0440688,0.0468866,0.0493437,0.0524613,0.0551842,0.0586289,0.0616426,0.0654438,0.068775,0.0729643,0.0766418,0.0812529,0.0853074,0.0903763,0.0948408,0.100406,0.105315,0.111417,0.116809,0.123491,0.129406,0.136713,0.143193,0.151175,0.158263,0.16697,0.174716,0.184202,0.192655,0.202976,0.212189,0.223404,0.233432,0.245603,0.256505,0.269697,0.281532,0.295812,0.308645,0.324082,0.337979,0.354646,0.369676,0.387647,0.403881,0.423233,0.440745,0.461558,0.480424,0.502779,0.523077,0.547056,0.568867,0.594555,0.617961,0.645444,0.670528,0.699893,0.726742,0.758076,0.786775,0.820166,0.850803,0.886339,0.919002,0.956771,0.991547,1.03164,1.06861,1.11111,1.15037,1.19536,1.237,1.28455,1.32865,1.37885,1.4255,1.47842,1.52769,1.58341,1.63537,1.69397,1.7487,1.81022,1.86779,1.93229,1.99277,2.0603,2.12374,2.19435,2.26081,2.33454,2.40405,2.48092,2.55354,2.63357,2.70932,2.79251,2.87142,2.95778,3.03985,3.12938,3.21461,3.30727,3.39567,3.49144,3.58298,3.6818,3.77646,3.87827,3.97601,4.08075,4.1815,4.28908,4.39279,4.50311,4.60969,4.72265,4.832,4.94747,5.05949,5.17732,5.2919,5.41194,5.52893,5.65102,5.77027,5.89422,6.01558,6.14119,6.26448,6.39154,6.51657,6.64486,6.77142,6.90071,7.02858,7.15863,7.28758,7.41812,7.54791,7.67868,7.80906,7.93977,8.07047,8.20084,8.33159,8.46132,8.59183,8.72063,8.85061,8.97816,9.10731,9.2333,9.36131,9.48542,9.61199,9.73391,9.85871,9.97812,10.1008,10.2174,10.3377,10.4512,10.5688,10.6787,10.7933,10.8995,11.0107,11.1129,11.2204,11.3182,11.4218,11.5149,11.6142,11.7024,11.7972,11.8802,11.9702,12.0477,12.1326,12.2045,12.2841,12.3502,12.4242,12.4843,12.5526,12.6065,12.6691,12.7168,12.7736,12.8153,12.8664,12.9024,12.9483,12.9793,13.0209,13.0479,13.0864,13.1105,13.1462,13.1665,13.1959,13.2052,6.56202,-0.339989,-0.563085,-0.502283,-0.423475,-0.338403,-0.255524,-0.177395,-0.104634,-0.0353939,-0
-0,-1.37224e-07,-2.38272e-07,-5.7317e-07,-1.00273e-06,-1.49821e-06,-2.1263e-06,-2.7318e-06,-3.32209e-06,-2.03403e-06,4.57791e-05,9.12211e-05,9.33094e-05,9.3633e-05,9.70926e-05,9.87758e-05,0.000103751,0.000106849,0.00011345,0.000118019,0.000126384,0.000132515,0.000142826,0.000150655,0.00016314,0.000172841,0.00018778,0.000199573,0.000217294,0.000231444,0.000252337,0.000269158,0.000293672,0.000313534,0.000342188,0.00036552,0.000398913,0.000426212,0.000465028,0.000496866,0.000541885,0.000578917,0.00063103,0.000674004,0.000734222,0.000783992,0.00085346,0.000910995,0.000991009,0.00105741,0.00114943,0.00122594,0.00133163,0.00141965,0.00154085,0.00164198,0.00178078,0.0018968,0.00205554,0.00218845,0.00236976,0.00252182,0.00272861,0.00290234,0.00313789,0.00333612,0.00360407,0.00382994,0.00413435,0.00439138,0.00473676,0.00502886,0.0054202,0.00575173,0.00619457,0.00657034,0.00707081,0.00749618,0.00806103,0.00854192,0.0091786,0.00972155,0.0104383,0.0110505,0.0118563,0.0125457,0.0134504,0.0142258,0.0152403,0.0161112,0.0172474,0.0182243,0.019495,0.0205895,0.0220089,0.0232335,0.0248169,0.0261852,0.0279494,0.0294764,0.0314395,0.0331414,0.0353228,0.0372173,0.0396383,0.0417444,0.0444279,0.0467662,0.0497368,0.0523295,0.0556138,0.0584851,0.0621114,0.065287,0.069286,0.0727937,0.0771978,0.0810674,0.0859117,0.090175,0.0954964,0.100188,0.106026,0.111181,0.117578,0.123236,0.130236,0.136438,0.144088,0.150878,0.159228,0.166651,0.175754,0.183859,0.193769,0.202608,0.213383,0.22301,0.23471,0.245182,0.257871,0.269247,0.28299,0.295332,0.310199,0.323572,0.339632,0.354104,0.371432,0.387072,0.405743,0.422624,0.442716,0.460914,0.482507,0.502098,0.525275,0.546339,0.571183,0.593801,0.620397,0.644651,0.673086,0.699062,0.729422,0.757206,0.789579,0.819257,0.853731,0.885391,0.922054,0.955784,0.994723,1.03061,1.07191,1.11004,1.15379,1.19426,1.24053,1.28341,1.3323,1.37768,1.42926,1.47722,1.53155,1.58217,1.63934,1.6927,1.75276,1.80892,1.87193,1.93097,1.99699,2.05896,2.12803,2.19299,2.26516,2.33316,2.40845,2.47953,2.55798,2.63216,2.71378,2.79111,2.87589,2.95637,3.04432,3.12797,3.21906,3.30588,3.40008,3.49005,3.58734,3.68044,3.78075,3.87694,3.98021,4.07944,4.1856,4.28781,4.39676,4.50189,4.61352,4.72147,4.83567,4.94634,5.06298,5.17626,5.29518,5.41095,5.53199,5.6501,5.77309,5.89338,6.01813,6.14044,6.26675,6.39088,6.51853,6.6443,6.77307,6.90025,7.0299,7.15828,7.28854,7.41788,7.5485,7.67856,7.80927,7.93977,8.07028,8.20097,8.33099,8.46158,8.59081,8.72102,8.84916,8.97869,9.10542,9.23397,9.35898,9.48623,9.60921,9.73486,9.85549,9.97921,10.0972,10.2187,10.3336,10.4525,10.5642,10.6803,10.7883,10.9012,11.0053,11.1146,11.2145,11.3201,11.4155,11.5169,11.6075,11.7045,11.7901,11.8824,11.9626,12.05,12.1247,12.2068,12.2757,12.3524,12.4154,12.4864,12.5432,12.6083,12.6589,12.7181,12.7624,12.8157,12.8539,12.9016,12.9343,12.9772,13.0056,13.0453,13.0714,13.1102,13.1362,13.175,13.1983,13.2274,6.55796,-0.411721,-0.670963,-0.578441,-0.467124,-0.358499,-0.260739,-0.176063,-0.101761,-0.0326464,-0
-0,1.08178e-07,-1.43114e-07,-4.71611e-07,-9.05495e-07,-1.53544e-06,-2.31862e-06,-3.33039e-06,-4.22925e-06,-2.74605e-06,4.5446e-05,9.30988e-05,9.26951e-05,9.53822e-05,9.63322e-05,0.00010053,0.000102919,0.000108718,0.000112565,0.000120067,0.000125434,0.000134793,0.000141789,0.000153208,0.00016199,0.000175724,0.000186488,0.000202843,0.000215834,0.000235168,0.000250675,0.000273409,0.000291776,0.000318395,0.000340022,0.000371085,0.000396435,0.000432585,0.000462192,0.000504162,0.00053864,0.000587267,0.00062732,0.000683554,0.000729983,0.000794903,0.000848621,0.00092345,0.000985491,0.00107161,0.00114315,0.00124211,0.00132448,0.00143805,0.00153273,0.00166287,0.00177157,0.0019205,0.0020451,0.0022153,0.00235794,0.00255219,0.00271526,0.00293666,0.00312283,0.00337483,0.00358709,0.00387356,0.00411525,0.00444045,0.00471529,0.00508399,0.00539611,0.00581358,0.00616756,0.00663964,0.00704058,0.00757371,0.00802725,0.00862853,0.00914091,0.00981818,0.0103963,0.0111581,0.0118095,0.0126655,0.0133985,0.0143589,0.0151827,0.0162588,0.0171835,0.0183878,0.0194243,0.0207704,0.0219308,0.0234333,0.0247307,0.0264057,0.0278544,0.0297193,0.0313349,0.0334085,0.035208,0.0375107,0.0395123,0.0420662,0.0442898,0.0471186,0.0495857,0.052715,0.0554487,0.0589061,0.0619313,0.0657462,0.0690898,0.0732937,0.0769844,0.0816111,0.0856798,0.0907653,0.095245,0.100828,0.105753,0.111874,0.117283,0.123985,0.129918,0.137247,0.143745,0.151749,0.158859,0.167589,0.175357,0.184867,0.193343,0.203689,0.212926,0.224168,0.234222,0.246421,0.257349,0.27057,0.282433,0.296743,0.309605,0.325074,0.339001,0.3557,0.370761,0.388766,0.405032,0.42442,0.441965,0.462813,0.481713,0.504104,0.524437,0.548454,0.5703,0.596026,0.619469,0.64699,0.672112,0.701515,0.728401,0.759774,0.788512,0.821941,0.852617,0.888192,0.920893,0.958701,0.993515,1.03364,1.07066,1.11319,1.15249,1.19751,1.23919,1.28678,1.33091,1.38115,1.42783,1.48079,1.53009,1.58584,1.63784,1.69645,1.75122,1.81276,1.87036,1.93489,1.99539,2.06294,2.12641,2.19704,2.26351,2.33725,2.40679,2.48366,2.5563,2.63633,2.71209,2.79529,2.87419,2.96056,3.04263,3.13214,3.21738,3.31002,3.39842,3.49416,3.58569,3.68449,3.77913,3.88091,3.97862,4.08333,4.18405,4.29159,4.39526,4.50554,4.61207,4.72498,4.83429,4.94969,5.06166,5.17943,5.29394,5.41391,5.53084,5.65284,5.77203,5.89589,6.01717,6.14269,6.26589,6.39286,6.5178,6.64599,6.77245,6.90164,7.02941,7.15934,7.28818,7.41861,7.54829,7.67893,7.80919,7.93978,8.07036,8.2006,8.33122,8.46083,8.59121,8.71987,8.84972,8.97713,9.10614,9.23199,9.35987,9.48385,9.61027,9.73205,9.85672,9.97598,10.0986,10.215,10.3352,10.4485,10.5659,10.6758,10.7902,10.8963,11.0073,11.1093,11.2168,11.3144,11.4178,11.5108,11.61,11.6981,11.7927,11.8756,11.9654,12.0428,12.1275,12.1992,12.2785,12.3443,12.4181,12.4778,12.5456,12.599,12.6609,12.7079,12.7636,12.8042,12.8539,12.8883,12.9324,12.9616,13.0016,13.0277,13.0666,13.0939,13.1367,13.17,13.2181,13.2474,6.56185,-0.521427,-0.827899,-0.672072,-0.508938,-0.366906,-0.253355,-0.163946,-0.0922813,-0.0308257,-0
-0,-7.07582e-08,1.73917e-08,-2.39357e-07,-6.71476e-07,-1.34325e-06,-2.42733e-06,-3.88134e-06,-5.72012e-06,-3.83209e-06,4.62556e-05,9.25717e-05,9.44055e-05,9.45289e-05,9.79082e-05,9.95642e-05,0.00010457,0.000107706,0.000114375,0.000119,0.000127445,0.000133641,0.000144041,0.00015194,0.000164527,0.000174307,0.000189361,0.000201245,0.000219099,0.000233355,0.000254399,0.000271344,0.000296031,0.000316036,0.000344889,0.000368387,0.000402008,0.000429497,0.000468572,0.000500628,0.000545944,0.000583225,0.000635675,0.000678934,0.000739534,0.000789627,0.000859528,0.00091743,0.000997933,0.00106475,0.00115733,0.00123431,0.00134061,0.00142917,0.00155107,0.00165279,0.00179238,0.00190907,0.00206869,0.00220236,0.00238465,0.00253755,0.00274545,0.00292013,0.00315691,0.00335619,0.00362551,0.00385256,0.0041585,0.00441684,0.00476391,0.00505748,0.00545069,0.00578384,0.00622875,0.00660634,0.00710909,0.00753646,0.00810383,0.00858694,0.0092264,0.0097718,0.0104916,0.0111065,0.0119156,0.012608,0.0135164,0.0142951,0.0153136,0.0161881,0.0173286,0.0183095,0.019585,0.0206837,0.0221084,0.0233376,0.0249267,0.0263002,0.0280705,0.0296031,0.0315728,0.0332807,0.0354694,0.0373704,0.0397992,0.0419123,0.0446043,0.0469502,0.0499299,0.0525309,0.0558249,0.058705,0.0623418,0.0655269,0.0695371,0.073055,0.0774712,0.0813517,0.0862087,0.0904837,0.0958188,0.100522,0.106375,0.111544,0.117956,0.123628,0.130644,0.136861,0.144529,0.151334,0.159702,0.167142,0.176264,0.184387,0.194317,0.203175,0.213971,0.223617,0.23534,0.245832,0.258544,0.269941,0.283708,0.296072,0.310964,0.32436,0.340446,0.354942,0.372296,0.387961,0.406659,0.423567,0.443687,0.461911,0.483533,0.503152,0.526358,0.54745,0.572324,0.59497,0.621596,0.645881,0.674345,0.700352,0.730742,0.758556,0.79096,0.820669,0.855174,0.886865,0.923558,0.957319,0.996288,1.03221,1.07354,1.1117,1.15548,1.19597,1.24228,1.28519,1.3341,1.37951,1.43111,1.4791,1.53346,1.58411,1.6413,1.69468,1.75476,1.81094,1.87398,1.93303,1.99907,2.06106,2.13015,2.19512,2.26731,2.33532,2.41063,2.48171,2.56016,2.63436,2.71598,2.79331,2.87809,2.95858,3.04652,3.13017,3.22125,3.30807,3.40226,3.49222,3.58949,3.68258,3.78286,3.87904,3.98228,4.0815,4.18762,4.28981,4.39872,4.50382,4.61541,4.72333,4.83748,4.94811,5.06469,5.17794,5.2968,5.41252,5.5335,5.65155,5.77448,5.89471,6.01939,6.14163,6.26787,6.39193,6.51951,6.6452,6.77388,6.90099,7.03055,7.15885,7.28902,7.41827,7.5488,7.67876,7.80937,7.93978,8.07019,8.20078,8.3307,8.46119,8.59032,8.72042,8.84845,8.97787,9.1045,9.23293,9.35784,9.48498,9.60785,9.73338,9.8539,9.97751,10.0954,10.2167,10.3316,10.4504,10.562,10.6779,10.7858,10.8986,11.0026,11.1118,11.2116,11.3171,11.4123,11.5137,11.6042,11.7011,11.7865,11.8787,11.9588,12.046,12.1206,12.2025,12.2712,12.3477,12.4103,12.4809,12.5373,12.6019,12.6517,12.7101,12.7532,12.8052,12.8417,12.8874,12.9176,12.9578,12.9832,13.0203,13.0449,13.085,13.1179,13.1735,13.2275,13.2984,6.56021,-0.701625,-1.05651,-0.774239,-0.528483,-0.347511,-0.22124,-0.134395,-0.072371,-0.0220211,-0
-0,2.971e-07,2.68822e-07,1.4925e-07,-1.62106e-07,-8.25468e-07,-2.04751e-06,-4.28648e-06,-7.67732e-06,-5.96433e-06,4.57337e-05,9.45564e-05,9.35199e-05,9.59205e-05,9.67755e-05,0.000100984,0.000103415,0.00010928,0.000113187,0.000120761,0.000126186,0.000135616,0.000142669,0.000154162,0.000163003,0.000176819,0.000187649,0.000204095,0.00021716,0.0002366,0.000252193,0.000275048,0.000293514,0.000320271,0.000342012,0.000373234,0.000398715,0.000435047,0.000464805,0.000506981,0.000541633,0.000590495,0.000630746,0.000687246,0.000733901,0.000799124,0.000853097,0.000928268,0.0009906,0.0010771,0.00114897,0.00124837,0.00133111,0.00144517,0.00154027,0.00167096,0.00178013,0.00192968,0.00205481,0.0022257,0.00236894,0.00256396,0.00272769,0.00294995,0.00313687,0.00338984,0.00360293,0.00389046,0.00413308,0.00445948,0.00473535,0.00510537,0.00541863,0.00583757,0.00619283,0.00666652,0.00706888,0.00760379,0.0080589,0.00866215,0.00917625,0.00985569,0.0104357,0.0111999,0.0118534,0.012712,0.0134473,0.0144105,0.0152369,0.0163162,0.0172436,0.0184514,0.0194909,0.0208407,0.0220044,0.023511,0.024812,0.0264914,0.027944,0.0298137,0.0314336,0.0335124,0.0353165,0.0376248,0.0396314,0.0421914,0.0444204,0.0472558,0.0497287,0.0528651,0.0556051,0.0590699,0.062102,0.0659249,0.0692758,0.0734883,0.0771869,0.0818228,0.0858999,0.0909952,0.0954838,0.101077,0.106012,0.112144,0.117563,0.124277,0.130221,0.137562,0.144072,0.152089,0.159211,0.167954,0.175735,0.18526,0.193749,0.204111,0.213362,0.22462,0.234688,0.246904,0.257848,0.271086,0.282966,0.297294,0.310173,0.32566,0.339605,0.356323,0.371403,0.389427,0.405713,0.42512,0.442685,0.463554,0.482474,0.504887,0.525241,0.549279,0.571147,0.596895,0.620359,0.647903,0.673047,0.702473,0.729382,0.760777,0.789537,0.82299,0.853688,0.889286,0.92201,0.95984,0.994678,1.03483,1.07187,1.11442,1.15374,1.19878,1.24048,1.28809,1.33225,1.38251,1.42921,1.48219,1.5315,1.58728,1.63929,1.69792,1.7527,1.81426,1.87188,1.93642,1.99694,2.0645,2.12798,2.19862,2.26511,2.33886,2.4084,2.48528,2.55792,2.63796,2.71372,2.79692,2.87583,2.96219,3.04427,3.13378,3.21901,3.31165,3.40004,3.49577,3.58729,3.68607,3.7807,3.88247,3.98016,4.08485,4.18555,4.29307,4.39672,4.50697,4.61348,4.72635,4.83563,4.951,5.06294,5.18067,5.29515,5.41507,5.53196,5.65392,5.77306,5.89687,6.01811,6.14358,6.26673,6.39364,6.51852,6.64666,6.77306,6.90218,7.02989,7.15976,7.28854,7.4189,7.54851,7.67908,7.80928,7.93979,8.0703,8.20046,8.33101,8.46053,8.59084,8.71942,8.84919,8.97652,9.10546,9.23123,9.35902,9.48291,9.60926,9.73096,9.85554,9.97472,10.0972,10.2136,10.3337,10.4469,10.5643,10.674,10.7884,10.8943,11.0053,11.1073,11.2146,11.3121,11.4155,11.5084,11.6075,11.6955,11.79,11.8728,11.9625,12.0398,12.1244,12.1959,12.2751,12.3407,12.4141,12.4735,12.5409,12.5938,12.6549,12.701,12.7555,12.7946,12.8423,12.8743,12.9152,12.9406,12.9759,12.9968,13.0305,13.0544,13.0996,13.1493,13.2436,13.3665,6.55224,-1.02461,-1.3826,-0.838129,-0.484216,-0.272611,-0.150113,-0.0797033,-0.0388892,-0.0129628,-0
-0,1.00057e-07,6.23495e-07,7.26712e-07,6.83294e-07,2.95045e-07,-7.80798e-07,-3.33395e-06,-9.70891e-06,-1.00437e-05,4.52675e-05,9.4323e-05,9.46547e-05,9.44987e-05,9.78926e-05,9.96368e-05,0.00010474,0.000107962,0.000114709,0.000119397,0.000127905,0.000134149,0.000144604,0.000152546,0.000165187,0.000175011,0.000190123,0.000202054,0.000219973,0.000234282,0.000255399,0.000272405,0.000297177,0.000317252,0.000346202,0.00036978,0.000403511,0.000431093,0.000470295,0.000502457,0.000547917,0.000585319,0.000637933,0.00068133,0.000742115,0.000792365,0.000862477,0.000920557,0.0010013,0.00106832,0.00116116,0.00123837,0.00134498,0.00143379,0.00155603,0.00165805,0.00179801,0.00191503,0.00207508,0.00220912,0.00239188,0.0025452,0.00275363,0.00292877,0.00316614,0.00336594,0.00363593,0.00386355,0.00417022,0.00442921,0.0047771,0.00507138,0.0054655,0.00579944,0.00624536,0.00662382,0.00712768,0.00755603,0.00812463,0.0086088,0.00924962,0.0097962,0.0105175,0.0111337,0.0119445,0.0126383,0.0135485,0.0143287,0.0153492,0.0162254,0.0173681,0.0183508,0.0196287,0.0207295,0.0221567,0.0233882,0.0249801,0.026356,0.0281293,0.0296646,0.0316375,0.0333484,0.0355406,0.0374447,0.0398774,0.0419939,0.0446899,0.0470395,0.0500237,0.0526286,0.0559274,0.0588118,0.0624537,0.0656434,0.069659,0.0731819,0.0776038,0.0814897,0.0863529,0.0906336,0.0959752,0.100685,0.106545,0.11172,0.118139,0.123818,0.130843,0.137067,0.144743,0.151556,0.159933,0.167381,0.176512,0.184643,0.194583,0.20345,0.214256,0.223912,0.235645,0.246147,0.25887,0.270278,0.284056,0.296432,0.311335,0.324742,0.340841,0.355348,0.372715,0.388393,0.407104,0.424024,0.444158,0.462395,0.484031,0.503663,0.526883,0.547989,0.572877,0.595538,0.622178,0.646477,0.674956,0.700977,0.731383,0.759212,0.79163,0.821354,0.855874,0.887579,0.924288,0.958063,0.997047,1.03298,1.07433,1.1125,1.15629,1.1968,1.24312,1.28605,1.33497,1.3804,1.43201,1.48001,1.53438,1.58504,1.64225,1.69564,1.75573,1.81193,1.87497,1.93403,2.00008,2.06208,2.13118,2.19616,2.26835,2.33637,2.41168,2.48277,2.56123,2.63543,2.71704,2.79438,2.87916,2.95965,3.04759,3.13124,3.22232,3.30913,3.40332,3.49328,3.59053,3.68361,3.78389,3.88006,3.98329,4.08249,4.1886,4.29078,4.39967,4.50476,4.61632,4.72423,4.83836,4.94897,5.06553,5.17875,5.29758,5.41328,5.53423,5.65226,5.77515,5.89535,6.02,6.14221,6.26841,6.39244,6.51998,6.64564,6.77428,6.90135,7.03086,7.15912,7.28925,7.41846,7.54894,7.67886,7.80942,7.93979,8.07015,8.20069,8.33056,8.461,8.59007,8.72013,8.84811,8.97748,9.10405,9.23243,9.35728,9.48437,9.60719,9.73267,9.85313,9.97669,10.0945,10.2158,10.3306,10.4494,10.5609,10.6767,10.7846,10.8973,11.0013,11.1105,11.2102,11.3156,11.4108,11.5121,11.6025,11.6994,11.7847,11.8769,11.9569,12.044,12.1185,12.2003,12.2689,12.3451,12.4075,12.4779,12.5338,12.598,12.6471,12.7046,12.7466,12.797,12.8314,12.8742,12.9007,12.9358,12.9547,12.9833,12.9974,13.0256,13.048,13.1037,13.2019,13.499,6.37159,-1.67166,-1.6873,-0.712989,-0.296528,-0.109116,-0.0265356,0.00442393,0.00958441,0.00522211,-0
-0,6.00814e-07,1.03996e-06,1.48838e-06,1.84712e-06,2.11252e-06,2.00664e-06,1.23229e-06,-1.0737e-06,-6.39123e-06,3.46743e-05,8.53716e-05,9.06037e-05,9.43043e-05,9.57651e-05,0.000100325,0.000103007,0.000109037,0.000113066,0.000120723,0.00012621,0.000135686,0.000142774,0.000154298,0.000163161,0.000177,0.000187847,0.000204315,0.000217396,0.000236857,0.000252468,0.000275345,0.000293831,0.000320614,0.000342376,0.000373628,0.000399134,0.000435499,0.000465285,0.0005075,0.000542184,0.000591089,0.000631377,0.000687927,0.000734624,0.000799903,0.000853924,0.000929159,0.000991545,0.00107812,0.00115005,0.00124953,0.00133234,0.00144649,0.00154167,0.00167247,0.00178172,0.00193139,0.00205662,0.00222764,0.00237099,0.00256615,0.00273001,0.00295243,0.00313949,0.00339264,0.00360589,0.00389363,0.00413642,0.00446304,0.0047391,0.00510938,0.00542286,0.00584207,0.00619757,0.00667157,0.0070742,0.00760944,0.00806485,0.00866847,0.0091829,0.00986276,0.0104431,0.0112078,0.0118617,0.0127208,0.0134565,0.0144203,0.0152471,0.016327,0.017255,0.0184634,0.0195035,0.020854,0.0220183,0.0235257,0.0248274,0.0265076,0.027961,0.0298316,0.0314523,0.0335321,0.0353371,0.0376465,0.0396541,0.0422152,0.0444453,0.0472819,0.049756,0.0528936,0.0556349,0.0591012,0.0621346,0.065959,0.0693113,0.0735255,0.0772256,0.0818633,0.085942,0.0910392,0.0955295,0.101125,0.106062,0.112196,0.117617,0.124333,0.130279,0.137622,0.144135,0.152154,0.159278,0.168025,0.175808,0.185335,0.193827,0.204192,0.213446,0.224707,0.234778,0.246997,0.257944,0.271186,0.283068,0.2974,0.310282,0.325773,0.339721,0.356444,0.371527,0.389555,0.405844,0.425256,0.442824,0.463698,0.482622,0.505039,0.525396,0.549439,0.571311,0.597064,0.620532,0.64808,0.673228,0.702659,0.729572,0.760972,0.789736,0.823194,0.853896,0.889499,0.922227,0.960062,0.994904,1.03506,1.0721,1.11466,1.15399,1.19903,1.24074,1.28835,1.33251,1.38277,1.42947,1.48246,1.53178,1.58756,1.63957,1.69821,1.753,1.81456,1.87218,1.93672,1.99724,2.06481,2.12829,2.19893,2.26542,2.33917,2.40872,2.4856,2.55824,2.63828,2.71404,2.79724,2.87616,2.96251,3.04459,3.1341,3.21933,3.31197,3.40035,3.49608,3.58761,3.68638,3.78101,3.88278,3.98047,4.08515,4.18585,4.29336,4.39701,4.50725,4.61376,4.72662,4.8359,4.95126,5.0632,5.18091,5.29539,5.4153,5.53218,5.65413,5.77327,5.89707,6.0183,6.14375,6.2669,6.3938,6.51867,6.64679,6.77318,6.90229,7.02999,7.15984,7.28861,7.41895,7.54856,7.67911,7.80929,7.93979,8.07029,8.20044,8.33097,8.46048,8.59077,8.71933,8.84909,8.9764,9.10532,9.23108,9.35886,9.48273,9.60906,9.73074,9.85531,9.97447,10.097,10.2133,10.3334,10.4466,10.5639,10.6737,10.788,10.894,11.0049,11.1068,11.2142,11.3117,11.415,11.5079,11.607,11.6949,11.7895,11.8722,11.9618,12.0391,12.1236,12.1951,12.2741,12.3395,12.4128,12.4719,12.5389,12.5912,12.6516,12.6966,12.7497,12.7867,12.8314,12.8592,12.8943,12.9113,12.9347,12.9386,12.9479,12.9365,12.9292,12.8941,12.7967,12.0232,4.82643,-1.17454,-0.398024,-0.0283682,0.119652,0.159485,0.148593,0.114363,0.070134,0.0218443,-0
-0,3.50968e-07,1.50418e-06,2.27533e-06,3.20656e-06,4.21023e-06,5.57105e-06,7.28246e-06,1.04963e-05,1.76371e-05,4.02123e-05,6.4883e-05,7.87654e-05,8.52957e-05,9.21124e-05,9.60231e-05,0.000102424,0.000106555,0.000113884,0.000118992,0.000127783,0.000134234,0.000144842,0.000152896,0.000165632,0.000175528,0.000190712,0.0002027,0.000220685,0.000235047,0.000256232,0.000273293,0.000298139,0.000318275,0.000347309,0.000370956,0.000404782,0.000432442,0.000471752,0.000504004,0.000549586,0.000587091,0.000639844,0.000683358,0.000744301,0.000794685,0.000864975,0.000923206,0.00100415,0.00107134,0.00116441,0.00124181,0.00134868,0.00143771,0.00156024,0.0016625,0.00180279,0.00192009,0.0020805,0.00221485,0.00239802,0.00255169,0.00276057,0.0029361,0.00317399,0.00337422,0.00364477,0.00387289,0.00418019,0.00443972,0.00478831,0.0050832,0.00547809,0.00581271,0.00625948,0.00663869,0.0071435,0.00757268,0.00814232,0.00862741,0.00926938,0.00981697,0.0105395,0.0111568,0.011969,0.0126641,0.0135758,0.0143573,0.0153795,0.0162572,0.0174017,0.0183861,0.0196659,0.0207685,0.0221979,0.0234313,0.0250256,0.0264035,0.0281795,0.029717,0.0316927,0.0334061,0.0356013,0.0375081,0.0399441,0.0420635,0.0447631,0.0471158,0.0501037,0.0527121,0.0560149,0.058903,0.0625493,0.0657429,0.0697632,0.0732903,0.0777172,0.0816076,0.0864761,0.0907617,0.096109,0.100824,0.10669,0.11187,0.118296,0.123981,0.131012,0.137243,0.144926,0.151745,0.16013,0.167585,0.176724,0.184863,0.194811,0.203685,0.2145,0.224164,0.235906,0.246417,0.25915,0.270566,0.284355,0.296739,0.311653,0.32507,0.341179,0.355697,0.373075,0.388763,0.407486,0.424417,0.444562,0.46281,0.484458,0.504102,0.527334,0.548452,0.573352,0.596025,0.622678,0.646989,0.675481,0.701514,0.731932,0.759774,0.792206,0.821942,0.856475,0.888193,0.924914,0.958703,0.997699,1.03364,1.075,1.11319,1.157,1.19752,1.24385,1.28678,1.33572,1.38116,1.43278,1.4808,1.53518,1.58585,1.64306,1.69646,1.75657,1.81277,1.87582,1.9349,2.00095,2.06296,2.13206,2.19705,2.26925,2.33727,2.41258,2.48368,2.56214,2.63635,2.71796,2.7953,2.88008,2.96058,3.04851,3.13216,3.22323,3.31004,3.40423,3.49418,3.59143,3.68451,3.78478,3.88093,3.98416,4.08335,4.18944,4.29161,4.40049,4.50556,4.61712,4.725,4.83911,4.94971,5.06625,5.17945,5.29826,5.41394,5.53486,5.65287,5.77573,5.89591,6.02053,6.14271,6.26888,6.39288,6.52039,6.64601,6.77462,6.90166,7.03113,7.15936,7.28945,7.41863,7.54907,7.67895,7.80947,7.9398,8.07011,8.20062,8.33044,8.46084,8.58987,8.71988,8.84781,8.97714,9.10366,9.232,9.3568,9.48385,9.60662,9.73205,9.85247,9.97598,10.0937,10.215,10.3297,10.4485,10.5599,10.6757,10.7836,10.8962,11.0001,11.1093,11.209,11.3143,11.4095,11.5107,11.601,11.6978,11.7831,11.8751,11.955,12.0419,12.1161,12.1977,12.2658,12.3414,12.403,12.4723,12.5266,12.5885,12.6345,12.6874,12.7229,12.7639,12.7849,12.8084,12.807,12.8014,12.7611,12.7025,12.5876,12.4198,12.1357,11.6791,10.8335,9.1255,5.52386,2.33651,1.29905,0.877803,0.64379,0.479069,0.346756,0.234487,0.134607,0.0451129,-0
-0,9.10098e-07,1.87822e-06,3.03093e-06,4.35099e-06,6.19093e-06,8.53597e-06,1.22473e-05,1.76677e-05,2.72515e-05,4.1825e-05,5.89659e-05,7.06969e-05,8.09498e-05,8.72073e-05,9.47479e-05,9.95408e-05,0.000106915,0.000111914,0.000120213,0.000126169,0.000135977,0.000143311,0.00015503,0.000164041,0.00017802,0.000188976,0.000205566,0.000218744,0.000238327,0.000254036,0.000277045,0.000295638,0.000322569,0.000344453,0.000375872,0.000401516,0.000438071,0.000468016,0.000510447,0.000545312,0.000594463,0.000634957,0.000691786,0.000738718,0.000804313,0.000858602,0.000934194,0.000996883,0.00108386,0.00115614,0.00125607,0.00133926,0.00145393,0.00154954,0.00168092,0.00179066,0.00194097,0.00206675,0.0022385,0.00238247,0.00257844,0.00274299,0.00296632,0.00315415,0.0034083,0.00362242,0.00391128,0.00415504,0.0044829,0.00476004,0.00513169,0.00544637,0.00586711,0.00622394,0.00669962,0.00710372,0.00764083,0.00809787,0.00870354,0.00921977,0.00990189,0.0104842,0.0112514,0.0119075,0.0127693,0.0135074,0.0144742,0.0153036,0.0163868,0.0173176,0.0185296,0.0195729,0.0209273,0.0220951,0.0236066,0.0249121,0.026597,0.0280545,0.02993,0.0315552,0.0336404,0.0354502,0.0377654,0.0397783,0.0423456,0.0445814,0.0474248,0.049905,0.0530499,0.0557978,0.0592719,0.0623124,0.0661452,0.0695051,0.0737283,0.0774365,0.0820838,0.0861712,0.0912786,0.0957783,0.101384,0.106331,0.112477,0.117909,0.124637,0.130594,0.13795,0.144475,0.152508,0.159644,0.168405,0.176202,0.185744,0.19425,0.204631,0.2139,0.225177,0.235264,0.2475,0.258463,0.271723,0.283622,0.297973,0.310873,0.326383,0.34035,0.357092,0.372194,0.390243,0.406552,0.425985,0.443574,0.464469,0.483414,0.505853,0.526233,0.550298,0.572192,0.597968,0.621458,0.64903,0.674201,0.703655,0.730592,0.762015,0.790803,0.824284,0.855011,0.890636,0.923389,0.961247,0.996112,1.03629,1.07336,1.11594,1.15529,1.20036,1.24208,1.28972,1.3339,1.38418,1.43091,1.48391,1.53325,1.58905,1.64108,1.69974,1.75454,1.81612,1.87376,1.93831,1.99885,2.06643,2.12992,2.20058,2.26708,2.34084,2.41039,2.48728,2.55993,2.63997,2.71574,2.79894,2.87786,2.96422,3.04629,3.13579,3.22102,3.31365,3.40204,3.49775,3.58927,3.68803,3.78265,3.88439,3.98207,4.08673,4.18741,4.2949,4.39852,4.50874,4.61522,4.72805,4.8373,4.95262,5.06452,5.1822,5.29664,5.41651,5.53335,5.65525,5.77434,5.89809,6.01927,6.14467,6.26776,6.3946,6.51942,6.64748,6.77381,6.90286,7.03049,7.16028,7.28898,7.41925,7.54878,7.67927,7.80938,7.9398,8.07022,8.20029,8.33074,8.46017,8.59038,8.71887,8.84854,8.97577,9.10461,9.23028,9.35797,9.48176,9.60801,9.7296,9.85408,9.97316,10.0956,10.2118,10.3318,10.4449,10.5622,10.6718,10.7861,10.892,11.0028,11.1047,11.2119,11.3093,11.4126,11.5053,11.6043,11.6921,11.7865,11.869,11.9584,12.0354,12.1195,12.1905,12.2688,12.3333,12.4053,12.4626,12.5271,12.5759,12.6313,12.6691,12.7119,12.7342,12.7578,12.7551,12.7458,12.6986,12.6281,12.4951,12.3023,11.9921,11.5363,10.8274,9.75192,8.10123,5.81679,3.69254,2.38218,1.59484,1.09975,0.765213,0.525472,0.341725,0.191953,0.0599315,-0
-0,5.42775e-07,2.17388e-06,3.4838e-06,5.22547e-06,7.38766e-06,1.06279e-05,1.49488e-05,2.17012e-05,3.06382e-05,4.33056e-05,5.57767e-05,6.82146e-05,7.69351e-05,8.60494e-05,9.19712e-05,9.97519e-05,0.000104918,0.000112931,0.00011854,0.000127671,0.000134372,0.000145164,0.000153356,0.000166207,0.000176191,0.000191464,0.000203522,0.000221588,0.000236016,0.000257286,0.000274416,0.000299355,0.000319568,0.000348706,0.00037244,0.000406384,0.000434144,0.000473589,0.000505954,0.00055169,0.000589323,0.000642251,0.000685912,0.000747054,0.000797604,0.000868118,0.00092654,0.00100774,0.00107514,0.0011685,0.00124614,0.00135333,0.00144264,0.00156553,0.0016681,0.0018088,0.00192644,0.00208731,0.00222205,0.00240573,0.00255983,0.00276929,0.00294531,0.00318382,0.00338461,0.00365587,0.00388459,0.00419268,0.00445289,0.00480235,0.005098,0.00549386,0.00582932,0.00627716,0.0066573,0.00716329,0.0075935,0.00816445,0.00865069,0.00929409,0.00984294,0.0105671,0.0111858,0.0119997,0.0126963,0.0136099,0.0143931,0.0154174,0.0162969,0.0174437,0.0184301,0.0197124,0.0208172,0.0222493,0.0234851,0.0250823,0.0264629,0.028242,0.0297824,0.0317616,0.033478,0.035677,0.0375872,0.0400271,0.0421502,0.0448541,0.0472108,0.0502034,0.052816,0.0561239,0.0590165,0.0626682,0.0658667,0.0698928,0.0734252,0.0778583,0.0817543,0.0866294,0.090921,0.0962753,0.100997,0.10687,0.112057,0.118491,0.124183,0.131223,0.137461,0.145153,0.151981,0.160374,0.167838,0.176987,0.185135,0.195093,0.203977,0.214803,0.224477,0.236231,0.246752,0.259496,0.270924,0.284725,0.297121,0.312047,0.325476,0.341598,0.356129,0.37352,0.389221,0.407958,0.424902,0.445062,0.463324,0.484987,0.504644,0.527892,0.549024,0.573939,0.596627,0.623296,0.647622,0.67613,0.702179,0.732612,0.76047,0.792917,0.822669,0.857217,0.888952,0.925689,0.959493,0.998505,1.03447,1.07584,1.11404,1.15786,1.1984,1.24475,1.2877,1.33665,1.3821,1.43374,1.48177,1.53616,1.58685,1.64407,1.69748,1.7576,1.81381,1.87688,1.93596,2.00202,2.06404,2.13315,2.19815,2.27035,2.33838,2.4137,2.4848,2.56327,2.63748,2.71909,2.79644,2.88122,2.96171,3.04964,3.13329,3.22436,3.31117,3.40535,3.4953,3.59254,3.68561,3.78586,3.88201,3.98522,4.08441,4.19048,4.29264,4.4015,4.50656,4.61809,4.72596,4.84004,4.95062,5.06713,5.18031,5.29909,5.41474,5.53564,5.65361,5.77645,5.8966,6.02118,6.14333,6.26946,6.39343,6.52089,6.64647,6.77504,6.90204,7.03147,7.15965,7.28969,7.41883,7.54922,7.67905,7.80952,7.9398,8.07006,8.20052,8.33029,8.46064,8.58961,8.71957,8.84744,8.97672,9.10318,9.23147,9.35621,9.4832,9.60591,9.73129,9.85165,9.9751,10.0928,10.214,10.3287,10.4474,10.5587,10.6745,10.7823,10.8949,10.9987,11.1078,11.2075,11.3127,11.4078,11.5089,11.5992,11.6959,11.7811,11.8729,11.9527,12.0394,12.1133,12.1945,12.2621,12.3371,12.3977,12.4656,12.5181,12.5773,12.6195,12.667,12.6949,12.7248,12.7298,12.7301,12.6953,12.641,12.5303,12.3693,12.1075,11.7311,11.1644,10.3614,9.22402,7.72505,5.93669,4.24119,2.93707,2.02241,1.39276,0.957896,0.647052,0.415579,0.231141,0.075552,-0
-0,1.04184e-06,2.24173e-06,3.7049e-06,5.44383e-06,7.93391e-06,1.11573e-05,1.60873e-05,2.25636e-05,3.2078e-05,4.30125e-05,5.58649e-05,6.63555e-05,7.69786e-05,8.42087e-05,9.26084e-05,9.81337e-05,0.000106013,0.000111392,0.000119946,0.000126089,0.000136029,0.000143459,0.000155254,0.000164321,0.000178351,0.000189346,0.000205978,0.00021919,0.000238815,0.000254558,0.000277612,0.000296241,0.000323221,0.000345146,0.00037662,0.000402311,0.000438929,0.000468927,0.00051143,0.000546356,0.000595588,0.000636152,0.000693074,0.000740084,0.000805784,0.000860162,0.000935873,0.000998664,0.00108578,0.00115816,0.00125825,0.00134157,0.00145641,0.00155217,0.00168373,0.00179364,0.00194417,0.00207014,0.00224212,0.0023863,0.00258254,0.00274733,0.00297095,0.00315904,0.00341353,0.00362794,0.00391716,0.00416125,0.00448953,0.00476703,0.00513914,0.00545421,0.00587546,0.00623273,0.00670898,0.00711357,0.0076513,0.00810888,0.00871524,0.00923207,0.00991494,0.0104979,0.011266,0.0119228,0.0127854,0.0135244,0.0144922,0.0153225,0.0164067,0.0173386,0.0185517,0.0195961,0.0209517,0.0221207,0.0236337,0.0249404,0.0266267,0.0280856,0.0299628,0.0315895,0.0336765,0.0354879,0.0378051,0.0398197,0.0423891,0.0446268,0.0474724,0.0499547,0.0531021,0.0558521,0.0593288,0.0623717,0.0662073,0.0695698,0.0737959,0.0775069,0.0821573,0.0862477,0.0913585,0.0958613,0.101471,0.106421,0.11257,0.118006,0.124738,0.130699,0.138059,0.144588,0.152626,0.159766,0.168532,0.176333,0.185881,0.194391,0.204777,0.214051,0.225334,0.235426,0.247668,0.258636,0.271902,0.283807,0.298163,0.31107,0.326586,0.340559,0.357308,0.372417,0.390473,0.406788,0.426228,0.443823,0.464726,0.483678,0.506125,0.526511,0.550584,0.572486,0.598269,0.621767,0.649346,0.674525,0.703987,0.730931,0.762363,0.791159,0.824648,0.855382,0.891016,0.923776,0.961642,0.996515,1.0367,1.07377,1.11636,1.15572,1.2008,1.24253,1.29017,1.33437,1.38465,1.43138,1.48439,1.53374,1.58954,1.64159,1.70025,1.75506,1.81664,1.87428,1.93884,1.99939,2.06697,2.13047,2.20112,2.26763,2.34139,2.41095,2.48784,2.5605,2.64054,2.71631,2.79951,2.87843,2.96478,3.04686,3.13636,3.22159,3.31421,3.4026,3.49831,3.58982,3.68858,3.78319,3.88493,3.9826,4.08725,4.18793,4.29541,4.39903,4.50923,4.6157,4.72853,4.83776,4.95307,5.06497,5.18263,5.29706,5.41691,5.53374,5.65562,5.7747,5.89843,6.0196,6.14498,6.26805,6.39487,6.51967,6.64771,6.77402,6.90305,7.03066,7.16042,7.28911,7.41935,7.54886,7.67932,7.8094,7.9398,8.07019,8.20024,8.33067,8.46007,8.59026,8.71871,8.84836,8.97556,9.10437,9.23001,9.35768,9.48144,9.60765,9.72922,9.85367,9.97272,10.0951,10.2113,10.3313,10.4444,10.5616,10.6712,10.7854,10.8913,11.0021,11.1039,11.2111,11.3085,11.4117,11.5045,11.6034,11.6911,11.7854,11.8679,11.9573,12.0341,12.1181,12.1889,12.2669,12.3311,12.4025,12.4591,12.5227,12.57,12.6234,12.6583,12.697,12.7133,12.7283,12.7132,12.6859,12.6126,12.5045,12.3175,12.0484,11.6347,11.0487,10.2069,9.07404,7.62122,5.97423,4.38913,3.10766,2.16053,1.49345,1.02446,0.690392,0.441498,0.245211,0.076538,-0
-0,5.42775e-07,2.17388e-06,3.4838e-06,5.22547e-06,7.38766e-06,1.06279e-05,1.49488e-05,2.17012e-05,3.06382e-05,4.33056e-05,5.57767e-05,6.82146e-05,7.69351e-05,8.60494e-05,9.19712e-05,9.97519e-05,0.000104918,0.000112931,0.00011854,0.000127671,0.000134372,0.000145164,0.000153356,0.000166207,0.000176191,0.000191464,0.000203522,0.000221588,0.000236016,0.000257286,0.000274416,0.000299355,0.000319568,0.000348706,0.00037244,0.000406384,0.000434144,0.000473589,0.000505954,0.00055169,0.000589323,0.000642251,0.000685912,0.000747054,0.000797604,0.000868118,0.00092654,0.00100774,0.00107514,0.0011685,0.00124614,0.00135333,0.00144264,0.00156553,0.0016681,0.0018088,0.00192644,0.00208731,0.00222205,0.00240573,0.00255983,0.00276929,0.00294531,0.00318382,0.00338461,0.00365587,0.00388459,0.00419268,0.00445289,0.00480235,0.005098,0.00549386,0.00582932,0.00627716,0.0066573,0.00716329,0.0075935,0.00816445,0.00865069,0.00929409,0.00984294,0.0105671,0.0111858,0.0119997,0.0126963,0.0136099,0.0143931,0.0154174,0.0162969,0.0174437,0.0184301,0.0197124,0.0208172,0.0222493,0.0234851,0.0250823,0.0264629,0.028242,0.0297824,0.0317616,0.033478,0.035677,0.0375872,0.0400271,0.0421502,0.0448541,0.0472108,0.0502034,0.052816,0.0561239,0.0590165,0.0626682,0.0658667,0.0698928,0.0734252,0.0778583,0.0817543,0.0866294,0.090921,0.0962753,0.100997,0.10687,0.112057,0.118491,0.124183,0.131223,0.137461,0.145153,0.151981,0.160374,0.167838,0.176987,0.185135,0.195093,0.203977,0.214803,0.224477,0.236231,0.246752,0.259496,0.270924,0.284725,0.297121,0.312047,0.325476,0.341598,0.356129,0.37352,0.389221,0.407958,0.424902,0.445062,0.463324,0.484987,0.504644,0.527892,0.549024,0.573939,0.596627,0.623296,0.647622,0.67613,0.702179,0.732612,0.76047,0.792917,0.822669,0.857217,0.888952,0.925689,0.959493,0.998505,1.03447,1.07584,1.11404,1.15786,1.1984,1.24475,1.2877,1.33665,1.3821,1.43374,1.48177,1.53616,1.58685,1.64407,1.69748,1.7576,1.81381,1.87688,1.93596,2.00202,2.06404,2.13315,2.19815,2.27035,2.33838,2.4137,2.4848,2.56327,2.63748,2.71909,2.79644,2.88122,2.96171,3.04964,3.13329,3.22436,3.31117,3.40535,3.4953,3.59254,3.68561,3.78586,3.88201,3.98522,4.08441,4.19048,4.29264,4.4015,4.50656,4.61809,4.72596,4.84004,4.95062,5.06713,5.18031,5.29909,5.41474,5.53564,5.65361,5.77645,5.8966,6.02118,6.14333,6.26946,6.39343,6.52089,6.64647,6.77504,6.90204,7.03147,7.15965,7.28969,7.41883,7.54922,7.67905,7.80952,7.9398,8.07006,8.20052,8.33029,8.46064,8.58961,8.71957,8.84744,8.97672,9.10318,9.23147,9.35621,9.4832,9.60591,9.73129,9.85165,9.9751,10.0928,10.214,10.3287,10.4474,10.5587,10.6745,10.7823,10.8949,10.9987,11.1078,11.2075,11.3127,11.4078,11.5089,11.5992,11.6959,11.7811,11.8729,11.9527,12.0394,12.1133,12.1945,12.2621,12.3371,12.3977,12.4656,12.5181,12.5773,12.6195,12.667,12.6949,12.7248,12.7298,12.7301,12.6953,12.641,12.5303,12.3693,12.1075,11.7311,11.1644,10.3614,9.22402,7.72505,5.93669,4.24119,2.93707,2.02241,1.39276,0.957896,0.647052,0.415579,0.231141,0.075552,-0
-0,9.10098e-07,1.87822e-06,3.03093e-06,4.35099e-06,6.19093e-06,8.53597e-06,1.22473e-05,1.76677e-05,2.72515e-05,4.1825e-05,5.89659e-05,7.06969e-05,8.09498e-05,8.72073e-05,9.47479e-05,9.95408e-05,0.000106915,0.000111914,0.000120213,0.000126169,0.000135977,0.000143311,0.00015503,0.000164041,0.00017802,0.000188976,0.000205566,0.000218744,0.000238327,0.000254036,0.000277045,0.000295638,0.000322569,0.000344453,0.000375872,0.000401516,0.000438071,0.000468016,0.000510447,0.000545312,0.000594463,0.000634957,0.000691786,0.000738718,0.000804313,0.000858602,0.000934194,0.000996883,0.00108386,0.00115614,0.00125607,0.00133926,0.00145393,0.00154954,0.00168092,0.00179066,0.00194097,0.00206675,0.0022385,0.00238247,0.00257844,0.00274299,0.00296632,0.00315415,0.0034083,0.00362242,0.00391128,0.00415504,0.0044829,0.00476004,0.00513169,0.00544637,0.00586711,0.00622394,0.00669962,0.00710372,0.00764083,0.00809787,0.00870354,0.00921977,0.00990189,0.0104842,0.0112514,0.0119075,0.0127693,0.0135074,0.0144742,0.0153036,0.0163868,0.0173176,0.0185296,0.0195729,0.0209273,0.0220951,0.0236066,0.0249121,0.026597,0.0280545,0.02993,0.0315552,0.0336404,0.0354502,0.0377654,0.0397783,0.0423456,0.0445814,0.0474248,0.049905,0.0530499,0.0557978,0.0592719,0.0623124,0.0661452,0.0695051,0.0737283,0.0774365,0.0820838,0.0861712,0.0912786,0.0957783,0.101384,0.106331,0.112477,0.117909,0.124637,0.130594,0.13795,0.144475,0.152508,0.159644,0.168405,0.176202,0.185744,0.19425,0.204631,0.2139,0.225177,0.235264,0.2475,0.258463,0.271723,0.283622,0.297973,0.310873,0.326383,0.34035,0.357092,0.372194,0.390243,0.406552,0.425985,0.443574,0.464469,0.483414,0.505853,0.526233,0.550298,0.572192,0.597968,0.621458,0.64903,0.674201,0.703655,0.730592,0.762015,0.790803,0.824284,0.855011,0.890636,0.923389,0.961247,0.996112,1.03629,1.07336,1.11594,1.15529,1.20036,1.24208,1.28972,1.3339,1.38418,1.43091,1.48391,1.53325,1.58905,1.64108,1.69974,1.75454,1.81612,1.87376,1.93831,1.99885,2.06643,2.12992,2.20058,2.26708,2.34084,2.41039,2.48728,2.55993,2.63997,2.71574,2.79894,2.87786,2.96422,3.04629,3.13579,3.22102,3.31365,3.40204,3.49775,3.58927,3.68803,3.78265,3.88439,3.98207,4.08673,4.18741,4.2949,4.39852,4.50874,4.61522,4.72805,4.8373,4.95262,5.06452,5.1822,5.29664,5.41651,5.53335,5.65525,5.77434,5.89809,6.01927,6.14467,6.26776,6.3946,6.51942,6.64748,6.77381,6.90286,7.03049,7.16028,7.28898,7.41925,7.54878,7.67927,7.80938,7.9398,8.07022,8.20029,8.33074,8.46017,8.59038,8.71887,8.84854,8.97577,9.10461,9.23028,9.35797,9.48176,9.60801,9.7296,9.85408,9.97316,10.0956,10.2118,10.3318,10.4449,10.5622,10.6718,10.7861,10.892,11.0028,11.1047,11.2119,11.3093,11.4126,11.5053,11.6043,11.6921,11.7865,11.869,11.9584,12.0354,12.1195,12.1905,12.2688,12.3333,12.4053,12.4626,12.5271,12.5759,12.6313,12.6691,12.7119,12.7342,12.7578,12.7551,12.7458,12.6986,12.6281,12.4951,12.3023,11.9921,11.5363,10.8274,9.75192,8.10123,5.81679,3.69254,2.38218,1.59484,1.09975,0.765213,0.525472,0.341725,0.191953,0.0599315,-0
-0,3.50968e-07,1.50418e-06,2.27533e-06,3.20656e-06,4.21023e-06,5.57105e-06,7.28246e-06,1.04963e-05,1.76371e-05,4.02123e-05,6.4883e-05,7.87654e-05,8.52957e-05,9.21124e-05,9.60231e-05,0.000102424,0.000106555,0.000113884,0.000118992,0.000127783,0.000134234,0.000144842,0.000152896,0.000165632,0.000175528,0.000190712,0.0002027,0.000220685,0.000235047,0.000256232,0.000273293,0.000298139,0.000318275,0.000347309,0.000370956,0.000404782,0.000432442,0.000471752,0.000504004,0.000549586,0.000587091,0.000639844,0.000683358,0.000744301,0.000794685,0.000864975,0.000923206,0.00100415,0.00107134,0.00116441,0.00124181,0.00134868,0.00143771,0.00156024,0.0016625,0.00180279,0.00192009,0.0020805,0.00221485,0.00239802,0.00255169,0.00276057,0.0029361,0.00317399,0.00337422,0.00364477,0.00387289,0.00418019,0.00443972,0.00478831,0.0050832,0.00547809,0.00581271,0.00625948,0.00663869,0.0071435,0.00757268,0.00814232,0.00862741,0.00926938,0.00981697,0.0105395,0.0111568,0.011969,0.0126641,0.0135758,0.0143573,0.0153795,0.0162572,0.0174017,0.0183861,0.0196659,0.0207685,0.0221979,0.0234313,0.0250256,0.0264035,0.0281795,0.029717,0.0316927,0.0334061,0.0356013,0.0375081,0.0399441,0.0420635,0.0447631,0.0471158,0.0501037,0.0527121,0.0560149,0.058903,0.0625493,0.0657429,0.0697632,0.0732903,0.0777172,0.0816076,0.0864761,0.0907617,0.096109,0.100824,0.10669,0.11187,0.118296,0.123981,0.131012,0.137243,0.144926,0.151745,0.16013,0.167585,0.176724,0.184863,0.194811,0.203685,0.2145,0.224164,0.235906,0.246417,0.25915,0.270566,0.284355,0.296739,0.311653,0.32507,0.341179,0.355697,0.373075,0.388763,0.407486,0.424417,0.444562,0.46281,0.484458,0.504102,0.527334,0.548452,0.573352,0.596025,0.622678,0.646989,0.675481,0.701514,0.731932,0.759774,0.792206,0.821942,0.856475,0.888193,0.924914,0.958703,0.997699,1.03364,1.075,1.11319,1.157,1.19752,1.24385,1.28678,1.33572,1.38116,1.43278,1.4808,1.53518,1.58585,1.64306,1.69646,1.75657,1.81277,1.87582,1.9349,2.00095,2.06296,2.13206,2.19705,2.26925,2.33727,2.41258,2.48368,2.56214,2.63635,2.71796,2.7953,2.88008,2.96058,3.04851,3.13216,3.22323,3.31004,3.40423,3.49418,3.59143,3.68451,3.78478,3.88093,3.98416,4.08335,4.18944,4.29161,4.40049,4.50556,4.61712,4.725,4.83911,4.94971,5.06625,5.17945,5.29826,5.41394,5.53486,5.65287,5.77573,5.89591,6.02053,6.14271,6.26888,6.39288,6.52039,6.64601,6.77462,6.90166,7.03113,7.15936,7.28945,7.41863,7.54907,7.67895,7.80947,7.9398,8.07011,8.20062,8.33044,8.46084,8.58987,8.71988,8.84781,8.97714,9.10366,9.232,9.3568,9.48385,9.60662,9.73205,9.85247,9.97598,10.0937,10.215,10.3297,10.4485,10.5599,10.6757,10.7836,10.8962,11.0001,11.1093,11.209,11.3143,11.4095,11.5107,11.601,11.6978,11.7831,11.8751,11.955,12.0419,12.1161,12.1977,12.2658,12.3414,12.403,12.4723,12.5266,12.5885,12.6345,12.6874,12.7229,12.7639,12.7849,12.8084,12.807,12.8014,12.7611,12.7025,12.5876,12.4198,12.1357,11.6791,10.8335,9.1255,5.52386,2.33651,1.29905,0.877803,0.64379,0.479069,0.346756,0.234487,0.134607,0.0451129,-0
-0,6.00814e-07,1.03996e-06,1.48838e-06,1.84712e-06,2.11252e-06,2.00664e-06,1.23229e-06,-1.0737e-06,-6.39123e-06,3.46743e-05,8.53716e-05,9.06037e-05,9.43043e-05,9.57651e-05,0.000100325,0.000103007,0.000109037,0.000113066,0.000120723,0.00012621,0.000135686,0.000142774,0.000154298,0.000163161,0.000177,0.000187847,0.000204315,0.000217396,0.000236857,0.000252468,0.000275345,0.000293831,0.000320614,0.000342376,0.000373628,0.000399134,0.000435499,0.000465285,0.0005075,0.000542184,0.000591089,0.000631377,0.000687927,0.000734624,0.000799903,0.000853924,0.000929159,0.000991545,0.00107812,0.00115005,0.00124953,0.00133234,0.00144649,0.00154167,0.00167247,0.00178172,0.00193139,0.00205662,0.00222764,0.00237099,0.00256615,0.00273001,0.00295243,0.00313949,0.00339264,0.00360589,0.00389363,0.00413642,0.00446304,0.0047391,0.00510938,0.00542286,0.00584207,0.00619757,0.00667157,0.0070742,0.00760944,0.00806485,0.00866847,0.0091829,0.00986276,0.0104431,0.0112078,0.0118617,0.0127208,0.0134565,0.0144203,0.0152471,0.016327,0.017255,0.0184634,0.0195035,0.020854,0.0220183,0.0235257,0.0248274,0.0265076,0.027961,0.0298316,0.0314523,0.0335321,0.0353371,0.0376465,0.0396541,0.0422152,0.0444453,0.0472819,0.049756,0.0528936,0.0556349,0.0591012,0.0621346,0.065959,0.0693113,0.0735255,0.0772256,0.0818633,0.085942,0.0910392,0.0955295,0.101125,0.106062,0.112196,0.117617,0.124333,0.130279,0.137622,0.144135,0.152154,0.159278,0.168025,0.175808,0.185335,0.193827,0.204192,0.213446,0.224707,0.234778,0.246997,0.257944,0.271186,0.283068,0.2974,0.310282,0.325773,0.339721,0.356444,0.371527,0.389555,0.405844,0.425256,0.442824,0.463698,0.482622,0.505039,0.525396,0.549439,0.571311,0.597064,0.620532,0.64808,0.673228,0.702659,0.729572,0.760972,0.789736,0.823194,0.853896,0.889499,0.922227,0.960062,0.994904,1.03506,1.0721,1.11466,1.15399,1.19903,1.24074,1.28835,1.33251,1.38277,1.42947,1.48246,1.53178,1.58756,1.63957,1.69821,1.753,1.81456,1.87218,1.93672,1.99724,2.06481,2.12829,2.19893,2.26542,2.33917,2.40872,2.4856,2.55824,2.63828,2.71404,2.79724,2.87616,2.96251,3.04459,3.1341,3.21933,3.31197,3.40035,3.49608,3.58761,3.68638,3.78101,3.88278,3.98047,4.08515,4.18585,4.29336,4.39701,4.50725,4.61376,4.72662,4.8359,4.95126,5.0632,5.18091,5.29539,5.4153,5.53218,5.65413,5.77327,5.89707,6.0183,6.14375,6.2669,6.3938,6.51867,6.64679,6.77318,6.90229,7.02999,7.15984,7.28861,7.41895,7.54856,7.67911,7.80929,7.93979,8.07029,8.20044,8.33097,8.46048,8.59077,8.71933,8.84909,8.9764,9.10532,9.23108,9.35886,9.48273,9.60906,9.73074,9.85531,9.97447,10.097,10.2133,10.3334,10.4466,10.5639,10.6737,10.788,10.894,11.0049,11.1068,11.2142,11.3117,11.415,11.5079,11.607,11.6949,11.7895,11.8722,11.9618,12.0391,12.1236,12.1951,12.2741,12.3395,12.4128,12.4719,12.5389,12.5912,12.6516,12.6966,12.7497,12.7867,12.8314,12.8592,12.8943,12.9113,12.9347,12.9386,12.9479,12.9365,12.9292,12.8941,12.7967,12.0232,4.82643,-1.17454,-0.398024,-0.0283682,0.119652,0.159485,0.148593,0.114363,0.070134,0.0218443,-0
-0,1.00057e-07,6.23495e-07,7.26712e-07,6.83294e-07,2.95045e-07,-7.80798e-07,-3.33395e-06,-9.70891e-06,-1.00437e-05,4.52675e-05,9.4323e-05,9.46547e-05,9.44987e-05,9.78926e-05,9.96368e-05,0.00010474,0.000107962,0.000114709,0.000119397,0.000127905,0.000134149,0.000144604,0.000152546,0.000165187,0.000175011,0.000190123,0.000202054,0.000219973,0.000234282,0.000255399,0.000272405,0.000297177,0.000317252,0.000346202,0.00036978,0.000403511,0.000431093,0.000470295,0.000502457,0.000547917,0.000585319,0.000637933,0.00068133,0.000742115,0.000792365,0.000862477,0.000920557,0.0010013,0.00106832,0.00116116,0.00123837,0.00134498,0.00143379,0.00155603,0.00165805,0.00179801,0.00191503,0.00207508,0.00220912,0.00239188,0.0025452,0.00275363,0.00292877,0.00316614,0.00336594,0.00363593,0.00386355,0.00417022,0.00442921,0.0047771,0.00507138,0.0054655,0.00579944,0.00624536,0.00662382,0.00712768,0.00755603,0.00812463,0.0086088,0.00924962,0.0097962,0.0105175,0.0111337,0.0119445,0.0126383,0.0135485,0.0143287,0.0153492,0.0162254,0.0173681,0.0183508,0.0196287,0.0207295,0.0221567,0.0233882,0.0249801,0.026356,0.0281293,0.0296646,0.0316375,0.0333484,0.0355406,0.0374447,0.0398774,0.0419939,0.0446899,0.0470395,0.0500237,0.0526286,0.0559274,0.0588118,0.0624537,0.0656434,0.069659,0.0731819,0.0776038,0.0814897,0.0863529,0.0906336,0.0959752,0.100685,0.106545,0.11172,0.118139,0.123818,0.130843,0.137067,0.144743,0.151556,0.159933,0.167381,0.176512,0.184643,0.194583,0.20345,0.214256,0.223912,0.235645,0.246147,0.25887,0.270278,0.284056,0.296432,0.311335,0.324742,0.340841,0.355348,0.372715,0.388393,0.407104,0.424024,0.444158,0.462395,0.484031,0.503663,0.526883,0.547989,0.572877,0.595538,0.622178,0.646477,0.674956,0.700977,0.731383,0.759212,0.79163,0.821354,0.855874,0.887579,0.924288,0.958063,0.997047,1.03298,1.07433,1.1125,1.15629,1.1968,1.24312,1.28605,1.33497,1.3804,1.43201,1.48001,1.53438,1.58504,1.64225,1.69564,1.75573,1.81193,1.87497,1.93403,2.00008,2.06208,2.13118,2.19616,2.26835,2.33637,2.41168,2.48277,2.56123,2.63543,2.71704,2.79438,2.87916,2.95965,3.04759,3.13124,3.22232,3.30913,3.40332,3.49328,3.59053,3.68361,3.78389,3.88006,3.98329,4.08249,4.1886,4.29078,4.39967,4.50476,4.61632,4.72423,4.83836,4.94897,5.06553,5.17875,5.29758,5.41328,5.53423,5.65226,5.77515,5.89535,6.02,6.14221,6.26841,6.39244,6.51998,6.64564,6.77428,6.90135,7.03086,7.15912,7.28925,7.41846,7.54894,7.67886,7.80942,7.93979,8.07015,8.20069,8.33056,8.461,8.59007,8.72013,8.84811,8.97748,9.10405,9.23243,9.35728,9.48437,9.60719,9.73267,9.85313,9.97669,10.0945,10.2158,10.3306,10.4494,10.5609,10.6767,10.7846,10.8973,11.0013,11.1105,11.2102,11.3156,11.4108,11.5121,11.6025,11.6994,11.7847,11.8769,11.9569,12.044,12.1185,12.2003,12.2689,12.3451,12.4075,12.4779,12.5338,12.598,12.6471,12.7046,12.7466,12.797,12.8314,12.8742,12.9007,12.9358,12.9547,12.9833,12.9974,13.0256,13.048,13.1037,13.2019,13.499,6.37159,-1.67166,-1.6873,-0.712989,-0.296528,-0.109116,-0.0265356,0.00442393,0.00958441,0.00522211,-0
-0,2.971e-07,2.68822e-07,1.4925e-07,-1.62106e-07,-8.25468e-07,-2.04751e-06,-4.28648e-06,-7.67732e-06,-5.96433e-06,4.57337e-05,9.45564e-05,9.35199e-05,9.59205e-05,9.67755e-05,0.000100984,0.000103415,0.00010928,0.000113187,0.000120761,0.000126186,0.000135616,0.000142669,0.000154162,0.000163003,0.000176819,0.000187649,0.000204095,0.00021716,0.0002366,0.000252193,0.000275048,0.000293514,0.000320271,0.000342012,0.000373234,0.000398715,0.000435047,0.000464805,0.000506981,0.000541633,0.000590495,0.000630746,0.000687246,0.000733901,0.000799124,0.000853097,0.000928268,0.0009906,0.0010771,0.00114897,0.00124837,0.00133111,0.00144517,0.00154027,0.00167096,0.00178013,0.00192968,0.00205481,0.0022257,0.00236894,0.00256396,0.00272769,0.00294995,0.00313687,0.00338984,0.00360293,0.00389046,0.00413308,0.00445948,0.00473535,0.00510537,0.00541863,0.00583757,0.00619283,0.00666652,0.00706888,0.00760379,0.0080589,0.00866215,0.00917625,0.00985569,0.0104357,0.0111999,0.0118534,0.012712,0.0134473,0.0144105,0.0152369,0.0163162,0.0172436,0.0184514,0.0194909,0.0208407,0.0220044,0.023511,0.024812,0.0264914,0.027944,0.0298137,0.0314336,0.0335124,0.0353165,0.0376248,0.0396314,0.0421914,0.0444204,0.0472558,0.0497287,0.0528651,0.0556051,0.0590699,0.062102,0.0659249,0.0692758,0.0734883,0.0771869,0.0818228,0.0858999,0.0909952,0.0954838,0.101077,0.106012,0.112144,0.117563,0.124277,0.130221,0.137562,0.144072,0.152089,0.159211,0.167954,0.175735,0.18526,0.193749,0.204111,0.213362,0.22462,0.234688,0.246904,0.257848,0.271086,0.282966,0.297294,0.310173,0.32566,0.339605,0.356323,0.371403,0.389427,0.405713,0.42512,0.442685,0.463554,0.482474,0.504887,0.525241,0.549279,0.571147,0.596895,0.620359,0.647903,0.673047,0.702473,0.729382,0.760777,0.789537,0.82299,0.853688,0.889286,0.92201,0.95984,0.994678,1.03483,1.07187,1.11442,1.15374,1.19878,1.24048,1.28809,1.33225,1.38251,1.42921,1.48219,1.5315,1.58728,1.63929,1.69792,1.7527,1.81426,1.87188,1.93642,1.99694,2.0645,2.12798,2.19862,2.26511,2.33886,2.4084,2.48528,2.55792,2.63796,2.71372,2.79692,2.87583,2.96219,3.04427,3.13378,3.21901,3.31165,3.40004,3.49577,3.58729,3.68607,3.7807,3.88247,3.98016,4.08485,4.18555,4.29307,4.39672,4.50697,4.61348,4.72635,4.83563,4.951,5.06294,5.18067,5.29515,5.41507,5.53196,5.65392,5.77306,5.89687,6.01811,6.14358,6.26673,6.39364,6.51852,6.64666,6.77306,6.90218,7.02989,7.15976,7.28854,7.4189,7.54851,7.67908,7.80928,7.93979,8.0703,8.20046,8.33101,8.46053,8.59084,8.71942,8.84919,8.97652,9.10546,9.23123,9.35902,9.48291,9.60926,9.73096,9.85554,9.97472,10.0972,10.2136,10.3337,10.4469,10.5643,10.674,10.7884,10.8943,11.0053,11.1073,11.2146,11.3121,11.4155,11.5084,11.6075,11.6955,11.79,11.8728,11.9625,12.0398,12.1244,12.1959,12.2751,12.3407,12.4141,12.4735,12.5409,12.5938,12.6549,12.701,12.7555,12.7946,12.8423,12.8743,12.9152,12.9406,12.9759,12.9968,13.0305,13.0544,13.0996,13.1493,13.2436,13.3665,6.55224,-1.02461,-1.3826,-0.838129,-0.484216,-0.272611,-0.150113,-0.0797033,-0.0388892,-0.0129628,-0
-0,-7.07582e-08,1.73917e-08,-2.39357e-07,-6.71476e-07,-1.34325e-06,-2.42733e-06,-3.88134e-06,-5.72012e-06,-3.83209e-06,4.62556e-05,9.25717e-05,9.44055e-05,9.45289e-05,9.79082e-05,9.95642e-05,0.00010457,0.000107706,0.000114375,0.000119,0.000127445,0.000133641,0.000144041,0.00015194,0.000164527,0.000174307,0.000189361,0.000201245,0.000219099,0.000233355,0.000254399,0.000271344,0.000296031,0.000316036,0.000344889,0.000368387,0.000402008,0.000429497,0.000468572,0.000500628,0.000545944,0.000583225,0.000635675,0.000678934,0.000739534,0.000789627,0.000859528,0.00091743,0.000997933,0.00106475,0.00115733,0.00123431,0.00134061,0.00142917,0.00155107,0.00165279,0.00179238,0.00190907,0.00206869,0.00220236,0.00238465,0.00253755,0.00274545,0.00292013,0.00315691,0.00335619,0.00362551,0.00385256,0.0041585,0.00441684,0.00476391,0.00505748,0.00545069,0.00578384,0.00622875,0.00660634,0.00710909,0.00753646,0.00810383,0.00858694,0.0092264,0.0097718,0.0104916,0.0111065,0.0119156,0.012608,0.0135164,0.0142951,0.0153136,0.0161881,0.0173286,0.0183095,0.019585,0.0206837,0.0221084,0.0233376,0.0249267,0.0263002,0.0280705,0.0296031,0.0315728,0.0332807,0.0354694,0.0373704,0.0397992,0.0419123,0.0446043,0.0469502,0.0499299,0.0525309,0.0558249,0.058705,0.0623418,0.0655269,0.0695371,0.073055,0.0774712,0.0813517,0.0862087,0.0904837,0.0958188,0.100522,0.106375,0.111544,0.117956,0.123628,0.130644,0.136861,0.144529,0.151334,0.159702,0.167142,0.176264,0.184387,0.194317,0.203175,0.213971,0.223617,0.23534,0.245832,0.258544,0.269941,0.283708,0.296072,0.310964,0.32436,0.340446,0.354942,0.372296,0.387961,0.406659,0.423567,0.443687,0.461911,0.483533,0.503152,0.526358,0.54745,0.572324,0.59497,0.621596,0.645881,0.674345,0.700352,0.730742,0.758556,0.79096,0.820669,0.855174,0.886865,0.923558,0.957319,0.996288,1.03221,1.07354,1.1117,1.15548,1.19597,1.24228,1.28519,1.3341,1.37951,1.43111,1.4791,1.53346,1.58411,1.6413,1.69468,1.75476,1.81094,1.87398,1.93303,1.99907,2.06106,2.13015,2.19512,2.26731,2.33532,2.41063,2.48171,2.56016,2.63436,2.71598,2.79331,2.87809,2.95858,3.04652,3.13017,3.22125,3.30807,3.40226,3.49222,3.58949,3.68258,3.78286,3.87904,3.98228,4.0815,4.18762,4.28981,4.39872,4.50382,4.61541,4.72333,4.83748,4.94811,5.06469,5.17794,5.2968,5.41252,5.5335,5.65155,5.77448,5.89471,6.01939,6.14163,6.26787,6.39193,6.51951,6.6452,6.77388,6.90099,7.03055,7.15885,7.28902,7.41827,7.5488,7.67876,7.80937,7.93978,8.07019,8.20078,8.3307,8.46119,8.59032,8.72042,8.84845,8.97787,9.1045,9.23293,9.35784,9.48498,9.60785,9.73338,9.8539,9.97751,10.0954,10.2167,10.3316,10.4504,10.562,10.6779,10.7858,10.8986,11.0026,11.1118,11.2116,11.3171,11.4123,11.5137,11.6042,11.7011,11.7865,11.8787,11.9588,12.046,12.1206,12.2025,12.2712,12.3477,12.4103,12.4809,12.5373,12.6019,12.6517,12.7101,12.7532,12.8052,12.8417,12.8874,12.9176,12.9578,12.9832,13.0203,13.0449,13.085,13.1179,13.1735,13.2275,13.2984,6.56021,-0.701625,-1.05651,-0.774239,-0.528483,-0.347511,-0.22124,-0.134395,-0.072371,-0.0220211,-0
-0,1.08178e-07,-1.43114e-07,-4.71611e-07,-9.05495e-07,-1.53544e-06,-2.31862e-06,-3.33039e-06,-4.22925e-06,-2.74605e-06,4.5446e-05,9.30988e-05,9.26951e-05,9.53822e-05,9.63322e-05,0.00010053,0.000102919,0.000108718,0.000112565,0.000120067,0.000125434,0.000134793,0.000141789,0.000153208,0.00016199,0.000175724,0.000186488,0.000202843,0.000215834,0.000235168,0.000250675,0.000273409,0.000291776,0.000318395,0.000340022,0.000371085,0.000396435,0.000432585,0.000462192,0.000504162,0.00053864,0.000587267,0.00062732,0.000683554,0.000729983,0.000794903,0.000848621,0.00092345,0.000985491,0.00107161,0.00114315,0.00124211,0.00132448,0.00143805,0.00153273,0.00166287,0.00177157,0.0019205,0.0020451,0.0022153,0.00235794,0.00255219,0.00271526,0.00293666,0.00312283,0.00337483,0.00358709,0.00387356,0.00411525,0.00444045,0.00471529,0.00508399,0.00539611,0.00581358,0.00616756,0.00663964,0.00704058,0.00757371,0.00802725,0.00862853,0.00914091,0.00981818,0.0103963,0.0111581,0.0118095,0.0126655,0.0133985,0.0143589,0.0151827,0.0162588,0.0171835,0.0183878,0.0194243,0.0207704,0.0219308,0.0234333,0.0247307,0.0264057,0.0278544,0.0297193,0.0313349,0.0334085,0.035208,0.0375107,0.0395123,0.0420662,0.0442898,0.0471186,0.0495857,0.052715,0.0554487,0.0589061,0.0619313,0.0657462,0.0690898,0.0732937,0.0769844,0.0816111,0.0856798,0.0907653,0.095245,0.100828,0.105753,0.111874,0.117283,0.123985,0.129918,0.137247,0.143745,0.151749,0.158859,0.167589,0.175357,0.184867,0.193343,0.203689,0.212926,0.224168,0.234222,0.246421,0.257349,0.27057,0.282433,0.296743,0.309605,0.325074,0.339001,0.3557,0.370761,0.388766,0.405032,0.42442,0.441965,0.462813,0.481713,0.504104,0.524437,0.548454,0.5703,0.596026,0.619469,0.64699,0.672112,0.701515,0.728401,0.759774,0.788512,0.821941,0.852617,0.888192,0.920893,0.958701,0.993515,1.03364,1.07066,1.11319,1.15249,1.19751,1.23919,1.28678,1.33091,1.38115,1.42783,1.48079,1.53009,1.58584,1.63784,1.69645,1.75122,1.81276,1.87036,1.93489,1.99539,2.06294,2.12641,2.19704,2.26351,2.33725,2.40679,2.48366,2.5563,2.63633,2.71209,2.79529,2.87419,2.96056,3.04263,3.13214,3.21738,3.31002,3.39842,3.49416,3.58569,3.68449,3.77913,3.88091,3.97862,4.08333,4.18405,4.29159,4.39526,4.50554,4.61207,4.72498,4.83429,4.94969,5.06166,5.17943,5.29394,5.41391,5.53084,5.65284,5.77203,5.89589,6.01717,6.14269,6.26589,6.39286,6.5178,6.64599,6.77245,6.90164,7.02941,7.15934,7.28818,7.41861,7.54829,7.67893,7.80919,7.93978,8.07036,8.2006,8.33122,8.46083,8.59121,8.71987,8.84972,8.97713,9.10614,9.23199,9.35987,9.48385,9.61027,9.73205,9.85672,9.97598,10.0986,10.215,10.3352,10.4485,10.5659,10.6758,10.7902,10.8963,11.0073,11.1093,11.2168,11.3144,11.4178,11.5108,11.61,11.6981,11.7927,11.8756,11.9654,12.0428,12.1275,12.1992,12.2785,12.3443,12.4181,12.4778,12.5456,12.599,12.6609,12.7079,12.7636,12.8042,12.8539,12.8883,12.9324,12.9616,13.0016,13.0277,13.0666,13.0939,13.1367,13.17,13.2181,13.2474,6.56185,-0.521427,-0.827899,-0.672072,-0.508938,-0.366906,-0.253355,-0.163946,-0.0922813,-0.0308257,-0
-0,-1.37224e-07,-2.38272e-07,-5.7317e-07,-1.00273e-06,-1.49821e-06,-2.1263e-06,-2.7318e-06,-3.32209e-06,-2.03403e-06,4.57791e-05,9.12211e-05,9.33094e-05,9.3633e-05,9.70926e-05,9.87758e-05,0.000103751,0.000106849,0.00011345,0.000118019,0.000126384,0.000132515,0.000142826,0.000150655,0.00016314,0.000172841,0.00018778,0.000199573,0.000217294,0.000231444,0.000252337,0.000269158,0.000293672,0.000313534,0.000342188,0.00036552,0.000398913,0.000426212,0.000465028,0.000496866,0.000541885,0.000578917,0.00063103,0.000674004,0.000734222,0.000783992,0.00085346,0.000910995,0.000991009,0.00105741,0.00114943,0.00122594,0.00133163,0.00141965,0.00154085,0.00164198,0.00178078,0.0018968,0.00205554,0.00218845,0.00236976,0.00252182,0.00272861,0.00290234,0.00313789,0.00333612,0.00360407,0.00382994,0.00413435,0.00439138,0.00473676,0.00502886,0.0054202,0.00575173,0.00619457,0.00657034,0.00707081,0.00749618,0.00806103,0.00854192,0.0091786,0.00972155,0.0104383,0.0110505,0.0118563,0.0125457,0.0134504,0.0142258,0.0152403,0.0161112,0.0172474,0.0182243,0.019495,0.0205895,0.0220089,0.0232335,0.0248169,0.0261852,0.0279494,0.0294764,0.0314395,0.0331414,0.0353228,0.0372173,0.0396383,0.0417444,0.0444279,0.0467662,0.0497368,0.0523295,0.0556138,0.0584851,0.0621114,0.065287,0.069286,0.0727937,0.0771978,0.0810674,0.0859117,0.090175,0.0954964,0.100188,0.106026,0.111181,0.117578,0.123236,0.130236,0.136438,0.144088,0.150878,0.159228,0.166651,0.175754,0.183859,0.193769,0.202608,0.213383,0.22301,0.23471,0.245182,0.257871,0.269247,0.28299,0.295332,0.310199,0.323572,0.339632,0.354104,0.371432,0.387072,0.405743,0.422624,0.442716,0.460914,0.482507,0.502098,0.525275,0.546339,0.571183,0.593801,0.620397,0.644651,0.673086,0.699062,0.729422,0.757206,0.789579,0.819257,0.853731,0.885391,0.922054,0.955784,0.994723,1.03061,1.07191,1.11004,1.15379,1.19426,1.24053,1.28341,1.3323,1.37768,1.42926,1.47722,1.53155,1.58217,1.63934,1.6927,1.75276,1.80892,1.87193,1.93097,1.99699,2.05896,2.12803,2.19299,2.26516,2.33316,2.40845,2.47953,2.55798,2.63216,2.71378,2.79111,2.87589,2.95637,3.04432,3.12797,3.21906,3.30588,3.40008,3.49005,3.58734,3.68044,3.78075,3.87694,3.98021,4.07944,4.1856,4.28781,4.39676,4.50189,4.61352,4.72147,4.83567,4.94634,5.06298,5.17626,5.29518,5.41095,5.53199,5.6501,5.77309,5.89338,6.01813,6.14044,6.26675,6.39088,6.51853,6.6443,6.77307,6.90025,7.0299,7.15828,7.28854,7.41788,7.5485,7.67856,7.80927,7.93977,8.07028,8.20097,8.33099,8.46158,8.59081,8.72102,8.84916,8.97869,9.10542,9.23397,9.35898,9.48623,9.60921,9.73486,9.85549,9.97921,10.0972,10.2187,10.3336,10.4525,10.5642,10.6803,10.7883,10.9012,11.0053,11.1146,11.2145,11.3201,11.4155,11.5169,11.6075,11.7045,11.7901,11.8824,11.9626,12.05,12.1247,12.2068,12.2757,12.3524,12.4154,12.4864,12.5432,12.6083,12.6589,12.7181,12.7624,12.8157,12.8539,12.9016,12.9343,12.9772,13.0056,13.0453,13.0714,13.1102,13.1362,13.175,13.1983,13.2274,6.55796,-0.411721,-0.670963,-0.578441,-0.467124,-0.358499,-0.260739,-0.176063,-0.101761,-0.0326464,-0
-0,2.18347e-08,-2.78342e-07,-6.18258e-07,-9.83566e-07,-1.42342e-06,-1.85266e-06,-2.31812e-06,-2.6265e-06,-1.62334e-06,4.48804e-05,9.16926e-05,9.14257e-05,9.42051e-05,9.52274e-05,9.94293e-05,0.000101811,0.000107557,0.000111359,0.00011878,0.000124083,0.000133342,0.000140261,0.000151566,0.000160256,0.000173858,0.000184517,0.000200719,0.000213586,0.000232744,0.000248108,0.000270639,0.000288839,0.000315225,0.000336658,0.000367454,0.000392581,0.000428425,0.000457776,0.000499397,0.000533583,0.000581812,0.000621531,0.000677314,0.000723362,0.000787771,0.000841056,0.000915307,0.000976857,0.00106232,0.00113331,0.00123154,0.00131327,0.00142601,0.00151999,0.0016492,0.0017571,0.00190498,0.00202869,0.00219772,0.00233936,0.0025323,0.00269424,0.00291418,0.00309909,0.00334946,0.00356032,0.00384497,0.00408509,0.00440828,0.00468137,0.00504784,0.00535801,0.00577301,0.00612484,0.00659418,0.00699273,0.00752283,0.00797373,0.00857169,0.00908114,0.00975475,0.0103296,0.0110875,0.0117353,0.0125868,0.0133159,0.0142715,0.015091,0.0161618,0.0170818,0.0182804,0.0193117,0.0206515,0.0218063,0.0233019,0.0245932,0.0262607,0.0277028,0.0295596,0.031168,0.0332328,0.0350244,0.0373176,0.0393107,0.0418544,0.0440688,0.0468866,0.0493437,0.0524613,0.0551842,0.0586289,0.0616426,0.0654438,0.068775,0.0729643,0.0766418,0.0812529,0.0853074,0.0903763,0.0948408,0.100406,0.105315,0.111417,0.116809,0.123491,0.129406,0.136713,0.143193,0.151175,0.158263,0.16697,0.174716,0.184202,0.192655,0.202976,0.212189,0.223404,0.233432,0.245603,0.256505,0.269697,0.281532,0.295812,0.308645,0.324082,0.337979,0.354646,0.369676,0.387647,0.403881,0.423233,0.440745,0.461558,0.480424,0.502779,0.523077,0.547056,0.568867,0.594555,0.617961,0.645444,0.670528,0.699893,0.726742,0.758076,0.786775,0.820166,0.850803,0.886339,0.919002,0.956771,0.991547,1.03164,1.06861,1.11111,1.15037,1.19536,1.237,1.28455,1.32865,1.37885,1.4255,1.47842,1.52769,1.58341,1.63537,1.69397,1.7487,1.81022,1.86779,1.93229,1.99277,2.0603,2.12374,2.19435,2.26081,2.33454,2.40405,2.48092,2.55354,2.63357,2.70932,2.79251,2.87142,2.95778,3.03985,3.12938,3.21461,3.30727,3.39567,3.49144,3.58298,3.6818,3.77646,3.87827,3.97601,4.08075,4.1815,4.28908,4.39279,4.50311,4.60969,4.72265,4.832,4.94747,5.05949,5.17732,5.2919,5.41194,5.52893,5.65102,5.77027,5.89422,6.01558,6.14119,6.26448,6.39154,6.51657,6.64486,6.77142,6.90071,7.02858,7.15863,7.28758,7.41812,7.54791,7.67868,7.80906,7.93977,8.07047,8.20084,8.33159,8.46132,8.59183,8.72063,8.85061,8.97816,9.10731,9.2333,9.36131,9.48542,9.61199,9.73391,9.85871,9.97812,10.1008,10.2174,10.3377,10.4512,10.5688,10.6787,10.7933,10.8995,11.0107,11.1129,11.2204,11.3182,11.4218,11.5149,11.6142,11.7024,11.7972,11.8802,11.9702,12.0477,12.1326,12.2045,12.2841,12.3502,12.4242,12.4843,12.5526,12.6065,12.6691,12.7168,12.7736,12.8153,12.8664,12.9024,12.9483,12.9793,13.0209,13.0479,13.0864,13.1105,13.1462,13.1665,13.1959,13.2052,6.56202,-0.339989,-0.563085,-0.502283,-0.423475,-0.338403,-0.255524,-0.177395,-0.104634,-0.0353939,-0
-0,-1.45338e-07,-2.98038e-07,-6.06278e-07,-9.53143e-07,-1.28879e-06,-1.65934e-06,-1.94854e-06,-2.20937e-06,-1.31368e-06,4.51105e-05,8.97208e-05,9.18479e-05,9.22396e-05,9.57143e-05,9.7414e-05,0.000102351,0.000105419,0.000111943,0.000116453,0.000124716,0.000130768,0.000140955,0.000148687,0.000161027,0.000170612,0.000185381,0.000197038,0.000214564,0.000228554,0.000249219,0.000265855,0.000290106,0.000309753,0.000338106,0.000361189,0.000394237,0.00042125,0.000459672,0.00049118,0.000535752,0.000572407,0.000624011,0.000666555,0.000726195,0.000775476,0.00084429,0.00090127,0.000980544,0.00104632,0.00113751,0.0012133,0.00131805,0.00140527,0.00152541,0.00162564,0.00176325,0.00187825,0.00203567,0.00216743,0.00234725,0.00249803,0.00270316,0.00287545,0.00310915,0.00330577,0.00357166,0.00379574,0.00409785,0.00435289,0.00469571,0.00498559,0.0053741,0.00570316,0.00614287,0.00651591,0.00701291,0.00743526,0.00799629,0.00847383,0.00910631,0.00964556,0.0103577,0.0109658,0.0117665,0.0124514,0.0133506,0.0141211,0.0151295,0.015995,0.0171244,0.0180955,0.0193589,0.0204469,0.0218584,0.0230759,0.0246507,0.0260114,0.0277662,0.0292849,0.0312377,0.0329306,0.035101,0.0369856,0.0393948,0.0414902,0.044161,0.0464877,0.0494446,0.0520249,0.0552944,0.0581522,0.0617627,0.0649239,0.0689059,0.0723981,0.0767842,0.0806372,0.0854621,0.0897077,0.0950085,0.0996807,0.105497,0.110632,0.117006,0.122642,0.129618,0.135797,0.143422,0.150187,0.15851,0.165907,0.174981,0.18306,0.192939,0.20175,0.212493,0.222091,0.233758,0.244198,0.256853,0.268196,0.281904,0.294211,0.309041,0.322378,0.3384,0.352835,0.370123,0.385725,0.404355,0.421197,0.441246,0.459403,0.480954,0.500503,0.523635,0.544656,0.569455,0.592029,0.618579,0.642789,0.671178,0.697109,0.727422,0.75516,0.787486,0.817118,0.851546,0.883159,0.919776,0.953459,0.992352,1.02819,1.06945,1.10754,1.15124,1.19166,1.23789,1.28073,1.32958,1.37491,1.42645,1.47437,1.52867,1.57925,1.63638,1.68969,1.74972,1.80585,1.86884,1.92784,1.99383,2.05577,2.12483,2.18975,2.26191,2.32988,2.40517,2.47622,2.55466,2.62883,2.71044,2.78776,2.87254,2.95303,3.04098,3.12463,3.21573,3.30256,3.39679,3.48677,3.58408,3.67719,3.77754,3.87375,3.97706,4.07633,4.18253,4.28479,4.39379,4.49896,4.61065,4.71866,4.83292,4.94366,5.06037,5.17372,5.29272,5.40856,5.5297,5.64789,5.77098,5.89136,6.01622,6.13862,6.26505,6.38928,6.51706,6.64293,6.77183,6.89913,7.02891,7.15741,7.28782,7.41729,7.54806,7.67825,7.8091,7.93975,8.07042,8.20125,8.33143,8.46218,8.59157,8.72193,8.85024,8.97992,9.10683,9.23553,9.36072,9.48813,9.61128,9.7371,9.85789,9.98179,10.0999,10.2216,10.3367,10.4558,10.5676,10.6838,10.792,10.9051,11.0094,11.1189,11.2189,11.3247,11.4202,11.5218,11.6126,11.7098,11.7955,11.888,11.9684,12.0559,12.1308,12.2132,12.2823,12.3593,12.4225,12.4939,12.5511,12.6168,12.6679,12.7278,12.7729,12.8272,12.8665,12.9154,12.9493,12.9933,13.0224,13.0621,13.0869,13.1225,13.1425,13.1723,13.1844,13.2033,6.56046,-0.292281,-0.487864,-0.445055,-0.385118,-0.316738,-0.244966,-0.173691,-0.10374,-0.0339819,-0
-0,-9.30102e-09,-2.93869e-07,-5.95361e-07,-8.86155e-07,-1.20129e-06,-1.46562e-06,-1.72982e-06,-1.87511e-06,-1.13878e-06,4.41179e-05,9.00262e-05,8.97994e-05,9.25806e-05,9.36259e-05,9.77967e-05,0.000100162,0.000105838,0.000109589,0.000116908,0.000122134,0.000131265,0.000138085,0.000149235,0.000157805,0.000171224,0.000181738,0.000197728,0.000210424,0.000229336,0.000244499,0.000266745,0.000284711,0.000310769,0.000331931,0.000362352,0.000387166,0.00042258,0.000451572,0.000492702,0.000526477,0.000574147,0.000613396,0.000668545,0.000714058,0.000777748,0.000830425,0.000903862,0.000964722,0.00104927,0.00111947,0.00121667,0.00129752,0.00140909,0.00150207,0.00162998,0.00173675,0.00188317,0.00200562,0.002173,0.00231322,0.00250433,0.00266468,0.00288256,0.0030657,0.00331379,0.00352266,0.00380477,0.00404268,0.00436304,0.00463367,0.004997,0.00530443,0.00571595,0.00606474,0.00653023,0.00692542,0.00745127,0.00789845,0.00849171,0.00899706,0.0096655,0.0102358,0.010988,0.0116308,0.0124761,0.0131998,0.0141485,0.014962,0.0160254,0.0169387,0.0181291,0.0191533,0.0204841,0.021631,0.023117,0.0243997,0.0260567,0.0274894,0.0293348,0.030933,0.0329855,0.034766,0.0370459,0.039027,0.0415563,0.0437577,0.04656,0.0490031,0.052104,0.0548118,0.0582386,0.061236,0.065018,0.0683318,0.0725006,0.0761593,0.0807485,0.084783,0.0898285,0.0942716,0.0998117,0.104698,0.110774,0.116142,0.122796,0.128684,0.135963,0.142414,0.150365,0.157425,0.166099,0.173814,0.183266,0.191686,0.201971,0.21115,0.222327,0.23232,0.244451,0.255315,0.268466,0.280262,0.294499,0.307292,0.322684,0.336539,0.35316,0.368146,0.38607,0.402258,0.421562,0.439027,0.45979,0.478607,0.500911,0.521159,0.545087,0.566846,0.592482,0.615836,0.643265,0.668297,0.697607,0.724402,0.755682,0.784327,0.817664,0.848246,0.883728,0.916336,0.954051,0.988773,1.02881,1.06573,1.10817,1.14739,1.19232,1.23391,1.28141,1.32546,1.37562,1.42221,1.47509,1.52431,1.57999,1.6319,1.69046,1.74514,1.80663,1.86416,1.92863,1.98907,2.05658,2.11998,2.19057,2.257,2.33071,2.4002,2.47706,2.54965,2.62967,2.70541,2.78861,2.8675,2.95387,3.03594,3.12547,3.21072,3.3034,3.39181,3.4876,3.57916,3.67801,3.77269,3.87455,3.97232,4.07711,4.1779,4.28555,4.3893,4.4997,4.60633,4.71936,4.82878,4.94433,5.05643,5.17436,5.28902,5.40916,5.52624,5.64844,5.7678,5.89186,6.01333,6.13907,6.26248,6.38968,6.51483,6.64327,6.76996,6.89941,7.02742,7.15762,7.28672,7.41743,7.54738,7.67832,7.80886,7.93975,8.07062,8.20118,8.3321,8.46202,8.59271,8.7217,8.85186,8.97961,9.10894,9.23513,9.36334,9.48765,9.61441,9.73653,9.86153,9.98113,10.1041,10.2208,10.3413,10.455,10.5728,10.6829,10.7977,10.9041,11.0155,11.1178,11.2256,11.3235,11.4273,11.5206,11.6201,11.7085,11.8035,11.8866,11.9768,12.0546,12.1397,12.2118,12.2916,12.358,12.4323,12.4927,12.5614,12.6158,12.6788,12.7271,12.7846,12.827,12.8789,12.9158,12.9625,12.9941,13.0359,13.0626,13.0996,13.121,13.1523,13.1668,13.1895,13.1933,6.56604,-0.260483,-0.437521,-0.403931,-0.355914,-0.297734,-0.234367,-0.168258,-0.101536,-0.0346245,-0
-0,-1.3675e-07,-2.92719e-07,-5.64813e-07,-8.51933e-07,-1.10477e-06,-1.3651e-06,-1.54473e-06,-1.70493e-06,-1.00278e-06,4.42346e-05,8.79042e-05,9.00151e-05,9.04249e-05,9.38665e-05,9.55572e-05,0.000100428,0.000103454,0.00010988,0.000114318,0.000122451,0.000128405,0.000138433,0.000146041,0.000158191,0.000167626,0.000182172,0.000193649,0.000210914,0.000224692,0.000245056,0.000261443,0.000285346,0.000304704,0.000332657,0.000355407,0.000387995,0.000414624,0.000452521,0.00048359,0.000527563,0.000563715,0.000614638,0.000656609,0.000715476,0.000764105,0.000832044,0.000888283,0.000966568,0.0010315,0.00112157,0.00119642,0.00129991,0.00138606,0.00150479,0.00160381,0.00173984,0.00185348,0.00200911,0.00213935,0.00231718,0.00246624,0.00266915,0.00283952,0.00307074,0.00326522,0.00352834,0.00375003,0.00404907,0.00430143,0.00464085,0.00492776,0.00531249,0.00563825,0.00607377,0.00644315,0.00693552,0.00735382,0.00790974,0.00838281,0.00900965,0.00954396,0.0102499,0.0108526,0.0116465,0.0123254,0.0132171,0.013981,0.0149812,0.0158395,0.0169601,0.0179232,0.0191769,0.0202562,0.0216571,0.0228652,0.0244285,0.0257788,0.0275211,0.0290286,0.0309679,0.0326485,0.0348043,0.0366757,0.0390691,0.0411501,0.0438038,0.0461151,0.0490536,0.0516172,0.0548669,0.0577068,0.0612961,0.064438,0.0683973,0.0718688,0.0762305,0.0800614,0.0848603,0.0890822,0.0943555,0.0990024,0.104789,0.109897,0.11624,0.121848,0.128791,0.134939,0.142529,0.149262,0.157548,0.164912,0.173947,0.181989,0.191829,0.200601,0.211302,0.22086,0.232483,0.242881,0.25549,0.266789,0.280448,0.292711,0.30749,0.32078,0.33675,0.351135,0.36837,0.38392,0.402495,0.419284,0.439278,0.45738,0.478872,0.498365,0.521439,0.542402,0.567141,0.589656,0.616145,0.640295,0.668621,0.694492,0.724743,0.752419,0.784683,0.814253,0.848618,0.880169,0.916723,0.950344,0.989176,1.02495,1.06615,1.10417,1.14782,1.18818,1.23435,1.27713,1.32592,1.3712,1.42268,1.47055,1.52479,1.57532,1.63241,1.68567,1.74566,1.80173,1.86468,1.92364,1.9896,2.0515,2.12053,2.18542,2.25755,2.32549,2.40076,2.47178,2.55021,2.62437,2.70597,2.78328,2.86806,2.94854,3.0365,3.12015,3.21128,3.29811,3.39236,3.48236,3.57971,3.67285,3.77323,3.86948,3.97285,4.07215,4.17842,4.28072,4.3898,4.49503,4.60681,4.71488,4.82924,4.94006,5.05687,5.17031,5.28943,5.40537,5.52663,5.64493,5.76815,5.88865,6.01365,6.13618,6.26276,6.38714,6.51507,6.6411,6.77016,6.89763,7.02758,7.15625,7.28684,7.41649,7.54745,7.67783,7.80888,7.93972,8.07059,8.20163,8.33202,8.46297,8.59258,8.72315,8.85168,8.98158,9.1087,9.23763,9.36304,9.49068,9.61406,9.7401,9.86112,9.98524,10.1036,10.2255,10.3408,10.4602,10.5722,10.6886,10.7971,10.9103,11.0148,11.1246,11.2248,11.3308,11.4265,11.5283,11.6193,11.7167,11.8026,11.8953,11.9759,12.0637,12.1388,12.2214,12.2908,12.368,12.4315,12.5032,12.5607,12.6267,12.6783,12.7387,12.7843,12.8391,12.879,12.9285,12.9629,13.0072,13.0363,13.0756,13.0992,13.1328,13.15,13.1762,13.1844,13.2004,6.56547,-0.241224,-0.40595,-0.377981,-0.336051,-0.284469,-0.225965,-0.163753,-0.0992835,-0.0328191,-0
-0,-1.70706e-08,-2.82294e-07,-5.56216e-07,-8.09107e-07,-1.07159e-06,-1.27739e-06,-1.47727e-06,-1.57752e-06,-9.52637e-07,4.31466e-05,8.80088e-05,8.7796e-05,9.05388e-05,9.15777e-05,9.56837e-05,9.80138e-05,0.000103593,0.000107279,0.000114469,0.000119601,0.000128571,0.000135269,0.000146224,0.000154641,0.00016783,0.000178161,0.000193879,0.000206357,0.000224953,0.000239859,0.00026174,0.000279406,0.000305044,0.000325857,0.000355795,0.000380207,0.000415068,0.000443598,0.000484098,0.000517343,0.000564295,0.00060294,0.000657273,0.000702097,0.000764863,0.000816756,0.000889147,0.00094912,0.00103249,0.00110168,0.00119754,0.00127726,0.00138734,0.00147904,0.00160525,0.00171059,0.00185512,0.00197594,0.00214121,0.00227961,0.00246834,0.00262666,0.0028419,0.00302275,0.00326789,0.00347422,0.00375304,0.00398811,0.00430482,0.00457228,0.00493156,0.00523548,0.00564252,0.0059874,0.00644793,0.00683879,0.00735916,0.00780155,0.00838877,0.00888882,0.00955061,0.0101151,0.01086,0.0114964,0.0123336,0.0130502,0.0139901,0.0147958,0.0158496,0.0167545,0.0179344,0.0189492,0.0202686,0.0214053,0.0228789,0.0241504,0.0257939,0.0272145,0.0290452,0.0306302,0.0326669,0.0344331,0.0366958,0.0386614,0.0411722,0.0433569,0.0461392,0.0485642,0.0516436,0.0543319,0.0577356,0.0607121,0.0644694,0.0677606,0.0719029,0.0755375,0.0800985,0.0841071,0.0891225,0.0935379,0.0990461,0.103903,0.109945,0.115281,0.121899,0.127755,0.134994,0.141411,0.149321,0.156344,0.164976,0.172652,0.182058,0.190437,0.200675,0.20981,0.220939,0.230885,0.242966,0.253782,0.266879,0.278625,0.292806,0.305547,0.320882,0.334682,0.351244,0.366173,0.384035,0.400165,0.419406,0.43681,0.457509,0.476264,0.498501,0.518686,0.542546,0.56424,0.589807,0.613094,0.640454,0.665417,0.694658,0.721384,0.752593,0.781168,0.814434,0.844947,0.880358,0.912896,0.950541,0.985193,1.02516,1.06201,1.10439,1.14353,1.1884,1.22992,1.27736,1.32134,1.37143,1.41796,1.47079,1.51994,1.57557,1.62742,1.68593,1.74056,1.80199,1.85947,1.9239,1.98429,2.05177,2.11513,2.18569,2.25208,2.32576,2.39522,2.47206,2.54464,2.62465,2.70036,2.78356,2.86244,2.94882,3.03088,3.12043,3.20568,3.29839,3.38681,3.48263,3.57422,3.67312,3.76783,3.86975,3.96755,4.07241,4.17326,4.28098,4.38479,4.49528,4.60198,4.71512,4.82462,4.94028,5.05248,5.17052,5.28529,5.40557,5.52277,5.64511,5.7646,5.88882,6.01043,6.13633,6.25989,6.38727,6.51258,6.64121,6.76807,6.89772,7.02591,7.15632,7.28562,7.41654,7.54669,7.67785,7.8086,7.93972,8.07081,8.2016,8.33275,8.46292,8.59384,8.72307,8.85348,8.98147,9.11106,9.2375,9.36595,9.49052,9.61753,9.7399,9.86516,9.98502,10.1082,10.2252,10.346,10.4599,10.5779,10.6883,10.8034,10.91,11.0217,11.1242,11.2322,11.3304,11.4344,11.5279,11.6277,11.7163,11.8115,11.8949,11.9853,12.0633,12.1486,12.221,12.301,12.3676,12.4422,12.5028,12.5718,12.6264,12.6898,12.7385,12.7963,12.8391,12.8914,12.9286,12.9756,13.0074,13.0493,13.0756,13.1119,13.1322,13.1619,13.1743,13.1952,13.1974,6.57178,-0.231913,-0.391211,-0.36512,-0.326464,-0.277466,-0.22169,-0.161125,-0.0980638,-0.0335512,-0
-0,-1.70706e-08,-2.82294e-07,-5.56216e-07,-8.09107e-07,-1.07159e-06,-1.27739e-06,-1.47727e-06,-1.57752e-06,-9.52637e-07,4.31466e-05,8.80088e-05,8.7796e-05,9.05388e-05,9.15777e-05,9.56837e-05,9.80138e-05,0.000103593,0.000107279,0.000114469,0.000119601,0.000128571,0.000135269,0.000146224,0.000154641,0.00016783,0.000178161,0.000193879,0.000206357,0.000224953,0.000239859,0.00026174,0.000279406,0.000305044,0.000325857,0.000355795,0.000380207,0.000415068,0.000443598,0.000484098,0.000517343,0.000564295,0.00060294,0.000657273,0.000702097,0.000764863,0.000816756,0.000889147,0.00094912,0.00103249,0.00110168,0.00119754,0.00127726,0.00138734,0.00147904,0.00160525,0.00171059,0.00185512,0.00197594,0.00214121,0.00227961,0.00246834,0.00262666,0.0028419,0.00302275,0.00326789,0.00347422,0.00375304,0.00398811,0.00430482,0.00457228,0.00493156,0.00523548,0.00564252,0.0059874,0.00644793,0.00683879,0.00735916,0.00780155,0.00838877,0.00888882,0.00955061,0.0101151,0.01086,0.0114964,0.0123336,0.0130502,0.0139901,0.0147958,0.0158496,0.0167545,0.0179344,0.0189492,0.0202686,0.0214053,0.0228789,0.0241504,0.0257939,0.0272145,0.0290452,0.0306302,0.0326669,0.0344331,0.0366958,0.0386614,0.0411722,0.0433569,0.0461392,0.0485642,0.0516436,0.0543319,0.0577356,0.0607121,0.0644694,0.0677606,0.0719029,0.0755375,0.0800985,0.0841071,0.0891225,0.0935379,0.0990461,0.103903,0.109945,0.115281,0.121899,0.127755,0.134994,0.141411,0.149321,0.156344,0.164976,0.172652,0.182058,0.190437,0.200675,0.20981,0.220939,0.230885,0.242966,0.253782,0.266879,0.278625,0.292806,0.305547,0.320882,0.334682,0.351244,0.366173,0.384035,0.400165,0.419406,0.43681,0.457509,0.476264,0.498501,0.518686,0.542546,0.56424,0.589807,0.613094,0.640454,0.665417,0.694658,0.721384,0.752593,0.781168,0.814434,0.844947,0.880358,0.912896,0.950541,0.985193,1.02516,1.06201,1.10439,1.14353,1.1884,1.22992,1.27736,1.32134,1.37143,1.41796,1.47079,1.51994,1.57557,1.62742,1.68593,1.74056,1.80199,1.85947,1.9239,1.98429,2.05177,2.11513,2.18569,2.25208,2.32576,2.39522,2.47206,2.54464,2.62465,2.70036,2.78356,2.86244,2.94882,3.03088,3.12043,3.20568,3.29839,3.38681,3.48263,3.57422,3.67312,3.76783,3.86975,3.96755,4.07241,4.17326,4.28098,4.38479,4.49528,4.60198,4.71512,4.82462,4.94028,5.05248,5.17052,5.28529,5.40557,5.52277,5.64511,5.7646,5.88882,6.01043,6.13633,6.25989,6.38727,6.51258,6.64121,6.76807,6.89772,7.02591,7.15632,7.28562,7.41654,7.54669,7.67785,7.8086,7.93972,8.07081,8.2016,8.33275,8.46292,8.59384,8.72307,8.85348,8.98147,9.11106,9.2375,9.36595,9.49052,9.61753,9.7399,9.86516,9.98502,10.1082,10.2252,10.346,10.4599,10.5779,10.6883,10.8034,10.91,11.0217,11.1242,11.2322,11.3304,11.4344,11.5279,11.6277,11.7163,11.8115,11.8949,11.9853,12.0633,12.1486,12.221,12.301,12.3676,12.4422,12.5028,12.5718,12.6264,12.6898,12.7385,12.7963,12.8391,12.8914,12.9286,12.9756,13.0074,13.0493,13.0756,13.1119,13.1322,13.1619,13.1743,13.1952,13.1974,6.57178,-0.231913,-0.391211,-0.36512,-0.326464,-0.277466,-0.22169,-0.161125,-0.0980638,-0.0335512,-0
