-8.14956e-06,-8.14956e-06,-8.11541e-06,-7.58497e-06,-7.00298e-06,-5.96675e-06,-4.8598e-06,-3.41197e-06,-1.90527e-06,-2.56928e-07,0,-8.655e-05,-0.000176018,-0.000262142,-0.000357095,-0.000445297,-0.000548463,-0.000641325,-0.000755649,-0.000855883,-0.000984587,-0.00109509,-0.00124173,-0.00136562,-0.00153418,-0.00167491,-0.00186984,-0.00203123,-0.0022576,-0.00244394,-0.0027075,-0.00292366,-0.00323098,-0.00348247,-0.00384107,-0.00413419,-0.00455266,-0.0048946,-0.0053828,-0.0057818,-0.00635099,-0.00681648,-0.00747958,-0.00802236,-0.00879413,-0.00942656,-0.0103239,-0.0110601,-0.0121021,-0.0129583,-0.0141671,-0.0151617,-0.0165622,-0.0177162,-0.0193369,-0.0206743,-0.0225474,-0.0240955,-0.0262576,-0.0280473,-0.03054,-0.0326066,-0.0354767,-0.0378599,-0.0411605,-0.0439054,-0.0476963,-0.0508538,-0.0552024,-0.05883,-0.063812,-0.0679746,-0.0736751,-0.0784455,-0.0849602,-0.0904203,-0.097856,-0.104098,-0.112574,-0.119701,-0.129352,-0.137479,-0.148453,-0.157709,-0.170173,-0.180702,-0.19484,-0.206802,-0.222821,-0.236394,-0.25452,-0.269903,-0.290389,-0.307801,-0.330926,-0.350612,-0.376684,-0.398912,-0.428272,-0.453341,-0.486362,-0.514602,-0.551696,-0.583468,-0.625087,-0.660791,-0.707432,-0.747505,-0.79971,-0.844633,-0.902997,-0.953297,-1.01847,-1.07472,-1.14741,-1.21024,-1.29121,-1.36132,-1.45141,-1.52953,-1.62966,-1.71661,-1.82775,-1.92441,-2.04764,-2.15498,-2.29143,-2.41049,-2.56142,-2.69331,-2.86007,-3.006,-3.19002,-3.3513,-3.55413,-3.73217,-3.95548,-4.15179,-4.39736,-4.61356,-4.88329,-5.12113,-5.41705,-5.67838,-6.00266,-6.28947,-6.64443,-6.95883,-7.34691,-7.69118,-8.11498,-8.49151,-8.9538,-9.36513,-9.86881,-10.3177,-10.8658,-11.355,-11.9509,-12.4835,-13.1305,-13.7097,-14.4114,-15.0405,-15.8007,-16.4833,-17.3059,-18.0456,-18.9348,-19.7355,-20.6955,-21.5613,-22.5966,-23.5317,-24.6469,-25.6557,-26.8557,-27.9428,-29.2325,-30.4026,-31.7872,-33.0453,-34.5301,-35.8812,-37.4716,-38.9211,-40.6228,-42.176,-43.9946,-45.6571,-47.5986,-49.376,-51.4464,-53.3446,-55.55,-57.5749,-59.9213,-62.079,-64.5729,-66.8695,-69.517,-71.9588,-74.7663,-77.3595,-80.3334,-83.0844,-86.231,-89.1461,-92.4719,-95.5575,-99.0687,-102.331,-106.034,-109.48,-113.38,-117.015,-121.12,-124.95,-129.265,-133.297,-137.826,-142.066,-146.817,-151.27,-156.247,-160.92,-166.128,-171.025,-176.469,-181.595,-187.28,-192.641,-198.57,-204.17,-210.348,-216.191,-222.621,-228.711,-235.395,-241.736,-248.677,-255.272,-262.473,-269.324,-276.786,-283.895,-291.619,-298.988,-306.974,-314.605,-322.854,-330.747,-339.257,-347.413,-356.183,-364.6,-373.629,-382.307,-391.592,-400.529,-410.067,-419.261,-429.048,-438.496,-448.528,-458.227,-468.498,-478.443,-488.948,-499.135,-509.868,-520.291,-531.245,-541.898,-553.065,-563.941,-575.313,-586.405,-597.974,-609.274,-621.03,-632.53,-644.462,-656.153,-668.252,-680.123,-692.379,-704.42,-716.82,-729.022,-741.556,-753.907,-766.561,-779.05,-791.814,-804.43,-817.291,-830.022,-842.969,-855.805,-868.826,-881.757,-894.841,-907.855,-920.992,-934.079,-947.257,-960.403,-973.605,-986.793,-1000,-999.937,-999.536,-999.154,-998.806,-998.501,-998.251,-998.058,-997.929,-997.862,-997.862
-8.14956e-06,-8.14956e-06,-8.11541e-06,-7.58497e-06,-7.00298e-06,-5.96675e-06,-4.8598e-06,-3.41197e-06,-1.90527e-06,-2.56928e-07,0,-8.655e-05,-0.000176018,-0.000262142,-0.000357095,-0.000445297,-0.000548463,-0.000641325,-0.000755649,-0.000855883,-0.000984587,-0.00109509,-0.00124173,-0.00136562,-0.00153418,-0.00167491,-0.00186984,-0.00203123,-0.0022576,-0.00244394,-0.0027075,-0.00292366,-0.00323098,-0.00348247,-0.00384107,-0.00413419,-0.00455266,-0.0048946,-0.0053828,-0.0057818,-0.00635099,-0.00681648,-0.00747958,-0.00802236,-0.00879413,-0.00942656,-0.0103239,-0.0110601,-0.0121021,-0.0129583,-0.0141671,-0.0151617,-0.0165622,-0.0177162,-0.0193369,-0.0206743,-0.0225474,-0.0240955,-0.0262576,-0.0280473,-0.03054,-0.0326066,-0.0354767,-0.0378599,-0.0411605,-0.0439054,-0.0476963,-0.0508538,-0.0552024,-0.05883,-0.063812,-0.0679746,-0.0736751,-0.0784455,-0.0849602,-0.0904203,-0.097856,-0.104098,-0.112574,-0.119701,-0.129352,-0.137479,-0.148453,-0.157709,-0.170173,-0.180702,-0.19484,-0.206802,-0.222821,-0.236394,-0.25452,-0.269903,-0.290389,-0.307801,-0.330926,-0.350612,-0.376684,-0.398912,-0.428272,-0.453341,-0.486362,-0.514602,-0.551696,-0.583468,-0.625087,-0.660791,-0.707432,-0.747505,-0.79971,-0.844633,-0.902997,-0.953297,-1.01847,-1.07472,-1.14741,-1.21024,-1.29121,-1.36132,-1.45141,-1.52953,-1.62966,-1.71661,-1.82775,-1.92441,-2.04764,-2.15498,-2.29143,-2.41049,-2.56142,-2.69331,-2.86007,-3.006,-3.19002,-3.3513,-3.55413,-3.73217,-3.95548,-4.15179,-4.39736,-4.61356,-4.88329,-5.12113,-5.41705,-5.67838,-6.00266,-6.28947,-6.64443,-6.95883,-7.34691,-7.69118,-8.11498,-8.49151,-8.9538,-9.36513,-9.86881,-10.3177,-10.8658,-11.355,-11.9509,-12.4835,-13.1305,-13.7097,-14.4114,-15.0405,-15.8007,-16.4833,-17.3059,-18.0456,-18.9348,-19.7355,-20.6955,-21.5613,-22.5966,-23.5317,-24.6469,-25.6557,-26.8557,-27.9428,-29.2325,-30.4026,-31.7872,-33.0453,-34.5301,-35.8812,-37.4716,-38.9211,-40.6228,-42.176,-43.9946,-45.6571,-47.5986,-49.376,-51.4464,-53.3446,-55.55,-57.5749,-59.9213,-62.079,-64.5729,-66.8695,-69.517,-71.9588,-74.7663,-77.3595,-80.3334,-83.0844,-86.231,-89.1461,-92.4719,-95.5575,-99.0687,-102.331,-106.034,-109.48,-113.38,-117.015,-121.12,-124.95,-129.265,-133.297,-137.826,-142.066,-146.817,-151.27,-156.247,-160.92,-166.128,-171.025,-176.469,-181.595,-187.28,-192.641,-198.57,-204.17,-210.348,-216.191,-222.621,-228.711,-235.395,-241.736,-248.677,-255.272,-262.473,-269.324,-276.786,-283.895,-291.619,-298.988,-306.974,-314.605,-322.854,-330.747,-339.257,-347.413,-356.183,-364.6,-373.629,-382.307,-391.592,-400.529,-410.067,-419.261,-429.048,-438.496,-448.528,-458.227,-468.498,-478.443,-488.948,-499.135,-509.868,-520.291,-531.245,-541.898,-553.065,-563.941,-575.313,-586.405,-597.974,-609.274,-621.03,-632.53,-644.462,-656.153,-668.252,-680.123,-692.379,-704.42,-716.82,-729.022,-741.556,-753.907,-766.561,-779.05,-791.814,-804.43,-817.291,-830.022,-842.969,-855.805,-868.826,-881.757,-894.841,-907.855,-920.992,-934.079,-947.257,-960.403,-973.605,-986.793,-1000,-999.937,-999.536,-999.154,-998.806,-998.501,-998.251,-998.058,-997.929,-997.862,-997.862
-8.70768e-06,-8.70768e-06,-8.43418e-06,-8.12224e-06,-7.30455e-06,-6.41837e-06,-5.09502e-06,-3.68818e-06,-2.00555e-06,-2.78313e-07,0,-8.87475e-05,-0.000175808,-0.000268778,-0.000356658,-0.000456511,-0.000547773,-0.000657367,-0.000754681,-0.000877127,-0.000983317,-0.00112203,-0.00124013,-0.00139889,-0.00153221,-0.00171527,-0.00186746,-0.00207962,-0.00225476,-0.00250144,-0.00270414,-0.00299156,-0.00322703,-0.00356225,-0.00383644,-0.00422756,-0.00454725,-0.00500355,-0.0053765,-0.00590859,-0.00634368,-0.00696372,-0.00747111,-0.008193,-0.00878433,-0.00962395,-0.0103125,-0.011288,-0.0120891,-0.0132212,-0.0141521,-0.0154643,-0.0165449,-0.0180641,-0.0193171,-0.0210737,-0.0225247,-0.0245534,-0.0262316,-0.0285716,-0.0305103,-0.033206,-0.0354428,-0.0385443,-0.0411219,-0.0446857,-0.0476523,-0.0517424,-0.0551524,-0.0598405,-0.0637552,-0.0691222,-0.0736107,-0.0797472,-0.0848872,-0.0918947,-0.0977735,-0.105766,-0.112481,-0.121585,-0.129247,-0.139605,-0.148335,-0.160104,-0.17004,-0.183397,-0.194691,-0.209831,-0.222653,-0.239794,-0.254332,-0.273714,-0.290178,-0.312068,-0.33069,-0.355382,-0.376421,-0.404239,-0.427978,-0.459281,-0.486035,-0.521217,-0.551333,-0.590826,-0.624684,-0.668964,-0.706984,-0.756571,-0.799214,-0.854678,-0.902449,-0.964412,-1.01786,-1.087,-1.14674,-1.2238,-1.29048,-1.37626,-1.4506,-1.54598,-1.62876,-1.73469,-1.82677,-1.94427,-2.04656,-2.17675,-2.29026,-2.43433,-2.56014,-2.71939,-2.85866,-3.03449,-3.18849,-3.38238,-3.55246,-3.76604,-3.95367,-4.18864,-4.39539,-4.65361,-4.88115,-5.16459,-5.41473,-5.72548,-6.00015,-6.34046,-6.64171,-7.01396,-7.34398,-7.7507,-8.11182,-8.55569,-8.95039,-9.43425,-9.86515,-10.392,-10.8619,-11.4349,-11.9467,-12.5691,-13.126,-13.8014,-14.4066,-15.1387,-15.7956,-16.5882,-17.3004,-18.1575,-18.9289,-19.8548,-20.6892,-21.6882,-22.5899,-23.6666,-24.6398,-25.7989,-26.8482,-28.0945,-29.2245,-30.5632,-31.7788,-33.2151,-34.5212,-36.0604,-37.4623,-39.11,-40.6129,-42.3748,-43.9843,-45.8661,-47.5878,-49.5955,-51.435,-53.5747,-55.538,-57.8158,-59.9089,-62.3309,-64.5598,-67.1324,-69.5034,-72.2328,-74.7521,-77.6447,-80.3187,-83.3809,-86.2158,-89.4539,-92.4561,-95.8764,-99.0523,-102.661,-106.017,-109.821,-113.363,-117.367,-121.102,-125.313,-129.246,-133.67,-137.807,-142.449,-146.797,-151.663,-156.227,-161.321,-166.107,-171.435,-176.448,-182.014,-187.259,-193.067,-198.549,-204.603,-210.326,-216.631,-222.598,-229.156,-235.373,-242.186,-248.655,-255.727,-262.45,-269.782,-276.762,-284.356,-291.595,-299.45,-306.951,-315.068,-322.831,-331.209,-339.234,-347.873,-356.16,-365.059,-373.606,-382.762,-391.569,-400.979,-410.044,-419.705,-429.026,-438.934,-448.506,-458.656,-468.477,-478.863,-488.927,-499.545,-509.848,-520.689,-531.225,-542.283,-553.046,-564.313,-575.295,-586.762,-597.956,-609.615,-621.013,-632.854,-644.446,-656.459,-668.237,-680.411,-692.364,-704.689,-716.807,-729.27,-741.543,-754.133,-766.55,-779.254,-791.803,-804.611,-817.28,-830.18,-842.959,-855.938,-868.816,-881.863,-894.83,-907.936,-920.981,-934.134,-947.247,-960.434,-973.599,-986.803,-1000,-999.934,-999.518,-999.122,-998.762,-998.45,-998.193,-997.998,-997.865,-997.8,-997.8
-9.3491e-06,-9.3491e-06,-9.33049e-06,-8.76136e-06,-8.13977e-06,-6.98905e-06,-5.7372e-06,-4.05781e-06,-2.27756e-06,-3.07597e-07,0,-8.85435e-05,-0.000180052,-0.000268142,-0.000365214,-0.000455394,-0.000560807,-0.000655718,-0.000772483,-0.000874897,-0.0010063,-0.00111917,-0.00126883,-0.00139534,-0.0015673,-0.00171094,-0.00190975,-0.00207442,-0.0023052,-0.00249527,-0.00276388,-0.00298427,-0.00329737,-0.00355369,-0.0039189,-0.00421755,-0.00464361,-0.00499188,-0.00548877,-0.00589503,-0.00647417,-0.00694798,-0.00762247,-0.00817477,-0.00895956,-0.00960289,-0.0105151,-0.0112637,-0.0123228,-0.0131932,-0.0144213,-0.0154321,-0.0168546,-0.0180272,-0.0196728,-0.0210313,-0.0229328,-0.0245048,-0.0266991,-0.0285161,-0.0310451,-0.0331425,-0.0360538,-0.0384719,-0.0418189,-0.0446033,-0.0484465,-0.0516486,-0.056056,-0.059734,-0.0647821,-0.0690013,-0.0747761,-0.0796102,-0.086208,-0.0917396,-0.0992685,-0.10559,-0.114171,-0.121387,-0.131154,-0.139381,-0.150485,-0.159853,-0.172461,-0.183115,-0.197414,-0.209514,-0.225711,-0.239438,-0.257761,-0.273316,-0.29402,-0.311622,-0.334988,-0.354884,-0.381222,-0.403684,-0.433335,-0.458662,-0.492005,-0.520528,-0.557976,-0.59006,-0.632068,-0.668114,-0.71518,-0.75563,-0.8083,-0.853636,-0.912508,-0.963259,-1.02899,-1.08573,-1.15902,-1.22239,-1.30402,-1.37471,-1.46552,-1.54428,-1.64518,-1.73282,-1.8448,-1.94222,-2.06635,-2.1745,-2.31194,-2.43187,-2.58386,-2.7167,-2.88459,-3.03155,-3.21679,-3.37918,-3.58332,-3.76255,-3.98727,-4.18485,-4.43192,-4.64949,-4.92082,-5.16012,-5.45775,-5.72065,-6.04675,-6.33523,-6.69212,-7.00831,-7.39844,-7.7446,-8.17058,-8.54912,-9.01371,-9.42717,-9.93329,-10.3844,-10.9351,-11.4267,-12.0253,-12.5604,-13.2102,-13.7921,-14.4968,-15.1287,-15.892,-16.5775,-17.4034,-18.1461,-19.0387,-19.8426,-20.8061,-21.6753,-22.7142,-23.6528,-24.7719,-25.7843,-26.9882,-28.0791,-29.3728,-30.5469,-31.9357,-33.1978,-34.6869,-36.0422,-37.6371,-39.0908,-40.7971,-42.3546,-44.178,-45.8449,-47.7912,-49.5732,-51.6485,-53.5514,-55.7616,-57.7913,-60.1428,-62.3053,-64.8042,-67.1057,-69.7583,-72.2051,-75.0177,-77.6159,-80.5949,-83.3509,-86.5026,-89.4227,-92.7536,-95.8442,-99.3603,-102.628,-106.336,-109.786,-113.692,-117.331,-121.441,-125.276,-129.595,-133.632,-138.166,-142.411,-147.165,-151.623,-156.604,-161.281,-166.493,-171.394,-176.841,-181.972,-187.66,-193.024,-198.957,-204.56,-210.74,-216.586,-223.019,-229.111,-235.798,-242.141,-249.084,-255.681,-262.883,-269.736,-277.199,-284.309,-292.033,-299.404,-307.39,-315.022,-323.27,-331.163,-339.672,-347.827,-356.596,-365.013,-374.039,-382.716,-391.999,-400.934,-410.469,-419.661,-429.444,-438.89,-448.917,-458.613,-468.879,-478.821,-489.321,-499.504,-510.231,-520.649,-531.597,-542.244,-553.405,-564.275,-575.641,-586.727,-598.288,-609.581,-621.329,-632.821,-644.746,-656.428,-668.519,-680.382,-692.628,-704.661,-717.052,-729.245,-741.768,-754.109,-766.753,-779.232,-791.985,-804.59,-817.439,-830.159,-843.093,-855.917,-868.925,-881.842,-894.913,-907.914,-921.038,-934.113,-947.28,-960.417,-973.613,-986.797,-1000,-999.929,-999.479,-999.054,-998.671,-998.342,-998.076,-997.873,-997.739,-997.67,-997.67
-1.06053e-05,-1.06053e-05,-1.03146e-05,-1.00092e-05,-9.10202e-06,-8.10289e-06,-6.52445e-06,-4.78421e-06,-2.62737e-06,-3.65467e-07,0,-9.05864e-05,-0.000179442,-0.000274282,-0.000363921,-0.000465711,-0.000558749,-0.000670413,-0.000769587,-0.000894299,-0.00100249,-0.00114373,-0.00126403,-0.00142564,-0.0015614,-0.00174769,-0.00190263,-0.00211846,-0.0022967,-0.00254758,-0.00275381,-0.00304602,-0.00328552,-0.00362624,-0.00390503,-0.00430245,-0.0046274,-0.00509092,-0.0054699,-0.00601027,-0.00645226,-0.00708177,-0.00759708,-0.00832979,-0.00893019,-0.00978218,-0.0104811,-0.0114708,-0.0122837,-0.0134318,-0.0143763,-0.0157069,-0.0168029,-0.018343,-0.0196135,-0.0213938,-0.0228647,-0.0249203,-0.0266212,-0.0289916,-0.0309561,-0.0336861,-0.0359522,-0.0390924,-0.0417031,-0.0453107,-0.0483146,-0.052454,-0.0559061,-0.0606497,-0.0646119,-0.0700412,-0.074583,-0.0807894,-0.0859894,-0.0930751,-0.0990212,-0.107101,-0.113892,-0.123094,-0.130839,-0.141306,-0.150131,-0.162021,-0.172062,-0.185554,-0.196965,-0.212256,-0.225207,-0.242515,-0.257197,-0.276763,-0.293388,-0.315481,-0.334282,-0.359198,-0.380434,-0.4085,-0.432456,-0.464032,-0.491026,-0.526507,-0.556887,-0.59671,-0.630858,-0.675499,-0.713839,-0.763821,-0.806814,-0.86271,-0.910864,-0.973299,-1.02717,-1.09682,-1.15702,-1.23464,-1.30181,-1.3882,-1.46309,-1.55913,-1.6425,-1.74915,-1.84186,-1.96014,-2.06313,-2.19415,-2.30841,-2.45339,-2.58001,-2.74023,-2.88038,-3.05725,-3.2122,-3.40721,-3.57832,-3.79309,-3.98182,-4.21808,-4.426,-4.68559,-4.91439,-5.1993,-5.45079,-5.76311,-6.03921,-6.38119,-6.68397,-7.05799,-7.38963,-7.79823,-8.16108,-8.60694,-9.00348,-9.48944,-9.92228,-10.4513,-10.9233,-11.4986,-12.0126,-12.6375,-13.1967,-13.8747,-14.4822,-15.217,-15.8765,-16.6719,-17.3868,-18.2469,-19.021,-19.9499,-20.7873,-21.7895,-22.6942,-23.7742,-24.7506,-25.9131,-26.9657,-28.2156,-29.349,-30.6914,-31.9105,-33.3505,-34.6603,-36.2034,-37.609,-39.2607,-40.7675,-42.5335,-44.1469,-46.0329,-47.7586,-49.7706,-51.6143,-53.7583,-55.7258,-58.0079,-60.1053,-62.5318,-64.7651,-67.3421,-69.7175,-72.4514,-74.9752,-77.8723,-80.5507,-83.6174,-86.4568,-89.6993,-92.706,-96.1308,-99.3111,-102.924,-106.285,-110.093,-113.639,-117.648,-121.387,-125.602,-129.539,-133.967,-138.109,-142.754,-147.107,-151.976,-156.544,-161.642,-166.431,-171.762,-176.779,-182.348,-187.596,-193.407,-198.892,-204.949,-210.674,-216.981,-222.952,-229.512,-235.73,-242.546,-249.016,-256.089,-262.814,-270.147,-277.129,-284.723,-291.964,-299.819,-307.32,-315.437,-323.2,-331.578,-339.602,-348.241,-356.527,-365.424,-373.97,-383.124,-391.93,-401.338,-410.401,-420.06,-429.378,-439.282,-448.852,-458.998,-468.815,-479.198,-489.259,-499.871,-510.17,-521.006,-531.538,-542.59,-553.348,-564.609,-575.586,-587.047,-598.235,-609.887,-621.279,-633.113,-644.698,-656.703,-668.474,-680.64,-692.586,-704.902,-717.012,-729.466,-741.731,-754.311,-766.719,-779.414,-791.952,-804.749,-817.408,-830.295,-843.062,-856.028,-868.893,-881.927,-894.88,-907.971,-921.004,-934.145,-947.249,-960.43,-973.593,-986.799,-1000,-999.92,-999.415,-998.944,-998.525,-998.174,-997.892,-997.684,-997.544,-997.477,-997.477
-1.19226e-05,-1.19226e-05,-1.19663e-05,-1.13659e-05,-1.07298e-05,-9.39878e-06,-7.88291e-06,-5.69346e-06,-3.24668e-06,-4.40456e-07,0,-9.02013e-05,-0.000183385,-0.000273053,-0.000371795,-0.000463508,-0.000570654,-0.00066713,-0.000785768,-0.000889848,-0.00102333,-0.00113801,-0.00129001,-0.00141854,-0.00159314,-0.00173905,-0.00194086,-0.00210808,-0.0023423,-0.00253525,-0.00280778,-0.00303147,-0.00334906,-0.00360915,-0.00397951,-0.00428247,-0.00471442,-0.00506763,-0.00557127,-0.00598318,-0.00657006,-0.00705034,-0.00773369,-0.00829341,-0.00908832,-0.00974013,-0.0106639,-0.0114222,-0.0124945,-0.013376,-0.0146191,-0.0156426,-0.0170822,-0.0182691,-0.0199342,-0.0213091,-0.0232326,-0.0248233,-0.0270426,-0.0288807,-0.031438,-0.0335594,-0.0365026,-0.0389479,-0.042331,-0.045146,-0.0490299,-0.0522667,-0.0567198,-0.0604368,-0.0655364,-0.0697996,-0.0756321,-0.0805156,-0.0871781,-0.0927653,-0.100366,-0.106751,-0.115412,-0.122698,-0.132555,-0.14086,-0.152065,-0.16152,-0.17424,-0.18499,-0.199414,-0.211622,-0.227956,-0.241804,-0.26028,-0.275968,-0.296841,-0.314591,-0.338144,-0.358204,-0.384748,-0.40739,-0.437269,-0.462796,-0.496388,-0.525131,-0.562854,-0.59518,-0.637489,-0.673802,-0.721198,-0.761939,-0.814971,-0.860627,-0.919894,-0.970995,-1.03715,-1.09428,-1.16804,-1.23183,-1.31397,-1.38511,-1.47647,-1.55573,-1.65723,-1.74541,-1.85804,-1.95604,-2.08087,-2.18966,-2.32785,-2.44847,-2.60128,-2.73486,-2.90363,-3.05138,-3.23757,-3.40082,-3.60597,-3.78613,-4.01193,-4.2105,-4.45873,-4.67737,-4.94994,-5.19038,-5.48933,-5.75344,-6.08096,-6.37073,-6.72912,-7.04669,-7.43841,-7.78604,-8.21371,-8.5938,-9.06017,-9.47529,-9.98329,-10.4361,-10.9888,-11.4823,-12.083,-12.62,-13.2721,-13.8559,-14.563,-15.197,-15.9627,-16.6505,-17.4789,-18.224,-19.1192,-19.9256,-20.8919,-21.7636,-22.8054,-23.7467,-24.8687,-25.884,-27.0909,-28.1847,-29.4816,-30.6587,-32.0507,-33.316,-34.8085,-36.167,-37.7653,-39.2224,-40.9321,-42.4931,-44.3201,-45.9905,-47.9405,-49.7261,-51.8051,-53.7116,-55.9257,-57.9591,-60.3144,-62.4807,-64.9835,-67.2888,-69.9453,-72.3959,-75.2124,-77.8146,-80.7975,-83.5574,-86.713,-89.6371,-92.9718,-96.0663,-99.5863,-102.858,-106.569,-110.024,-113.933,-117.577,-121.689,-125.529,-129.851,-133.892,-138.429,-142.677,-147.435,-151.897,-156.881,-161.561,-166.775,-171.68,-177.13,-182.263,-187.954,-193.321,-199.256,-204.862,-211.044,-216.893,-223.327,-229.422,-236.11,-242.455,-249.4,-255.998,-263.201,-270.055,-277.518,-284.63,-292.355,-299.726,-307.712,-315.344,-323.591,-331.485,-339.993,-348.148,-356.916,-365.332,-374.357,-383.033,-392.313,-401.248,-410.78,-419.97,-429.751,-439.194,-449.219,-458.912,-469.175,-479.113,-489.61,-499.789,-510.512,-520.926,-531.87,-542.513,-553.669,-564.534,-575.894,-586.975,-598.531,-609.819,-621.56,-633.047,-644.965,-656.642,-668.726,-680.582,-692.821,-704.847,-717.23,-729.416,-741.931,-754.264,-766.899,-779.369,-792.112,-804.707,-817.546,-830.254,-843.176,-855.987,-868.981,-881.884,-894.94,-907.926,-921.036,-934.098,-947.257,-960.391,-973.59,-986.782,-1000,-999.907,-999.32,-998.78,-998.315,-997.933,-997.639,-997.422,-997.284,-997.213,-997.213
-1.39489e-05,-1.39489e-05,-1.36744e-05,-1.34723e-05,-1.25281e-05,-1.14669e-05,-9.53166e-06,-7.21426e-06,-4.06807e-06,-5.70086e-07,0,-9.21282e-05,-0.000182442,-0.000278747,-0.000369708,-0.000472932,-0.00056726,-0.000680434,-0.000780957,-0.000907334,-0.00101699,-0.0011601,-0.00128203,-0.00144575,-0.00158333,-0.00177203,-0.00192902,-0.00214759,-0.00232816,-0.00258218,-0.00279105,-0.00308686,-0.00332937,-0.0036742,-0.00395643,-0.00435858,-0.00468748,-0.0051564,-0.0055399,-0.00608646,-0.00653363,-0.00717023,-0.00769146,-0.00843229,-0.00903947,-0.00990073,-0.0106075,-0.0116077,-0.0124294,-0.0135897,-0.0145443,-0.0158885,-0.0169961,-0.0185518,-0.0198355,-0.0216335,-0.0231194,-0.0251951,-0.026913,-0.0293061,-0.0312899,-0.0340457,-0.0363336,-0.0395029,-0.0421382,-0.0457787,-0.0488105,-0.0529868,-0.0564704,-0.0612555,-0.0652531,-0.070729,-0.0753108,-0.0815694,-0.0868143,-0.0939586,-0.099955,-0.1081,-0.114947,-0.124222,-0.132031,-0.142579,-0.151474,-0.163456,-0.173575,-0.187169,-0.198667,-0.214069,-0.227118,-0.24455,-0.259341,-0.279045,-0.295789,-0.318035,-0.336968,-0.362053,-0.383435,-0.411686,-0.435806,-0.467585,-0.494759,-0.530464,-0.561041,-0.60111,-0.635476,-0.680387,-0.718965,-0.769242,-0.812497,-0.868716,-0.917156,-0.979944,-1.03413,-1.10417,-1.1647,-1.24274,-1.31029,-1.39713,-1.47242,-1.56896,-1.65277,-1.75995,-1.85315,-1.972,-2.07551,-2.20716,-2.32198,-2.46763,-2.59486,-2.75581,-2.89661,-3.07426,-3.22992,-3.42577,-3.59763,-3.81331,-4.00285,-4.24007,-4.44887,-4.70949,-4.93923,-5.22524,-5.47773,-5.79122,-6.06839,-6.41162,-6.71554,-7.09088,-7.42374,-7.83374,-8.19789,-8.64523,-9.04314,-9.53066,-9.96496,-10.4957,-10.9692,-11.5462,-12.0618,-12.6886,-13.2494,-13.9294,-14.5387,-15.2756,-15.9369,-16.7344,-17.4513,-18.3136,-19.0898,-20.021,-20.8606,-21.8651,-22.7721,-23.8546,-24.8334,-25.9984,-27.0535,-28.306,-29.442,-30.787,-32.0088,-33.4517,-34.7642,-36.3102,-37.7186,-39.3733,-40.8829,-42.652,-44.2683,-46.1575,-47.8862,-49.9013,-51.7481,-53.8953,-55.866,-58.1514,-60.252,-62.6817,-64.9183,-67.4986,-69.8774,-72.6146,-75.1417,-78.0421,-80.7239,-83.7939,-86.6366,-89.8825,-92.8926,-96.3207,-99.5043,-103.121,-106.484,-110.296,-113.845,-117.857,-121.599,-125.817,-129.758,-134.189,-138.334,-142.982,-147.337,-152.209,-156.78,-161.88,-166.673,-172.006,-177.026,-182.597,-187.848,-193.661,-199.148,-205.207,-210.934,-217.243,-223.215,-229.777,-235.997,-242.814,-249.286,-256.36,-263.086,-270.42,-277.403,-284.997,-292.239,-300.094,-307.596,-315.712,-323.475,-331.853,-339.877,-348.515,-356.8,-365.697,-374.242,-383.395,-392.2,-401.606,-410.668,-420.324,-429.64,-439.542,-449.11,-459.253,-469.068,-479.447,-489.506,-500.115,-510.411,-521.243,-531.771,-542.82,-553.574,-564.83,-575.803,-587.259,-598.443,-610.09,-621.477,-633.305,-644.886,-656.885,-668.651,-680.811,-692.751,-705.06,-717.164,-729.612,-741.869,-754.442,-766.842,-779.529,-792.059,-804.846,-817.495,-830.371,-843.126,-856.079,-868.93,-881.948,-894.884,-907.959,-920.975,-934.102,-947.195,-960.374,-973.545,-986.771,-1000,-999.886,-999.177,-998.545,-998.02,-997.61,-997.303,-997.089,-996.951,-996.885,-996.885
-1.59506e-05,-1.59506e-05,-1.6167e-05,-1.56644e-05,-1.52238e-05,-1.38534e-05,-1.21529e-05,-9.21618e-06,-5.49209e-06,-7.57691e-07,0,-9.16497e-05,-0.000186198,-0.00027704,-0.000376962,-0.000469704,-0.000578022,-0.000675541,-0.000795457,-0.000900672,-0.00103559,-0.00115154,-0.00130518,-0.00143512,-0.00161159,-0.0017591,-0.00196304,-0.00213208,-0.00236873,-0.00256374,-0.00283906,-0.00306509,-0.00338588,-0.00364865,-0.00402267,-0.00432869,-0.00476484,-0.00512156,-0.00563001,-0.00604594,-0.00663834,-0.00712322,-0.00781287,-0.00837786,-0.00917998,-0.00983783,-0.0107698,-0.0115351,-0.0126167,-0.0135061,-0.0147599,-0.0157924,-0.0172441,-0.0184413,-0.0201202,-0.0215068,-0.023446,-0.0250499,-0.027287,-0.0291401,-0.0317176,-0.033856,-0.036822,-0.0392865,-0.0426953,-0.0455322,-0.0494449,-0.0527063,-0.057192,-0.0609368,-0.0660729,-0.0703674,-0.0762409,-0.0811596,-0.0878681,-0.0934947,-0.101147,-0.107576,-0.116295,-0.12363,-0.133552,-0.141912,-0.153188,-0.162705,-0.175505,-0.186324,-0.200835,-0.213121,-0.229553,-0.243486,-0.262071,-0.277853,-0.298846,-0.316702,-0.340387,-0.360563,-0.387254,-0.410025,-0.440065,-0.465733,-0.499504,-0.528403,-0.566321,-0.598819,-0.641342,-0.677844,-0.725474,-0.766423,-0.819712,-0.865595,-0.925142,-0.976492,-1.04295,-1.10035,-1.17445,-1.23853,-1.32103,-1.3925,-1.48426,-1.56386,-1.66579,-1.75435,-1.86744,-1.96586,-2.09119,-2.20043,-2.33916,-2.46026,-2.61365,-2.74775,-2.91715,-3.06547,-3.25233,-3.41618,-3.62206,-3.80287,-4.02944,-4.22872,-4.47778,-4.69717,-4.97062,-5.21186,-5.51176,-5.77673,-6.10525,-6.39594,-6.7554,-7.07394,-7.4668,-7.81547,-8.24433,-8.62553,-9.09317,-9.50946,-10.0188,-10.4729,-11.027,-11.5218,-12.1239,-12.6624,-13.316,-13.9013,-14.6099,-15.2455,-16.013,-16.7023,-17.5325,-18.2793,-19.1764,-19.9846,-20.9528,-21.8264,-22.8702,-23.8134,-24.9375,-25.9547,-27.1638,-28.2597,-29.5589,-30.7381,-32.1324,-33.3999,-34.8947,-36.2556,-37.8563,-39.3157,-41.028,-42.5914,-44.4209,-46.0938,-48.0464,-49.8346,-51.9162,-53.8253,-56.0421,-58.0782,-60.4362,-62.6052,-65.1107,-67.4188,-70.078,-72.5314,-75.3506,-77.9555,-80.9412,-83.7039,-86.8623,-89.7892,-93.1266,-96.2239,-99.7467,-103.021,-106.735,-110.192,-114.104,-117.75,-121.866,-125.708,-130.032,-134.076,-138.616,-142.866,-147.627,-152.09,-157.077,-161.759,-166.976,-171.882,-177.335,-182.47,-188.163,-193.532,-199.468,-205.076,-211.26,-217.11,-223.546,-229.642,-236.331,-242.678,-249.623,-256.223,-263.427,-270.281,-277.745,-284.858,-292.582,-299.954,-307.94,-315.573,-323.82,-331.713,-340.221,-348.376,-357.143,-365.558,-374.582,-383.258,-392.537,-401.47,-411.001,-420.19,-429.968,-439.41,-449.432,-459.124,-469.384,-479.321,-489.814,-499.991,-510.711,-521.123,-532.063,-542.703,-553.855,-564.718,-576.074,-587.152,-598.703,-609.987,-621.725,-633.207,-645.121,-656.793,-668.872,-680.724,-692.957,-704.979,-717.356,-729.536,-742.044,-754.372,-767,-779.463,-792.198,-804.785,-817.614,-830.312,-843.222,-856.02,-868.999,-881.885,-894.922,-907.888,-920.978,-934.021,-947.165,-960.295,-973.505,-986.731,-1000,-999.855,-998.957,-998.199,-997.613,-997.181,-996.879,-996.674,-996.551,-996.49,-996.49
-1.87336e-05,-1.87336e-05,-1.85921e-05,-1.87684e-05,-1.81134e-05,-1.74254e-05,-1.54269e-05,-1.25708e-05,-7.66418e-06,-1.13054e-06,0,-9.36417e-05,-0.000185143,-0.000282453,-0.000374201,-0.000478269,-0.00057333,-0.00068741,-0.000788742,-0.000916159,-0.00102674,-0.00117105,-0.00129402,-0.00145913,-0.0015979,-0.00178819,-0.00194652,-0.00216691,-0.00234901,-0.0026051,-0.00281572,-0.0031139,-0.00335841,-0.00370596,-0.00399048,-0.00439574,-0.00472725,-0.00519976,-0.00558625,-0.0061369,-0.0065875,-0.00722879,-0.00775395,-0.00850014,-0.00911182,-0.00997921,-0.0106911,-0.0116983,-0.0125259,-0.0136941,-0.0146554,-0.0160088,-0.017124,-0.01869,-0.0199824,-0.0217921,-0.023288,-0.0253769,-0.0271061,-0.0295143,-0.0315108,-0.0342836,-0.0365859,-0.0397745,-0.0424262,-0.0460883,-0.0491386,-0.0533393,-0.0568437,-0.0616563,-0.0656774,-0.0711841,-0.0757923,-0.0820855,-0.08736,-0.094543,-0.100573,-0.108761,-0.115646,-0.124969,-0.132819,-0.143422,-0.152363,-0.164405,-0.174576,-0.188236,-0.199792,-0.215269,-0.228382,-0.245896,-0.260758,-0.280553,-0.297377,-0.319723,-0.338745,-0.36394,-0.38542,-0.413794,-0.43802,-0.469935,-0.497226,-0.53308,-0.563788,-0.604019,-0.638529,-0.683617,-0.722353,-0.772826,-0.816254,-0.872686,-0.921315,-0.984336,-1.03873,-1.10902,-1.16978,-1.24809,-1.31589,-1.40304,-1.47859,-1.57545,-1.65956,-1.76709,-1.8606,-1.97984,-2.08369,-2.21575,-2.33095,-2.47704,-2.60467,-2.7661,-2.90734,-3.0855,-3.24162,-3.43803,-3.6104,-3.82667,-4.01675,-4.25461,-4.46398,-4.72529,-4.95565,-5.24237,-5.49553,-5.80979,-6.08767,-6.43172,-6.73639,-7.11261,-7.44628,-7.8572,-8.2222,-8.67052,-9.06933,-9.55789,-9.99315,-10.525,-10.9995,-11.5777,-12.0944,-12.7223,-13.2843,-13.9655,-14.5761,-15.3142,-15.9768,-16.7757,-17.4939,-18.3576,-19.1352,-20.068,-20.9089,-21.9151,-22.8236,-23.9076,-24.888,-26.0547,-27.1114,-28.3657,-29.5033,-30.8502,-32.0737,-33.5184,-34.8327,-36.3807,-37.7909,-39.4476,-40.9591,-42.7302,-44.3485,-46.2397,-47.9704,-49.9876,-51.8364,-53.9858,-55.9586,-58.2461,-60.3488,-62.7807,-65.0194,-67.602,-69.9829,-72.7223,-75.2516,-78.1542,-80.8382,-83.9104,-86.7554,-90.0035,-93.0157,-96.446,-99.6319,-103.251,-106.616,-110.429,-113.981,-117.995,-121.74,-125.96,-129.903,-134.335,-138.482,-143.132,-147.49,-152.363,-156.936,-162.038,-166.833,-172.168,-177.189,-182.761,-188.014,-193.828,-199.317,-205.377,-211.106,-217.416,-223.389,-229.952,-236.173,-242.991,-249.464,-256.538,-263.266,-270.6,-277.583,-285.178,-292.42,-300.275,-307.777,-315.894,-323.657,-332.034,-340.059,-348.696,-356.981,-365.876,-374.422,-383.573,-392.377,-401.782,-410.843,-420.498,-429.813,-439.714,-449.28,-459.421,-469.235,-479.612,-489.669,-500.275,-510.569,-521.399,-531.925,-542.971,-553.722,-564.976,-575.946,-587.399,-598.58,-610.224,-621.607,-633.432,-645.01,-657.005,-668.767,-680.923,-692.859,-705.164,-717.264,-729.706,-741.959,-754.527,-766.921,-779.602,-792.125,-804.905,-817.545,-830.411,-843.156,-856.095,-868.93,-881.93,-894.846,-907.897,-920.886,-933.986,-947.056,-960.222,-973.403,-986.677,-1000,-999.798,-998.597,-997.685,-997.048,-996.628,-996.353,-996.185,-996.084,-996.04,-996.04
-2.12599e-05,-2.12599e-05,-2.18541e-05,-2.17975e-05,-2.21526e-05,-2.14733e-05,-2.05016e-05,-1.73783e-05,-1.19287e-05,-2.02364e-06,0,-9.34911e-05,-0.000189113,-0.000280531,-0.000380954,-0.000474082,-0.000582921,-0.000680911,-0.000801482,-0.000907286,-0.001043,-0.00115966,-0.00131424,-0.00144499,-0.00162256,-0.001771,-0.0019762,-0.0021463,-0.00238439,-0.00258062,-0.00285759,-0.00308501,-0.00340768,-0.00367203,-0.00404823,-0.00435606,-0.0047947,-0.00515349,-0.00566479,-0.0060831,-0.00667875,-0.00716637,-0.00785974,-0.00842786,-0.00923423,-0.00989566,-0.0108325,-0.0116019,-0.012689,-0.0135831,-0.0148432,-0.015881,-0.01734,-0.0185432,-0.0202303,-0.0216238,-0.0235722,-0.025184,-0.0274316,-0.0292936,-0.031883,-0.0340315,-0.0370109,-0.0394869,-0.0429108,-0.0457606,-0.0496905,-0.0529665,-0.0574714,-0.0612327,-0.0663904,-0.0707034,-0.0766011,-0.0815406,-0.0882763,-0.0939263,-0.101609,-0.108064,-0.116817,-0.124182,-0.134141,-0.142534,-0.153853,-0.163406,-0.176252,-0.187113,-0.201676,-0.214007,-0.230498,-0.244481,-0.26313,-0.278968,-0.300033,-0.31795,-0.341714,-0.361959,-0.388736,-0.411583,-0.441719,-0.467471,-0.501346,-0.530338,-0.568371,-0.600971,-0.64362,-0.680234,-0.728003,-0.769075,-0.822515,-0.868532,-0.928245,-0.979742,-1.04638,-1.10395,-1.17823,-1.2425,-1.32521,-1.39687,-1.48886,-1.56867,-1.67085,-1.75964,-1.873,-1.97166,-2.09729,-2.20679,-2.34584,-2.46723,-2.62097,-2.75538,-2.92514,-3.0738,-3.26105,-3.42527,-3.63157,-3.81276,-4.03979,-4.23949,-4.48903,-4.70887,-4.98284,-5.22456,-5.52501,-5.79049,-6.1196,-6.41084,-6.77092,-7.09005,-7.48357,-7.83285,-8.26242,-8.64428,-9.11266,-9.52965,-10.0398,-10.4946,-11.0495,-11.5451,-12.1481,-12.6874,-13.3419,-13.9281,-14.6377,-15.2742,-16.0426,-16.7329,-17.5642,-18.312,-19.2102,-20.0194,-20.9888,-21.8634,-22.9084,-23.8528,-24.9781,-25.9965,-27.2069,-28.304,-29.6045,-30.785,-32.1807,-33.4495,-34.9457,-36.3079,-37.9101,-39.3709,-41.0846,-42.6495,-44.4805,-46.1549,-48.109,-49.8986,-51.9818,-53.8925,-56.1108,-58.1485,-60.5081,-62.6787,-65.1858,-67.4955,-70.1564,-72.6113,-75.4323,-78.0388,-81.0261,-83.7904,-86.9505,-89.879,-93.218,-96.317,-99.8413,-103.117,-106.833,-110.292,-114.205,-117.853,-121.97,-125.813,-130.14,-134.184,-138.726,-142.978,-147.74,-152.205,-157.192,-161.876,-167.094,-172.002,-177.456,-182.592,-188.286,-193.656,-199.594,-205.202,-211.387,-217.239,-223.675,-229.772,-236.462,-242.809,-249.755,-256.355,-263.56,-270.415,-277.879,-284.992,-292.717,-300.089,-308.075,-315.708,-323.955,-331.848,-340.356,-348.51,-357.277,-365.692,-374.715,-383.39,-392.669,-401.601,-411.131,-420.319,-430.097,-439.538,-449.559,-459.249,-469.508,-479.443,-489.935,-500.111,-510.829,-521.239,-532.177,-542.816,-553.966,-564.827,-576.18,-587.256,-598.805,-610.087,-621.821,-633.302,-645.212,-656.882,-668.958,-680.807,-693.037,-705.056,-717.429,-729.606,-742.111,-754.434,-767.058,-779.516,-792.245,-804.826,-817.647,-830.337,-843.236,-856.021,-868.985,-881.852,-894.866,-907.804,-920.86,-933.865,-946.968,-960.064,-973.267,-986.551,-1000,-999.656,-997.951,-996.89,-996.275,-995.922,-995.729,-995.622,-995.57,-995.544,-995.544
-2.45117e-05,-2.45117e-05,-2.47118e-05,-2.57587e-05,-2.61652e-05,-2.71253e-05,-2.67553e-05,-2.55637e-05,-2.00874e-05,-6.14585e-06,0,-9.66808e-05,-0.000188646,-0.00028599,-0.000377643,-0.000481775,-0.000576917,-0.000691255,-0.00079284,-0.000920673,-0.00103163,-0.00117648,-0.00129993,-0.00146569,-0.00160502,-0.00179607,-0.00195505,-0.00217631,-0.00235915,-0.00261626,-0.00282772,-0.00312706,-0.00337253,-0.00372141,-0.00400703,-0.00441381,-0.00474659,-0.00522084,-0.00560878,-0.00616143,-0.00661369,-0.00725726,-0.00778433,-0.00853313,-0.00914699,-0.0100174,-0.0107317,-0.0117423,-0.0125728,-0.0137449,-0.0147095,-0.0160672,-0.0171862,-0.0187572,-0.0200538,-0.0218692,-0.0233699,-0.0254653,-0.0271999,-0.0296154,-0.0316182,-0.0343992,-0.0367086,-0.0399064,-0.0425661,-0.0462387,-0.049298,-0.0535106,-0.0570251,-0.061851,-0.0658835,-0.0714052,-0.0760263,-0.0823362,-0.0876252,-0.0948269,-0.100873,-0.109082,-0.115985,-0.125332,-0.133202,-0.143831,-0.152795,-0.164866,-0.175062,-0.188755,-0.200339,-0.215852,-0.228996,-0.24655,-0.261447,-0.281286,-0.298149,-0.320543,-0.339608,-0.364857,-0.386384,-0.414817,-0.439096,-0.471076,-0.498425,-0.534351,-0.565122,-0.605432,-0.640011,-0.685186,-0.723999,-0.774566,-0.818078,-0.874614,-0.923335,-0.986468,-1.04096,-1.11138,-1.17225,-1.25069,-1.31861,-1.4059,-1.48159,-1.57861,-1.66286,-1.77056,-1.86423,-1.98365,-2.08766,-2.21993,-2.3353,-2.48161,-2.60943,-2.7711,-2.91255,-3.09096,-3.24731,-3.44398,-3.61659,-3.83315,-4.02349,-4.26166,-4.47132,-4.73295,-4.96361,-5.25069,-5.50417,-5.8188,-6.09703,-6.44147,-6.74651,-7.12315,-7.45721,-7.86859,-8.234,-8.68279,-9.08205,-9.57111,-10.0068,-10.5392,-11.0142,-11.5929,-12.1101,-12.7387,-13.3012,-13.983,-14.5942,-15.333,-15.9961,-16.7957,-17.5145,-18.379,-19.1573,-20.0907,-20.9324,-21.9393,-22.8485,-23.9334,-24.9145,-26.0821,-27.1395,-28.3946,-29.5331,-30.8809,-32.1052,-33.5508,-34.866,-36.4149,-37.826,-39.4836,-40.9961,-42.7681,-44.3874,-46.2796,-48.0112,-50.0295,-51.8793,-54.0297,-56.0035,-58.292,-60.3958,-62.8287,-65.0685,-67.6521,-70.034,-72.7746,-75.3049,-78.2086,-80.8937,-83.967,-86.813,-90.0621,-93.0755,-96.5068,-99.6937,-103.313,-106.68,-110.494,-114.047,-118.062,-121.808,-126.029,-129.973,-134.406,-138.554,-143.205,-147.564,-152.438,-157.012,-162.115,-166.91,-172.246,-177.268,-182.841,-188.094,-193.909,-199.399,-205.46,-211.189,-217.5,-223.474,-230.037,-236.259,-243.077,-249.55,-256.625,-263.353,-270.687,-277.671,-285.265,-292.508,-300.363,-307.866,-315.982,-323.745,-332.122,-340.146,-348.783,-357.068,-365.964,-374.509,-383.66,-392.464,-401.868,-410.929,-420.582,-429.897,-439.797,-449.363,-459.503,-469.316,-479.692,-489.748,-500.353,-510.646,-521.475,-532,-543.044,-553.794,-565.047,-576.015,-587.467,-598.647,-610.289,-621.671,-633.494,-645.069,-657.063,-668.823,-680.977,-692.911,-705.214,-717.312,-729.752,-742.002,-754.567,-766.958,-779.635,-792.154,-804.929,-817.563,-830.422,-843.157,-856.085,-868.905,-881.886,-894.777,-907.796,-920.744,-933.79,-946.795,-959.886,-973.002,-986.29,-1000,-999.033,-996.657,-995.659,-995.231,-995.066,-995.012,-995.013,-995.021,-995.032,-995.032
-2.70456e-05,-2.70456e-05,-2.82472e-05,-2.91255e-05,-3.1224e-05,-3.28197e-05,-3.5449e-05,-3.6833e-05,-3.79136e-05,-3.46856e-05,-2.51311e-05,-0.000104034,-0.000195874,-0.000285242,-0.000384483,-0.000476772,-0.000585133,-0.000682786,-0.000803206,-0.000908917,-0.00104465,-0.00116134,-0.00131603,-0.00144689,-0.00162462,-0.00177321,-0.00197862,-0.0021489,-0.00238725,-0.00258369,-0.00286096,-0.00308863,-0.00341165,-0.00367629,-0.00405288,-0.00436104,-0.00480014,-0.00515931,-0.00567114,-0.00608988,-0.00668614,-0.00717425,-0.00786831,-0.00843701,-0.00924417,-0.00990625,-0.010844,-0.0116141,-0.0127023,-0.0135972,-0.0148585,-0.0158973,-0.0173576,-0.018562,-0.0202506,-0.0216453,-0.0235955,-0.0252088,-0.0274583,-0.029322,-0.0319136,-0.034064,-0.0370459,-0.039524,-0.0429507,-0.045803,-0.049736,-0.0530147,-0.0575233,-0.0612876,-0.0664494,-0.0707658,-0.0766681,-0.0816115,-0.0883523,-0.0940066,-0.101695,-0.108155,-0.116914,-0.124285,-0.134251,-0.142651,-0.153977,-0.163537,-0.176392,-0.18726,-0.201834,-0.214173,-0.230674,-0.244667,-0.263328,-0.279177,-0.300255,-0.318184,-0.341963,-0.362221,-0.389015,-0.411876,-0.44203,-0.467798,-0.501693,-0.530702,-0.568757,-0.601377,-0.64405,-0.680685,-0.728481,-0.769575,-0.823044,-0.869087,-0.928832,-0.980357,-1.04703,-1.10463,-1.17895,-1.24325,-1.326,-1.3977,-1.48973,-1.56958,-1.67181,-1.76064,-1.87406,-1.97277,-2.09845,-2.208,-2.34711,-2.46856,-2.62236,-2.75683,-2.92667,-3.07538,-3.26272,-3.427,-3.63339,-3.81465,-4.04177,-4.24155,-4.49118,-4.7111,-4.98518,-5.22699,-5.52755,-5.79313,-6.12235,-6.41369,-6.77389,-7.09313,-7.48678,-7.83619,-8.26589,-8.64787,-9.1164,-9.53352,-10.0438,-10.4988,-11.0539,-11.5496,-12.1528,-12.6922,-13.3469,-13.9332,-14.643,-15.2797,-16.0484,-16.7388,-17.5703,-18.3183,-19.2167,-20.0261,-20.9957,-21.8706,-22.9158,-23.8604,-24.9859,-26.0046,-27.2152,-28.3125,-29.6133,-30.794,-32.19,-33.459,-34.9556,-36.318,-37.9205,-39.3816,-41.0956,-42.6607,-44.492,-46.1667,-48.1211,-49.911,-51.9946,-53.9055,-56.1242,-58.1621,-60.522,-62.6929,-65.2004,-67.5104,-70.1716,-72.6269,-75.4481,-78.055,-81.0426,-83.8073,-86.9676,-89.8964,-93.2358,-96.3351,-99.8598,-103.136,-106.852,-110.311,-114.225,-117.873,-121.99,-125.834,-130.161,-134.206,-138.747,-143,-147.762,-152.227,-157.215,-161.899,-167.118,-172.025,-177.479,-182.616,-188.31,-193.681,-199.618,-205.227,-211.412,-217.264,-223.7,-229.797,-236.487,-242.835,-249.781,-256.381,-263.586,-270.441,-277.905,-285.018,-292.743,-300.115,-308.101,-315.734,-323.981,-331.875,-340.382,-348.537,-357.303,-365.718,-374.742,-383.416,-392.694,-401.627,-411.156,-420.345,-430.122,-439.563,-449.583,-459.273,-469.532,-479.467,-489.959,-500.134,-510.852,-521.262,-532.199,-542.838,-553.987,-564.848,-576.201,-587.276,-598.824,-610.106,-621.84,-633.32,-645.23,-656.899,-668.975,-680.823,-693.053,-705.07,-717.443,-729.618,-742.122,-754.444,-767.066,-779.522,-792.248,-804.825,-817.641,-830.324,-843.215,-855.987,-868.933,-881.776,-894.756,-907.645,-920.633,-933.541,-946.506,-959.399,-972.294,-984.992,-996.34,-994.645,-993.991,-993.849,-993.935,-994.089,-994.254,-994.386,-994.482,-994.526,-994.526
-3.00479e-05,-3.00479e-05,-3.07498e-05,-3.30562e-05,-3.53005e-05,-3.94694e-05,-4.37209e-05,-5.06115e-05,-5.82859e-05,-7.16041e-05,-9.35601e-05,-0.000152029,-0.000223326,-0.00030956,-0.000393918,-0.000493784,-0.000585964,-0.000698633,-0.000799074,-0.0009264,-0.00103706,-0.00118197,-0.00130552,-0.00147165,-0.00161132,-0.00180291,-0.00196237,-0.00218434,-0.00236777,-0.00262571,-0.00283787,-0.00313817,-0.00338445,-0.00373445,-0.00402101,-0.00442907,-0.00476292,-0.00523863,-0.0056278,-0.00618213,-0.00663581,-0.00728131,-0.00780999,-0.008561,-0.00917671,-0.0100496,-0.0107661,-0.0117795,-0.0126125,-0.0137878,-0.0147552,-0.0161167,-0.0172388,-0.018814,-0.0201142,-0.0219345,-0.0234392,-0.0255401,-0.0272794,-0.0297011,-0.0317091,-0.0344971,-0.0368125,-0.0400183,-0.0426847,-0.0463663,-0.0494331,-0.0536558,-0.0571789,-0.0620162,-0.0660584,-0.0715928,-0.0762248,-0.082549,-0.0878502,-0.095068,-0.101128,-0.109355,-0.116273,-0.12564,-0.133528,-0.144178,-0.153162,-0.165257,-0.175475,-0.189195,-0.200803,-0.216347,-0.229518,-0.247106,-0.262033,-0.281909,-0.298805,-0.321241,-0.340342,-0.365637,-0.387204,-0.415688,-0.440011,-0.472047,-0.499445,-0.535433,-0.566258,-0.606635,-0.641274,-0.686523,-0.725401,-0.776049,-0.819632,-0.876257,-0.925057,-0.988287,-1.04286,-1.11339,-1.17435,-1.25291,-1.32093,-1.40835,-1.48414,-1.5813,-1.66567,-1.77352,-1.86732,-1.9869,-2.09106,-2.22349,-2.33902,-2.48551,-2.6135,-2.77536,-2.91699,-3.09562,-3.25216,-3.44907,-3.62189,-3.83869,-4.02926,-4.26769,-4.47759,-4.7395,-4.97042,-5.2578,-5.51155,-5.82651,-6.10503,-6.44982,-6.75517,-7.13218,-7.46657,-7.87833,-8.24409,-8.6933,-9.09293,-9.58242,-10.0185,-10.5513,-11.0268,-11.606,-12.1237,-12.7527,-13.3157,-13.9981,-14.6097,-15.349,-16.0127,-16.8129,-17.5323,-18.3973,-19.1761,-20.1103,-20.9525,-21.9601,-22.8699,-23.9555,-24.9372,-26.1055,-27.1636,-28.4195,-29.5586,-30.9072,-32.1322,-33.5786,-34.8945,-36.4442,-37.8561,-39.5145,-41.0278,-42.8007,-44.4208,-46.3138,-48.0463,-50.0654,-51.9161,-54.0674,-56.042,-58.3315,-60.4361,-62.87,-65.1106,-67.6951,-70.078,-72.8194,-75.3507,-78.2553,-80.9413,-84.0155,-86.8624,-90.1125,-93.1268,-96.559,-99.7469,-103.367,-106.735,-110.55,-114.104,-118.12,-121.866,-126.088,-130.033,-134.467,-138.616,-143.268,-147.627,-152.502,-157.077,-162.18,-166.977,-172.313,-177.335,-182.91,-188.163,-193.979,-199.469,-205.531,-211.261,-217.572,-223.546,-230.11,-236.332,-243.15,-249.624,-256.7,-263.427,-270.762,-277.746,-285.341,-292.583,-300.439,-307.941,-316.058,-323.821,-332.198,-340.222,-348.859,-357.144,-366.039,-374.584,-383.734,-392.538,-401.942,-411.002,-420.655,-429.97,-439.868,-449.434,-459.573,-469.386,-479.761,-489.816,-500.42,-510.713,-521.54,-532.064,-543.107,-553.856,-565.108,-576.075,-587.526,-598.704,-610.344,-621.725,-633.547,-645.121,-657.113,-668.871,-681.023,-692.955,-705.255,-717.35,-729.787,-742.033,-754.593,-766.977,-779.646,-792.154,-804.915,-817.529,-830.361,-843.057,-855.93,-868.674,-881.544,-894.277,-907.067,-919.682,-932.242,-944.521,-956.513,-967.879,-978.18,-986.13,-989.228,-990.804,-991.826,-992.559,-993.114,-993.517,-993.807,-993.986,-994.076,-994.076
-3.17161e-05,-3.17161e-05,-3.35363e-05,-3.54725e-05,-3.95981e-05,-4.41745e-05,-5.198e-05,-6.12464e-05,-7.64746e-05,-9.65819e-05,-0.000130978,-0.000180232,-0.00024891,-0.000321626,-0.000410809,-0.00049604,-0.000600305,-0.000695122,-0.000814136,-0.000918949,-0.00105456,-0.00117129,-0.00132652,-0.00145791,-0.00163658,-0.00178599,-0.00199262,-0.00216394,-0.00240375,-0.00260143,-0.0028804,-0.0031095,-0.00343449,-0.00370078,-0.00407963,-0.00438969,-0.00483138,-0.00519272,-0.00570752,-0.00612875,-0.00672841,-0.00721937,-0.00791734,-0.00848929,-0.00930091,-0.00996673,-0.0109095,-0.0116839,-0.0127779,-0.0136777,-0.0149456,-0.01599,-0.0174578,-0.0186685,-0.0203656,-0.0217676,-0.0237275,-0.0253489,-0.0276094,-0.0294824,-0.0320864,-0.0342473,-0.0372433,-0.0397333,-0.0431759,-0.0460416,-0.0499925,-0.0532865,-0.0578151,-0.0615966,-0.0667809,-0.0711166,-0.0770443,-0.0820094,-0.0887785,-0.0944573,-0.102178,-0.108665,-0.117459,-0.12486,-0.134866,-0.1433,-0.15467,-0.164268,-0.177173,-0.188083,-0.202712,-0.215098,-0.23166,-0.245706,-0.264434,-0.280341,-0.301493,-0.319487,-0.343347,-0.363677,-0.390561,-0.413501,-0.443755,-0.46961,-0.503615,-0.53272,-0.570895,-0.603621,-0.646426,-0.683177,-0.731118,-0.77234,-0.825967,-0.87215,-0.932067,-0.983746,-1.05061,-1.10837,-1.1829,-1.24738,-1.33036,-1.40225,-1.49453,-1.5746,-1.67708,-1.76615,-1.87985,-1.97882,-2.1048,-2.21463,-2.35408,-2.47582,-2.62998,-2.76477,-2.93499,-3.08406,-3.2718,-3.43646,-3.64329,-3.82496,-4.05255,-4.25276,-4.50291,-4.72329,-4.99791,-5.24022,-5.54135,-5.80746,-6.1373,-6.42921,-6.79006,-7.1099,-7.50425,-7.85429,-8.28473,-8.6674,-9.1367,-9.55454,-10.0656,-10.5214,-11.0773,-11.5738,-12.1779,-12.7182,-13.3739,-13.9611,-14.6719,-15.3095,-16.0792,-16.7707,-17.6033,-18.3523,-19.2518,-20.0624,-21.0331,-21.9091,-22.9556,-23.9014,-25.0282,-26.0481,-27.2601,-28.3586,-29.6608,-30.8428,-32.2402,-33.5106,-35.0086,-36.3724,-37.9764,-39.4389,-41.1545,-42.7211,-44.554,-46.2302,-48.1862,-49.9777,-52.0628,-53.9754,-56.1957,-58.2352,-60.5968,-62.7694,-65.2785,-67.5902,-70.2531,-72.71,-75.533,-78.1415,-81.1309,-83.8973,-87.0593,-89.9898,-93.3309,-96.4319,-99.9582,-103.236,-106.954,-110.414,-114.33,-117.98,-122.099,-125.944,-130.272,-134.319,-138.862,-143.116,-147.879,-152.346,-157.335,-162.021,-167.241,-172.15,-177.605,-182.743,-188.438,-193.81,-199.749,-205.359,-211.545,-217.397,-223.834,-229.933,-236.623,-242.971,-249.918,-256.519,-263.724,-270.58,-278.045,-285.158,-292.883,-300.256,-308.242,-315.874,-324.121,-332.015,-340.522,-348.676,-357.442,-365.857,-374.88,-383.554,-392.831,-401.763,-411.292,-420.479,-430.255,-439.695,-449.715,-459.403,-469.661,-479.595,-490.085,-500.258,-510.974,-521.383,-532.318,-542.955,-554.102,-564.96,-576.311,-587.384,-598.93,-610.209,-621.941,-633.418,-645.325,-656.991,-669.063,-680.908,-693.134,-705.147,-717.514,-729.684,-742.181,-754.495,-767.106,-779.549,-792.258,-804.812,-817.596,-830.236,-843.065,-855.751,-868.575,-881.243,-893.972,-906.499,-918.962,-931.104,-942.947,-954.176,-964.601,-973.68,-980.804,-985.314,-988.189,-990.078,-991.379,-992.278,-992.909,-993.328,-993.593,-993.712,-993.712
-3.35163e-05,-3.35163e-05,-3.46019e-05,-3.78641e-05,-4.15695e-05,-4.8315e-05,-5.63448e-05,-6.95707e-05,-8.62424e-05,-0.000112973,-0.000147519,-0.000199584,-0.000259072,-0.000336013,-0.000412942,-0.000508112,-0.000596885,-0.000707616,-0.000806722,-0.000933478,-0.0010438,-0.00118882,-0.00131255,-0.00147915,-0.00161926,-0.00181156,-0.00197164,-0.00219449,-0.00237868,-0.00263767,-0.00285072,-0.00315224,-0.00339955,-0.00375095,-0.00403868,-0.00444836,-0.00478356,-0.00526113,-0.00565185,-0.00620831,-0.00666376,-0.00731168,-0.0078424,-0.00859619,-0.00921423,-0.0100903,-0.0108094,-0.0118265,-0.0126625,-0.013842,-0.0148128,-0.016179,-0.0173051,-0.0188857,-0.0201904,-0.0220167,-0.0235266,-0.0256343,-0.0273794,-0.0298089,-0.0318235,-0.0346204,-0.0369432,-0.040159,-0.0428338,-0.0465266,-0.049603,-0.0538383,-0.0573722,-0.0622237,-0.066278,-0.0718284,-0.076474,-0.0828161,-0.0881326,-0.0953704,-0.101447,-0.109697,-0.116634,-0.126026,-0.133936,-0.144614,-0.153622,-0.165748,-0.175993,-0.189748,-0.201386,-0.216967,-0.230172,-0.247802,-0.262766,-0.282689,-0.299626,-0.322114,-0.34126,-0.366613,-0.38823,-0.416777,-0.441156,-0.473261,-0.500721,-0.536785,-0.567677,-0.608139,-0.642851,-0.688193,-0.727152,-0.777901,-0.821573,-0.878308,-0.927205,-0.990556,-1.04524,-1.11589,-1.17697,-1.25568,-1.32382,-1.41139,-1.48733,-1.58465,-1.66917,-1.7772,-1.87117,-1.99094,-2.09528,-2.22793,-2.34365,-2.49037,-2.61857,-2.78068,-2.92253,-3.10142,-3.25821,-3.4554,-3.62848,-3.84558,-4.03643,-4.27519,-4.48539,-4.74765,-4.97889,-5.26664,-5.52074,-5.83609,-6.11498,-6.46019,-6.76593,-7.14338,-7.47819,-7.89042,-8.25663,-8.70634,-9.10644,-9.59646,-10.0331,-10.5664,-11.0424,-11.6222,-12.1404,-12.7701,-13.3337,-14.0167,-14.6289,-15.369,-16.0333,-16.8342,-17.5542,-18.42,-19.1996,-20.1344,-20.9775,-21.9858,-22.8964,-23.9828,-24.9654,-26.1345,-27.1935,-28.4502,-29.5903,-30.9397,-32.1657,-33.613,-34.9299,-36.4805,-37.8934,-39.5528,-41.0671,-42.841,-44.462,-46.3561,-48.0897,-50.1099,-51.9616,-54.1139,-56.0897,-58.3803,-60.486,-62.921,-65.1627,-67.7484,-70.1323,-72.8749,-75.4073,-78.3131,-81.0002,-84.0755,-86.9236,-90.1748,-93.1902,-96.6235,-99.8125,-103.434,-106.803,-110.619,-114.174,-118.191,-121.938,-126.161,-130.107,-134.542,-138.692,-143.345,-147.706,-152.582,-157.157,-162.262,-167.059,-172.396,-177.419,-182.994,-188.249,-194.065,-199.556,-205.618,-211.349,-217.661,-223.636,-230.2,-236.423,-243.241,-249.716,-256.791,-263.52,-270.854,-277.839,-285.434,-292.677,-300.532,-308.035,-316.151,-323.914,-332.291,-340.315,-348.952,-357.237,-366.131,-374.676,-383.826,-392.629,-402.032,-411.092,-420.745,-430.059,-439.957,-449.521,-459.66,-469.471,-479.846,-489.899,-500.503,-510.794,-521.62,-532.143,-543.185,-553.933,-565.183,-576.149,-587.597,-598.774,-610.413,-621.792,-633.612,-645.184,-657.174,-668.93,-681.079,-693.008,-705.306,-717.397,-729.83,-742.072,-754.625,-767.003,-779.662,-792.157,-804.901,-817.491,-830.29,-842.941,-855.75,-868.401,-881.14,-893.683,-906.201,-918.422,-930.416,-941.884,-952.745,-962.607,-971.193,-978.057,-983.066,-986.54,-988.941,-990.584,-991.726,-992.5,-993.02,-993.331,-993.482,-993.482
-3.35274e-05,-3.35274e-05,-3.5611e-05,-3.80108e-05,-4.30208e-05,-4.88985e-05,-5.88887e-05,-7.12131e-05,-9.10633e-05,-0.00011634,-0.000155219,-0.000202365,-0.000266949,-0.000335076,-0.000420906,-0.000503494,-0.000606123,-0.000699761,-0.000818149,-0.000922544,-0.00105804,-0.00117472,-0.0013301,-0.00146164,-0.00164061,-0.00179028,-0.00199731,-0.00216898,-0.00240927,-0.00260736,-0.0028869,-0.00311647,-0.00344212,-0.00370895,-0.00408856,-0.00439925,-0.0048418,-0.00520387,-0.00571966,-0.00614172,-0.00674252,-0.00723443,-0.00793369,-0.00850674,-0.00931984,-0.0099869,-0.0109314,-0.0117072,-0.0128032,-0.0137046,-0.0149747,-0.0160209,-0.0174912,-0.018704,-0.020404,-0.0218084,-0.0237715,-0.0253957,-0.0276598,-0.0295359,-0.0321441,-0.0343085,-0.0373092,-0.0398032,-0.0432511,-0.0461213,-0.0500781,-0.0533771,-0.0579124,-0.0616996,-0.0668915,-0.0712337,-0.0771698,-0.0821421,-0.0889207,-0.0946076,-0.102339,-0.108835,-0.117641,-0.125052,-0.135072,-0.143517,-0.154902,-0.164512,-0.177434,-0.188358,-0.203004,-0.215407,-0.231989,-0.246052,-0.264802,-0.280729,-0.301906,-0.319921,-0.343809,-0.364162,-0.391076,-0.414043,-0.44433,-0.470214,-0.504256,-0.533393,-0.571609,-0.604369,-0.647219,-0.684009,-0.731997,-0.773262,-0.826942,-0.873172,-0.933146,-0.984876,-1.0518,-1.10962,-1.18422,-1.24876,-1.33181,-1.40377,-1.49612,-1.57627,-1.67884,-1.76799,-1.88178,-1.98083,-2.10692,-2.21685,-2.3564,-2.47824,-2.63252,-2.76742,-2.93777,-3.08695,-3.27483,-3.43962,-3.6466,-3.8284,-4.05615,-4.2565,-4.50682,-4.72735,-5.00215,-5.24463,-5.54596,-5.81224,-6.14228,-6.43438,-6.79546,-7.1155,-7.51007,-7.86033,-8.29102,-8.67391,-9.14347,-9.56155,-10.0729,-10.5289,-11.0852,-11.5819,-12.1863,-12.7269,-13.3829,-13.9704,-14.6816,-15.3195,-16.0895,-16.7814,-17.6143,-18.3637,-19.2636,-20.0744,-21.0456,-21.922,-22.9689,-23.915,-25.0423,-26.0626,-27.275,-28.374,-29.6766,-30.8591,-32.2569,-33.5278,-35.0263,-36.3906,-37.995,-39.4581,-41.1741,-42.7412,-44.5746,-46.2513,-48.2079,-49.9999,-52.0856,-53.9987,-56.2195,-58.2596,-60.6218,-62.7949,-65.3046,-67.6168,-70.2802,-72.7378,-75.5613,-78.1704,-81.1603,-83.9273,-87.0899,-90.021,-93.3626,-96.4641,-99.991,-103.269,-106.988,-110.449,-114.365,-118.015,-122.135,-125.981,-130.309,-134.356,-138.9,-143.154,-147.918,-152.386,-157.376,-162.061,-167.282,-172.191,-177.647,-182.785,-188.481,-193.853,-199.792,-205.402,-211.589,-217.442,-223.879,-229.978,-236.669,-243.017,-249.964,-256.565,-263.77,-270.626,-278.091,-285.205,-292.93,-300.302,-308.288,-315.921,-324.168,-332.061,-340.568,-348.723,-357.488,-365.903,-374.926,-383.6,-392.877,-401.809,-411.337,-420.524,-430.3,-439.739,-449.758,-459.447,-469.704,-479.637,-490.126,-500.3,-511.015,-521.423,-532.358,-542.994,-554.14,-564.998,-576.348,-587.42,-598.965,-610.244,-621.974,-633.45,-645.356,-657.021,-669.092,-680.936,-693.16,-705.172,-717.538,-729.706,-742.2,-754.511,-767.118,-779.556,-792.258,-804.803,-817.575,-830.197,-843.002,-855.654,-868.428,-881.025,-893.653,-906.034,-918.288,-930.131,-941.558,-952.228,-961.972,-970.377,-977.214,-982.325,-985.992,-988.54,-990.313,-991.527,-992.362,-992.908,-993.245,-993.398,-993.398
-3.35163e-05,-3.35163e-05,-3.46019e-05,-3.78641e-05,-4.15695e-05,-4.8315e-05,-5.63448e-05,-6.95707e-05,-8.62424e-05,-0.000112973,-0.000147519,-0.000199584,-0.000259072,-0.000336013,-0.000412942,-0.000508112,-0.000596885,-0.000707616,-0.000806722,-0.000933478,-0.0010438,-0.00118882,-0.00131255,-0.00147915,-0.00161926,-0.00181156,-0.00197164,-0.00219449,-0.00237868,-0.00263767,-0.00285072,-0.00315224,-0.00339955,-0.00375095,-0.00403868,-0.00444836,-0.00478356,-0.00526113,-0.00565185,-0.00620831,-0.00666376,-0.00731168,-0.0078424,-0.00859619,-0.00921423,-0.0100903,-0.0108094,-0.0118265,-0.0126625,-0.013842,-0.0148128,-0.016179,-0.0173051,-0.0188857,-0.0201904,-0.0220167,-0.0235266,-0.0256343,-0.0273794,-0.0298089,-0.0318235,-0.0346204,-0.0369432,-0.040159,-0.0428338,-0.0465266,-0.049603,-0.0538383,-0.0573722,-0.0622237,-0.066278,-0.0718284,-0.076474,-0.0828161,-0.0881326,-0.0953704,-0.101447,-0.109697,-0.116634,-0.126026,-0.133936,-0.144614,-0.153622,-0.165748,-0.175993,-0.189748,-0.201386,-0.216967,-0.230172,-0.247802,-0.262766,-0.282689,-0.299626,-0.322114,-0.34126,-0.366613,-0.38823,-0.416777,-0.441156,-0.473261,-0.500721,-0.536785,-0.567677,-0.608139,-0.642851,-0.688193,-0.727152,-0.777901,-0.821573,-0.878308,-0.927205,-0.990556,-1.04524,-1.11589,-1.17697,-1.25568,-1.32382,-1.41139,-1.48733,-1.58465,-1.66917,-1.7772,-1.87117,-1.99094,-2.09528,-2.22793,-2.34365,-2.49037,-2.61857,-2.78068,-2.92253,-3.10142,-3.25821,-3.4554,-3.62848,-3.84558,-4.03643,-4.27519,-4.48539,-4.74765,-4.97889,-5.26664,-5.52074,-5.83609,-6.11498,-6.46019,-6.76593,-7.14338,-7.47819,-7.89042,-8.25663,-8.70634,-9.10644,-9.59646,-10.0331,-10.5664,-11.0424,-11.6222,-12.1404,-12.7701,-13.3337,-14.0167,-14.6289,-15.369,-16.0333,-16.8342,-17.5542,-18.42,-19.1996,-20.1344,-20.9775,-21.9858,-22.8964,-23.9828,-24.9654,-26.1345,-27.1935,-28.4502,-29.5903,-30.9397,-32.1657,-33.613,-34.9299,-36.4805,-37.8934,-39.5528,-41.0671,-42.841,-44.462,-46.3561,-48.0897,-50.1099,-51.9616,-54.1139,-56.0897,-58.3803,-60.486,-62.921,-65.1627,-67.7484,-70.1323,-72.8749,-75.4073,-78.3131,-81.0002,-84.0755,-86.9236,-90.1748,-93.1902,-96.6235,-99.8125,-103.434,-106.803,-110.619,-114.174,-118.191,-121.938,-126.161,-130.107,-134.542,-138.692,-143.345,-147.706,-152.582,-157.157,-162.262,-167.059,-172.396,-177.419,-182.994,-188.249,-194.065,-199.556,-205.618,-211.349,-217.661,-223.636,-230.2,-236.423,-243.241,-249.716,-256.791,-263.52,-270.854,-277.839,-285.434,-292.677,-300.532,-308.035,-316.151,-323.914,-332.291,-340.315,-348.952,-357.237,-366.131,-374.676,-383.826,-392.629,-402.032,-411.092,-420.745,-430.059,-439.957,-449.521,-459.66,-469.471,-479.846,-489.899,-500.503,-510.794,-521.62,-532.143,-543.185,-553.933,-565.183,-576.149,-587.597,-598.774,-610.413,-621.792,-633.612,-645.184,-657.174,-668.93,-681.079,-693.008,-705.306,-717.397,-729.83,-742.072,-754.625,-767.003,-779.662,-792.157,-804.901,-817.491,-830.29,-842.941,-855.75,-868.401,-881.14,-893.683,-906.201,-918.422,-930.416,-941.884,-952.745,-962.607,-971.193,-978.057,-983.066,-986.54,-988.941,-990.584,-991.726,-992.5,-993.02,-993.331,-993.482,-993.482
-3.17161e-05,-3.17161e-05,-3.35363e-05,-3.54725e-05,-3.95981e-05,-4.41745e-05,-5.198e-05,-6.12464e-05,-7.64746e-05,-9.65819e-05,-0.000130978,-0.000180232,-0.00024891,-0.000321626,-0.000410809,-0.00049604,-0.000600305,-0.000695122,-0.000814136,-0.000918949,-0.00105456,-0.00117129,-0.00132652,-0.00145791,-0.00163658,-0.00178599,-0.00199262,-0.00216394,-0.00240375,-0.00260143,-0.0028804,-0.0031095,-0.00343449,-0.00370078,-0.00407963,-0.00438969,-0.00483138,-0.00519272,-0.00570752,-0.00612875,-0.00672841,-0.00721937,-0.00791734,-0.00848929,-0.00930091,-0.00996673,-0.0109095,-0.0116839,-0.0127779,-0.0136777,-0.0149456,-0.01599,-0.0174578,-0.0186685,-0.0203656,-0.0217676,-0.0237275,-0.0253489,-0.0276094,-0.0294824,-0.0320864,-0.0342473,-0.0372433,-0.0397333,-0.0431759,-0.0460416,-0.0499925,-0.0532865,-0.0578151,-0.0615966,-0.0667809,-0.0711166,-0.0770443,-0.0820094,-0.0887785,-0.0944573,-0.102178,-0.108665,-0.117459,-0.12486,-0.134866,-0.1433,-0.15467,-0.164268,-0.177173,-0.188083,-0.202712,-0.215098,-0.23166,-0.245706,-0.264434,-0.280341,-0.301493,-0.319487,-0.343347,-0.363677,-0.390561,-0.413501,-0.443755,-0.46961,-0.503615,-0.53272,-0.570895,-0.603621,-0.646426,-0.683177,-0.731118,-0.77234,-0.825967,-0.87215,-0.932067,-0.983746,-1.05061,-1.10837,-1.1829,-1.24738,-1.33036,-1.40225,-1.49453,-1.5746,-1.67708,-1.76615,-1.87985,-1.97882,-2.1048,-2.21463,-2.35408,-2.47582,-2.62998,-2.76477,-2.93499,-3.08406,-3.2718,-3.43646,-3.64329,-3.82496,-4.05255,-4.25276,-4.50291,-4.72329,-4.99791,-5.24022,-5.54135,-5.80746,-6.1373,-6.42921,-6.79006,-7.1099,-7.50425,-7.85429,-8.28473,-8.6674,-9.1367,-9.55454,-10.0656,-10.5214,-11.0773,-11.5738,-12.1779,-12.7182,-13.3739,-13.9611,-14.6719,-15.3095,-16.0792,-16.7707,-17.6033,-18.3523,-19.2518,-20.0624,-21.0331,-21.9091,-22.9556,-23.9014,-25.0282,-26.0481,-27.2601,-28.3586,-29.6608,-30.8428,-32.2402,-33.5106,-35.0086,-36.3724,-37.9764,-39.4389,-41.1545,-42.7211,-44.554,-46.2302,-48.1862,-49.9777,-52.0628,-53.9754,-56.1957,-58.2352,-60.5968,-62.7694,-65.2785,-67.5902,-70.2531,-72.71,-75.533,-78.1415,-81.1309,-83.8973,-87.0593,-89.9898,-93.3309,-96.4319,-99.9582,-103.236,-106.954,-110.414,-114.33,-117.98,-122.099,-125.944,-130.272,-134.319,-138.862,-143.116,-147.879,-152.346,-157.335,-162.021,-167.241,-172.15,-177.605,-182.743,-188.438,-193.81,-199.749,-205.359,-211.545,-217.397,-223.834,-229.933,-236.623,-242.971,-249.918,-256.519,-263.724,-270.58,-278.045,-285.158,-292.883,-300.256,-308.242,-315.874,-324.121,-332.015,-340.522,-348.676,-357.442,-365.857,-374.88,-383.554,-392.831,-401.763,-411.292,-420.479,-430.255,-439.695,-449.715,-459.403,-469.661,-479.595,-490.085,-500.258,-510.974,-521.383,-532.318,-542.955,-554.102,-564.96,-576.311,-587.384,-598.93,-610.209,-621.941,-633.418,-645.325,-656.991,-669.063,-680.908,-693.134,-705.147,-717.514,-729.684,-742.181,-754.495,-767.106,-779.549,-792.258,-804.812,-817.596,-830.236,-843.065,-855.751,-868.575,-881.243,-893.972,-906.499,-918.962,-931.104,-942.947,-954.176,-964.601,-973.68,-980.804,-985.314,-988.189,-990.078,-991.379,-992.278,-992.909,-993.328,-993.593,-993.712,-993.712
-3.00479e-05,-3.00479e-05,-3.07498e-05,-3.30562e-05,-3.53005e-05,-3.94694e-05,-4.37209e-05,-5.06115e-05,-5.82859e-05,-7.16041e-05,-9.35601e-05,-0.000152029,-0.000223326,-0.00030956,-0.000393918,-0.000493784,-0.000585964,-0.000698633,-0.000799074,-0.0009264,-0.00103706,-0.00118197,-0.00130552,-0.00147165,-0.00161132,-0.00180291,-0.00196237,-0.00218434,-0.00236777,-0.00262571,-0.00283787,-0.00313817,-0.00338445,-0.00373445,-0.00402101,-0.00442907,-0.00476292,-0.00523863,-0.0056278,-0.00618213,-0.00663581,-0.00728131,-0.00780999,-0.008561,-0.00917671,-0.0100496,-0.0107661,-0.0117795,-0.0126125,-0.0137878,-0.0147552,-0.0161167,-0.0172388,-0.018814,-0.0201142,-0.0219345,-0.0234392,-0.0255401,-0.0272794,-0.0297011,-0.0317091,-0.0344971,-0.0368125,-0.0400183,-0.0426847,-0.0463663,-0.0494331,-0.0536558,-0.0571789,-0.0620162,-0.0660584,-0.0715928,-0.0762248,-0.082549,-0.0878502,-0.095068,-0.101128,-0.109355,-0.116273,-0.12564,-0.133528,-0.144178,-0.153162,-0.165257,-0.175475,-0.189195,-0.200803,-0.216347,-0.229518,-0.247106,-0.262033,-0.281909,-0.298805,-0.321241,-0.340342,-0.365637,-0.387204,-0.415688,-0.440011,-0.472047,-0.499445,-0.535433,-0.566258,-0.606635,-0.641274,-0.686523,-0.725401,-0.776049,-0.819632,-0.876257,-0.925057,-0.988287,-1.04286,-1.11339,-1.17435,-1.25291,-1.32093,-1.40835,-1.48414,-1.5813,-1.66567,-1.77352,-1.86732,-1.9869,-2.09106,-2.22349,-2.33902,-2.48551,-2.6135,-2.77536,-2.91699,-3.09562,-3.25216,-3.44907,-3.62189,-3.83869,-4.02926,-4.26769,-4.47759,-4.7395,-4.97042,-5.2578,-5.51155,-5.82651,-6.10503,-6.44982,-6.75517,-7.13218,-7.46657,-7.87833,-8.24409,-8.6933,-9.09293,-9.58242,-10.0185,-10.5513,-11.0268,-11.606,-12.1237,-12.7527,-13.3157,-13.9981,-14.6097,-15.349,-16.0127,-16.8129,-17.5323,-18.3973,-19.1761,-20.1103,-20.9525,-21.9601,-22.8699,-23.9555,-24.9372,-26.1055,-27.1636,-28.4195,-29.5586,-30.9072,-32.1322,-33.5786,-34.8945,-36.4442,-37.8561,-39.5145,-41.0278,-42.8007,-44.4208,-46.3138,-48.0463,-50.0654,-51.9161,-54.0674,-56.042,-58.3315,-60.4361,-62.87,-65.1106,-67.6951,-70.078,-72.8194,-75.3507,-78.2553,-80.9413,-84.0155,-86.8624,-90.1125,-93.1268,-96.559,-99.7469,-103.367,-106.735,-110.55,-114.104,-118.12,-121.866,-126.088,-130.033,-134.467,-138.616,-143.268,-147.627,-152.502,-157.077,-162.18,-166.977,-172.313,-177.335,-182.91,-188.163,-193.979,-199.469,-205.531,-211.261,-217.572,-223.546,-230.11,-236.332,-243.15,-249.624,-256.7,-263.427,-270.762,-277.746,-285.341,-292.583,-300.439,-307.941,-316.058,-323.821,-332.198,-340.222,-348.859,-357.144,-366.039,-374.584,-383.734,-392.538,-401.942,-411.002,-420.655,-429.97,-439.868,-449.434,-459.573,-469.386,-479.761,-489.816,-500.42,-510.713,-521.54,-532.064,-543.107,-553.856,-565.108,-576.075,-587.526,-598.704,-610.344,-621.725,-633.547,-645.121,-657.113,-668.871,-681.023,-692.955,-705.255,-717.35,-729.787,-742.033,-754.593,-766.977,-779.646,-792.154,-804.915,-817.529,-830.361,-843.057,-855.93,-868.674,-881.544,-894.277,-907.067,-919.682,-932.242,-944.521,-956.513,-967.879,-978.18,-986.13,-989.228,-990.804,-991.826,-992.559,-993.114,-993.517,-993.807,-993.986,-994.076,-994.076
-2.70456e-05,-2.70456e-05,-2.82472e-05,-2.91255e-05,-3.1224e-05,-3.28197e-05,-3.5449e-05,-3.6833e-05,-3.79136e-05,-3.46856e-05,-2.51311e-05,-0.000104034,-0.000195874,-0.000285242,-0.000384483,-0.000476772,-0.000585133,-0.000682786,-0.000803206,-0.000908917,-0.00104465,-0.00116134,-0.00131603,-0.00144689,-0.00162462,-0.00177321,-0.00197862,-0.0021489,-0.00238725,-0.00258369,-0.00286096,-0.00308863,-0.00341165,-0.00367629,-0.00405288,-0.00436104,-0.00480014,-0.00515931,-0.00567114,-0.00608988,-0.00668614,-0.00717425,-0.00786831,-0.00843701,-0.00924417,-0.00990625,-0.010844,-0.0116141,-0.0127023,-0.0135972,-0.0148585,-0.0158973,-0.0173576,-0.018562,-0.0202506,-0.0216453,-0.0235955,-0.0252088,-0.0274583,-0.029322,-0.0319136,-0.034064,-0.0370459,-0.039524,-0.0429507,-0.045803,-0.049736,-0.0530147,-0.0575233,-0.0612876,-0.0664494,-0.0707658,-0.0766681,-0.0816115,-0.0883523,-0.0940066,-0.101695,-0.108155,-0.116914,-0.124285,-0.134251,-0.142651,-0.153977,-0.163537,-0.176392,-0.18726,-0.201834,-0.214173,-0.230674,-0.244667,-0.263328,-0.279177,-0.300255,-0.318184,-0.341963,-0.362221,-0.389015,-0.411876,-0.44203,-0.467798,-0.501693,-0.530702,-0.568757,-0.601377,-0.64405,-0.680685,-0.728481,-0.769575,-0.823044,-0.869087,-0.928832,-0.980357,-1.04703,-1.10463,-1.17895,-1.24325,-1.326,-1.3977,-1.48973,-1.56958,-1.67181,-1.76064,-1.87406,-1.97277,-2.09845,-2.208,-2.34711,-2.46856,-2.62236,-2.75683,-2.92667,-3.07538,-3.26272,-3.427,-3.63339,-3.81465,-4.04177,-4.24155,-4.49118,-4.7111,-4.98518,-5.22699,-5.52755,-5.79313,-6.12235,-6.41369,-6.77389,-7.09313,-7.48678,-7.83619,-8.26589,-8.64787,-9.1164,-9.53352,-10.0438,-10.4988,-11.0539,-11.5496,-12.1528,-12.6922,-13.3469,-13.9332,-14.643,-15.2797,-16.0484,-16.7388,-17.5703,-18.3183,-19.2167,-20.0261,-20.9957,-21.8706,-22.9158,-23.8604,-24.9859,-26.0046,-27.2152,-28.3125,-29.6133,-30.794,-32.19,-33.459,-34.9556,-36.318,-37.9205,-39.3816,-41.0956,-42.6607,-44.492,-46.1667,-48.1211,-49.911,-51.9946,-53.9055,-56.1242,-58.1621,-60.522,-62.6929,-65.2004,-67.5104,-70.1716,-72.6269,-75.4481,-78.055,-81.0426,-83.8073,-86.9676,-89.8964,-93.2358,-96.3351,-99.8598,-103.136,-106.852,-110.311,-114.225,-117.873,-121.99,-125.834,-130.161,-134.206,-138.747,-143,-147.762,-152.227,-157.215,-161.899,-167.118,-172.025,-177.479,-182.616,-188.31,-193.681,-199.618,-205.227,-211.412,-217.264,-223.7,-229.797,-236.487,-242.835,-249.781,-256.381,-263.586,-270.441,-277.905,-285.018,-292.743,-300.115,-308.101,-315.734,-323.981,-331.875,-340.382,-348.537,-357.303,-365.718,-374.742,-383.416,-392.694,-401.627,-411.156,-420.345,-430.122,-439.563,-449.583,-459.273,-469.532,-479.467,-489.959,-500.134,-510.852,-521.262,-532.199,-542.838,-553.987,-564.848,-576.201,-587.276,-598.824,-610.106,-621.84,-633.32,-645.23,-656.899,-668.975,-680.823,-693.053,-705.07,-717.443,-729.618,-742.122,-754.444,-767.066,-779.522,-792.248,-804.825,-817.641,-830.324,-843.215,-855.987,-868.933,-881.776,-894.756,-907.645,-920.633,-933.541,-946.506,-959.399,-972.294,-984.992,-996.34,-994.645,-993.991,-993.849,-993.935,-994.089,-994.254,-994.386,-994.482,-994.526,-994.526
-2.45117e-05,-2.45117e-05,-2.47118e-05,-2.57587e-05,-2.61652e-05,-2.71253e-05,-2.67553e-05,-2.55637e-05,-2.00874e-05,-6.14585e-06,0,-9.66808e-05,-0.000188646,-0.00028599,-0.000377643,-0.000481775,-0.000576917,-0.000691255,-0.00079284,-0.000920673,-0.00103163,-0.00117648,-0.00129993,-0.00146569,-0.00160502,-0.00179607,-0.00195505,-0.00217631,-0.00235915,-0.00261626,-0.00282772,-0.00312706,-0.00337253,-0.00372141,-0.00400703,-0.00441381,-0.00474659,-0.00522084,-0.00560878,-0.00616143,-0.00661369,-0.00725726,-0.00778433,-0.00853313,-0.00914699,-0.0100174,-0.0107317,-0.0117423,-0.0125728,-0.0137449,-0.0147095,-0.0160672,-0.0171862,-0.0187572,-0.0200538,-0.0218692,-0.0233699,-0.0254653,-0.0271999,-0.0296154,-0.0316182,-0.0343992,-0.0367086,-0.0399064,-0.0425661,-0.0462387,-0.049298,-0.0535106,-0.0570251,-0.061851,-0.0658835,-0.0714052,-0.0760263,-0.0823362,-0.0876252,-0.0948269,-0.100873,-0.109082,-0.115985,-0.125332,-0.133202,-0.143831,-0.152795,-0.164866,-0.175062,-0.188755,-0.200339,-0.215852,-0.228996,-0.24655,-0.261447,-0.281286,-0.298149,-0.320543,-0.339608,-0.364857,-0.386384,-0.414817,-0.439096,-0.471076,-0.498425,-0.534351,-0.565122,-0.605432,-0.640011,-0.685186,-0.723999,-0.774566,-0.818078,-0.874614,-0.923335,-0.986468,-1.04096,-1.11138,-1.17225,-1.25069,-1.31861,-1.4059,-1.48159,-1.57861,-1.66286,-1.77056,-1.86423,-1.98365,-2.08766,-2.21993,-2.3353,-2.48161,-2.60943,-2.7711,-2.91255,-3.09096,-3.24731,-3.44398,-3.61659,-3.83315,-4.02349,-4.26166,-4.47132,-4.73295,-4.96361,-5.25069,-5.50417,-5.8188,-6.09703,-6.44147,-6.74651,-7.12315,-7.45721,-7.86859,-8.234,-8.68279,-9.08205,-9.57111,-10.0068,-10.5392,-11.0142,-11.5929,-12.1101,-12.7387,-13.3012,-13.983,-14.5942,-15.333,-15.9961,-16.7957,-17.5145,-18.379,-19.1573,-20.0907,-20.9324,-21.9393,-22.8485,-23.9334,-24.9145,-26.0821,-27.1395,-28.3946,-29.5331,-30.8809,-32.1052,-33.5508,-34.866,-36.4149,-37.826,-39.4836,-40.9961,-42.7681,-44.3874,-46.2796,-48.0112,-50.0295,-51.8793,-54.0297,-56.0035,-58.292,-60.3958,-62.8287,-65.0685,-67.6521,-70.034,-72.7746,-75.3049,-78.2086,-80.8937,-83.967,-86.813,-90.0621,-93.0755,-96.5068,-99.6937,-103.313,-106.68,-110.494,-114.047,-118.062,-121.808,-126.029,-129.973,-134.406,-138.554,-143.205,-147.564,-152.438,-157.012,-162.115,-166.91,-172.246,-177.268,-182.841,-188.094,-193.909,-199.399,-205.46,-211.189,-217.5,-223.474,-230.037,-236.259,-243.077,-249.55,-256.625,-263.353,-270.687,-277.671,-285.265,-292.508,-300.363,-307.866,-315.982,-323.745,-332.122,-340.146,-348.783,-357.068,-365.964,-374.509,-383.66,-392.464,-401.868,-410.929,-420.582,-429.897,-439.797,-449.363,-459.503,-469.316,-479.692,-489.748,-500.353,-510.646,-521.475,-532,-543.044,-553.794,-565.047,-576.015,-587.467,-598.647,-610.289,-621.671,-633.494,-645.069,-657.063,-668.823,-680.977,-692.911,-705.214,-717.312,-729.752,-742.002,-754.567,-766.958,-779.635,-792.154,-804.929,-817.563,-830.422,-843.157,-856.085,-868.905,-881.886,-894.777,-907.796,-920.744,-933.79,-946.795,-959.886,-973.002,-986.29,-1000,-999.033,-996.657,-995.659,-995.231,-995.066,-995.012,-995.013,-995.021,-995.032,-995.032
-2.12599e-05,-2.12599e-05,-2.18541e-05,-2.17975e-05,-2.21526e-05,-2.14733e-05,-2.05016e-05,-1.73783e-05,-1.19287e-05,-2.02364e-06,0,-9.34911e-05,-0.000189113,-0.000280531,-0.000380954,-0.000474082,-0.000582921,-0.000680911,-0.000801482,-0.000907286,-0.001043,-0.00115966,-0.00131424,-0.00144499,-0.00162256,-0.001771,-0.0019762,-0.0021463,-0.00238439,-0.00258062,-0.00285759,-0.00308501,-0.00340768,-0.00367203,-0.00404823,-0.00435606,-0.0047947,-0.00515349,-0.00566479,-0.0060831,-0.00667875,-0.00716637,-0.00785974,-0.00842786,-0.00923423,-0.00989566,-0.0108325,-0.0116019,-0.012689,-0.0135831,-0.0148432,-0.015881,-0.01734,-0.0185432,-0.0202303,-0.0216238,-0.0235722,-0.025184,-0.0274316,-0.0292936,-0.031883,-0.0340315,-0.0370109,-0.0394869,-0.0429108,-0.0457606,-0.0496905,-0.0529665,-0.0574714,-0.0612327,-0.0663904,-0.0707034,-0.0766011,-0.0815406,-0.0882763,-0.0939263,-0.101609,-0.108064,-0.116817,-0.124182,-0.134141,-0.142534,-0.153853,-0.163406,-0.176252,-0.187113,-0.201676,-0.214007,-0.230498,-0.244481,-0.26313,-0.278968,-0.300033,-0.31795,-0.341714,-0.361959,-0.388736,-0.411583,-0.441719,-0.467471,-0.501346,-0.530338,-0.568371,-0.600971,-0.64362,-0.680234,-0.728003,-0.769075,-0.822515,-0.868532,-0.928245,-0.979742,-1.04638,-1.10395,-1.17823,-1.2425,-1.32521,-1.39687,-1.48886,-1.56867,-1.67085,-1.75964,-1.873,-1.97166,-2.09729,-2.20679,-2.34584,-2.46723,-2.62097,-2.75538,-2.92514,-3.0738,-3.26105,-3.42527,-3.63157,-3.81276,-4.03979,-4.23949,-4.48903,-4.70887,-4.98284,-5.22456,-5.52501,-5.79049,-6.1196,-6.41084,-6.77092,-7.09005,-7.48357,-7.83285,-8.26242,-8.64428,-9.11266,-9.52965,-10.0398,-10.4946,-11.0495,-11.5451,-12.1481,-12.6874,-13.3419,-13.9281,-14.6377,-15.2742,-16.0426,-16.7329,-17.5642,-18.312,-19.2102,-20.0194,-20.9888,-21.8634,-22.9084,-23.8528,-24.9781,-25.9965,-27.2069,-28.304,-29.6045,-30.785,-32.1807,-33.4495,-34.9457,-36.3079,-37.9101,-39.3709,-41.0846,-42.6495,-44.4805,-46.1549,-48.109,-49.8986,-51.9818,-53.8925,-56.1108,-58.1485,-60.5081,-62.6787,-65.1858,-67.4955,-70.1564,-72.6113,-75.4323,-78.0388,-81.0261,-83.7904,-86.9505,-89.879,-93.218,-96.317,-99.8413,-103.117,-106.833,-110.292,-114.205,-117.853,-121.97,-125.813,-130.14,-134.184,-138.726,-142.978,-147.74,-152.205,-157.192,-161.876,-167.094,-172.002,-177.456,-182.592,-188.286,-193.656,-199.594,-205.202,-211.387,-217.239,-223.675,-229.772,-236.462,-242.809,-249.755,-256.355,-263.56,-270.415,-277.879,-284.992,-292.717,-300.089,-308.075,-315.708,-323.955,-331.848,-340.356,-348.51,-357.277,-365.692,-374.715,-383.39,-392.669,-401.601,-411.131,-420.319,-430.097,-439.538,-449.559,-459.249,-469.508,-479.443,-489.935,-500.111,-510.829,-521.239,-532.177,-542.816,-553.966,-564.827,-576.18,-587.256,-598.805,-610.087,-621.821,-633.302,-645.212,-656.882,-668.958,-680.807,-693.037,-705.056,-717.429,-729.606,-742.111,-754.434,-767.058,-779.516,-792.245,-804.826,-817.647,-830.337,-843.236,-856.021,-868.985,-881.852,-894.866,-907.804,-920.86,-933.865,-946.968,-960.064,-973.267,-986.551,-1000,-999.656,-997.951,-996.89,-996.275,-995.922,-995.729,-995.622,-995.57,-995.544,-995.544
-1.87336e-05,-1.87336e-05,-1.85921e-05,-1.87684e-05,-1.81134e-05,-1.74254e-05,-1.54269e-05,-1.25708e-05,-7.66418e-06,-1.13054e-06,0,-9.36417e-05,-0.000185143,-0.000282453,-0.000374201,-0.000478269,-0.00057333,-0.00068741,-0.000788742,-0.000916159,-0.00102674,-0.00117105,-0.00129402,-0.00145913,-0.0015979,-0.00178819,-0.00194652,-0.00216691,-0.00234901,-0.0026051,-0.00281572,-0.0031139,-0.00335841,-0.00370596,-0.00399048,-0.00439574,-0.00472725,-0.00519976,-0.00558625,-0.0061369,-0.0065875,-0.00722879,-0.00775395,-0.00850014,-0.00911182,-0.00997921,-0.0106911,-0.0116983,-0.0125259,-0.0136941,-0.0146554,-0.0160088,-0.017124,-0.01869,-0.0199824,-0.0217921,-0.023288,-0.0253769,-0.0271061,-0.0295143,-0.0315108,-0.0342836,-0.0365859,-0.0397745,-0.0424262,-0.0460883,-0.0491386,-0.0533393,-0.0568437,-0.0616563,-0.0656774,-0.0711841,-0.0757923,-0.0820855,-0.08736,-0.094543,-0.100573,-0.108761,-0.115646,-0.124969,-0.132819,-0.143422,-0.152363,-0.164405,-0.174576,-0.188236,-0.199792,-0.215269,-0.228382,-0.245896,-0.260758,-0.280553,-0.297377,-0.319723,-0.338745,-0.36394,-0.38542,-0.413794,-0.43802,-0.469935,-0.497226,-0.53308,-0.563788,-0.604019,-0.638529,-0.683617,-0.722353,-0.772826,-0.816254,-0.872686,-0.921315,-0.984336,-1.03873,-1.10902,-1.16978,-1.24809,-1.31589,-1.40304,-1.47859,-1.57545,-1.65956,-1.76709,-1.8606,-1.97984,-2.08369,-2.21575,-2.33095,-2.47704,-2.60467,-2.7661,-2.90734,-3.0855,-3.24162,-3.43803,-3.6104,-3.82667,-4.01675,-4.25461,-4.46398,-4.72529,-4.95565,-5.24237,-5.49553,-5.80979,-6.08767,-6.43172,-6.73639,-7.11261,-7.44628,-7.8572,-8.2222,-8.67052,-9.06933,-9.55789,-9.99315,-10.525,-10.9995,-11.5777,-12.0944,-12.7223,-13.2843,-13.9655,-14.5761,-15.3142,-15.9768,-16.7757,-17.4939,-18.3576,-19.1352,-20.068,-20.9089,-21.9151,-22.8236,-23.9076,-24.888,-26.0547,-27.1114,-28.3657,-29.5033,-30.8502,-32.0737,-33.5184,-34.8327,-36.3807,-37.7909,-39.4476,-40.9591,-42.7302,-44.3485,-46.2397,-47.9704,-49.9876,-51.8364,-53.9858,-55.9586,-58.2461,-60.3488,-62.7807,-65.0194,-67.602,-69.9829,-72.7223,-75.2516,-78.1542,-80.8382,-83.9104,-86.7554,-90.0035,-93.0157,-96.446,-99.6319,-103.251,-106.616,-110.429,-113.981,-117.995,-121.74,-125.96,-129.903,-134.335,-138.482,-143.132,-147.49,-152.363,-156.936,-162.038,-166.833,-172.168,-177.189,-182.761,-188.014,-193.828,-199.317,-205.377,-211.106,-217.416,-223.389,-229.952,-236.173,-242.991,-249.464,-256.538,-263.266,-270.6,-277.583,-285.178,-292.42,-300.275,-307.777,-315.894,-323.657,-332.034,-340.059,-348.696,-356.981,-365.876,-374.422,-383.573,-392.377,-401.782,-410.843,-420.498,-429.813,-439.714,-449.28,-459.421,-469.235,-479.612,-489.669,-500.275,-510.569,-521.399,-531.925,-542.971,-553.722,-564.976,-575.946,-587.399,-598.58,-610.224,-621.607,-633.432,-645.01,-657.005,-668.767,-680.923,-692.859,-705.164,-717.264,-729.706,-741.959,-754.527,-766.921,-779.602,-792.125,-804.905,-817.545,-830.411,-843.156,-856.095,-868.93,-881.93,-894.846,-907.897,-920.886,-933.986,-947.056,-960.222,-973.403,-986.677,-1000,-999.798,-998.597,-997.685,-997.048,-996.628,-996.353,-996.185,-996.084,-996.04,-996.04
-1.59506e-05,-1.59506e-05,-1.6167e-05,-1.56644e-05,-1.52238e-05,-1.38534e-05,-1.21529e-05,-9.21618e-06,-5.49209e-06,-7.57691e-07,0,-9.16497e-05,-0.000186198,-0.00027704,-0.000376962,-0.000469704,-0.000578022,-0.000675541,-0.000795457,-0.000900672,-0.00103559,-0.00115154,-0.00130518,-0.00143512,-0.00161159,-0.0017591,-0.00196304,-0.00213208,-0.00236873,-0.00256374,-0.00283906,-0.00306509,-0.00338588,-0.00364865,-0.00402267,-0.00432869,-0.00476484,-0.00512156,-0.00563001,-0.00604594,-0.00663834,-0.00712322,-0.00781287,-0.00837786,-0.00917998,-0.00983783,-0.0107698,-0.0115351,-0.0126167,-0.0135061,-0.0147599,-0.0157924,-0.0172441,-0.0184413,-0.0201202,-0.0215068,-0.023446,-0.0250499,-0.027287,-0.0291401,-0.0317176,-0.033856,-0.036822,-0.0392865,-0.0426953,-0.0455322,-0.0494449,-0.0527063,-0.057192,-0.0609368,-0.0660729,-0.0703674,-0.0762409,-0.0811596,-0.0878681,-0.0934947,-0.101147,-0.107576,-0.116295,-0.12363,-0.133552,-0.141912,-0.153188,-0.162705,-0.175505,-0.186324,-0.200835,-0.213121,-0.229553,-0.243486,-0.262071,-0.277853,-0.298846,-0.316702,-0.340387,-0.360563,-0.387254,-0.410025,-0.440065,-0.465733,-0.499504,-0.528403,-0.566321,-0.598819,-0.641342,-0.677844,-0.725474,-0.766423,-0.819712,-0.865595,-0.925142,-0.976492,-1.04295,-1.10035,-1.17445,-1.23853,-1.32103,-1.3925,-1.48426,-1.56386,-1.66579,-1.75435,-1.86744,-1.96586,-2.09119,-2.20043,-2.33916,-2.46026,-2.61365,-2.74775,-2.91715,-3.06547,-3.25233,-3.41618,-3.62206,-3.80287,-4.02944,-4.22872,-4.47778,-4.69717,-4.97062,-5.21186,-5.51176,-5.77673,-6.10525,-6.39594,-6.7554,-7.07394,-7.4668,-7.81547,-8.24433,-8.62553,-9.09317,-9.50946,-10.0188,-10.4729,-11.027,-11.5218,-12.1239,-12.6624,-13.316,-13.9013,-14.6099,-15.2455,-16.013,-16.7023,-17.5325,-18.2793,-19.1764,-19.9846,-20.9528,-21.8264,-22.8702,-23.8134,-24.9375,-25.9547,-27.1638,-28.2597,-29.5589,-30.7381,-32.1324,-33.3999,-34.8947,-36.2556,-37.8563,-39.3157,-41.028,-42.5914,-44.4209,-46.0938,-48.0464,-49.8346,-51.9162,-53.8253,-56.0421,-58.0782,-60.4362,-62.6052,-65.1107,-67.4188,-70.078,-72.5314,-75.3506,-77.9555,-80.9412,-83.7039,-86.8623,-89.7892,-93.1266,-96.2239,-99.7467,-103.021,-106.735,-110.192,-114.104,-117.75,-121.866,-125.708,-130.032,-134.076,-138.616,-142.866,-147.627,-152.09,-157.077,-161.759,-166.976,-171.882,-177.335,-182.47,-188.163,-193.532,-199.468,-205.076,-211.26,-217.11,-223.546,-229.642,-236.331,-242.678,-249.623,-256.223,-263.427,-270.281,-277.745,-284.858,-292.582,-299.954,-307.94,-315.573,-323.82,-331.713,-340.221,-348.376,-357.143,-365.558,-374.582,-383.258,-392.537,-401.47,-411.001,-420.19,-429.968,-439.41,-449.432,-459.124,-469.384,-479.321,-489.814,-499.991,-510.711,-521.123,-532.063,-542.703,-553.855,-564.718,-576.074,-587.152,-598.703,-609.987,-621.725,-633.207,-645.121,-656.793,-668.872,-680.724,-692.957,-704.979,-717.356,-729.536,-742.044,-754.372,-767,-779.463,-792.198,-804.785,-817.614,-830.312,-843.222,-856.02,-868.999,-881.885,-894.922,-907.888,-920.978,-934.021,-947.165,-960.295,-973.505,-986.731,-1000,-999.855,-998.957,-998.199,-997.613,-997.181,-996.879,-996.674,-996.551,-996.49,-996.49
-1.39489e-05,-1.39489e-05,-1.36744e-05,-1.34723e-05,-1.25281e-05,-1.14669e-05,-9.53166e-06,-7.21426e-06,-4.06807e-06,-5.70086e-07,0,-9.21282e-05,-0.000182442,-0.000278747,-0.000369708,-0.000472932,-0.00056726,-0.000680434,-0.000780957,-0.000907334,-0.00101699,-0.0011601,-0.00128203,-0.00144575,-0.00158333,-0.00177203,-0.00192902,-0.00214759,-0.00232816,-0.00258218,-0.00279105,-0.00308686,-0.00332937,-0.0036742,-0.00395643,-0.00435858,-0.00468748,-0.0051564,-0.0055399,-0.00608646,-0.00653363,-0.00717023,-0.00769146,-0.00843229,-0.00903947,-0.00990073,-0.0106075,-0.0116077,-0.0124294,-0.0135897,-0.0145443,-0.0158885,-0.0169961,-0.0185518,-0.0198355,-0.0216335,-0.0231194,-0.0251951,-0.026913,-0.0293061,-0.0312899,-0.0340457,-0.0363336,-0.0395029,-0.0421382,-0.0457787,-0.0488105,-0.0529868,-0.0564704,-0.0612555,-0.0652531,-0.070729,-0.0753108,-0.0815694,-0.0868143,-0.0939586,-0.099955,-0.1081,-0.114947,-0.124222,-0.132031,-0.142579,-0.151474,-0.163456,-0.173575,-0.187169,-0.198667,-0.214069,-0.227118,-0.24455,-0.259341,-0.279045,-0.295789,-0.318035,-0.336968,-0.362053,-0.383435,-0.411686,-0.435806,-0.467585,-0.494759,-0.530464,-0.561041,-0.60111,-0.635476,-0.680387,-0.718965,-0.769242,-0.812497,-0.868716,-0.917156,-0.979944,-1.03413,-1.10417,-1.1647,-1.24274,-1.31029,-1.39713,-1.47242,-1.56896,-1.65277,-1.75995,-1.85315,-1.972,-2.07551,-2.20716,-2.32198,-2.46763,-2.59486,-2.75581,-2.89661,-3.07426,-3.22992,-3.42577,-3.59763,-3.81331,-4.00285,-4.24007,-4.44887,-4.70949,-4.93923,-5.22524,-5.47773,-5.79122,-6.06839,-6.41162,-6.71554,-7.09088,-7.42374,-7.83374,-8.19789,-8.64523,-9.04314,-9.53066,-9.96496,-10.4957,-10.9692,-11.5462,-12.0618,-12.6886,-13.2494,-13.9294,-14.5387,-15.2756,-15.9369,-16.7344,-17.4513,-18.3136,-19.0898,-20.021,-20.8606,-21.8651,-22.7721,-23.8546,-24.8334,-25.9984,-27.0535,-28.306,-29.442,-30.787,-32.0088,-33.4517,-34.7642,-36.3102,-37.7186,-39.3733,-40.8829,-42.652,-44.2683,-46.1575,-47.8862,-49.9013,-51.7481,-53.8953,-55.866,-58.1514,-60.252,-62.6817,-64.9183,-67.4986,-69.8774,-72.6146,-75.1417,-78.0421,-80.7239,-83.7939,-86.6366,-89.8825,-92.8926,-96.3207,-99.5043,-103.121,-106.484,-110.296,-113.845,-117.857,-121.599,-125.817,-129.758,-134.189,-138.334,-142.982,-147.337,-152.209,-156.78,-161.88,-166.673,-172.006,-177.026,-182.597,-187.848,-193.661,-199.148,-205.207,-210.934,-217.243,-223.215,-229.777,-235.997,-242.814,-249.286,-256.36,-263.086,-270.42,-277.403,-284.997,-292.239,-300.094,-307.596,-315.712,-323.475,-331.853,-339.877,-348.515,-356.8,-365.697,-374.242,-383.395,-392.2,-401.606,-410.668,-420.324,-429.64,-439.542,-449.11,-459.253,-469.068,-479.447,-489.506,-500.115,-510.411,-521.243,-531.771,-542.82,-553.574,-564.83,-575.803,-587.259,-598.443,-610.09,-621.477,-633.305,-644.886,-656.885,-668.651,-680.811,-692.751,-705.06,-717.164,-729.612,-741.869,-754.442,-766.842,-779.529,-792.059,-804.846,-817.495,-830.371,-843.126,-856.079,-868.93,-881.948,-894.884,-907.959,-920.975,-934.102,-947.195,-960.374,-973.545,-986.771,-1000,-999.886,-999.177,-998.545,-998.02,-997.61,-997.303,-997.089,-996.951,-996.885,-996.885
-1.19226e-05,-1.19226e-05,-1.19663e-05,-1.13659e-05,-1.07298e-05,-9.39878e-06,-7.88291e-06,-5.69346e-06,-3.24668e-06,-4.40456e-07,0,-9.02013e-05,-0.000183385,-0.000273053,-0.000371795,-0.000463508,-0.000570654,-0.00066713,-0.000785768,-0.000889848,-0.00102333,-0.00113801,-0.00129001,-0.00141854,-0.00159314,-0.00173905,-0.00194086,-0.00210808,-0.0023423,-0.00253525,-0.00280778,-0.00303147,-0.00334906,-0.00360915,-0.00397951,-0.00428247,-0.00471442,-0.00506763,-0.00557127,-0.00598318,-0.00657006,-0.00705034,-0.00773369,-0.00829341,-0.00908832,-0.00974013,-0.0106639,-0.0114222,-0.0124945,-0.013376,-0.0146191,-0.0156426,-0.0170822,-0.0182691,-0.0199342,-0.0213091,-0.0232326,-0.0248233,-0.0270426,-0.0288807,-0.031438,-0.0335594,-0.0365026,-0.0389479,-0.042331,-0.045146,-0.0490299,-0.0522667,-0.0567198,-0.0604368,-0.0655364,-0.0697996,-0.0756321,-0.0805156,-0.0871781,-0.0927653,-0.100366,-0.106751,-0.115412,-0.122698,-0.132555,-0.14086,-0.152065,-0.16152,-0.17424,-0.18499,-0.199414,-0.211622,-0.227956,-0.241804,-0.26028,-0.275968,-0.296841,-0.314591,-0.338144,-0.358204,-0.384748,-0.40739,-0.437269,-0.462796,-0.496388,-0.525131,-0.562854,-0.59518,-0.637489,-0.673802,-0.721198,-0.761939,-0.814971,-0.860627,-0.919894,-0.970995,-1.03715,-1.09428,-1.16804,-1.23183,-1.31397,-1.38511,-1.47647,-1.55573,-1.65723,-1.74541,-1.85804,-1.95604,-2.08087,-2.18966,-2.32785,-2.44847,-2.60128,-2.73486,-2.90363,-3.05138,-3.23757,-3.40082,-3.60597,-3.78613,-4.01193,-4.2105,-4.45873,-4.67737,-4.94994,-5.19038,-5.48933,-5.75344,-6.08096,-6.37073,-6.72912,-7.04669,-7.43841,-7.78604,-8.21371,-8.5938,-9.06017,-9.47529,-9.98329,-10.4361,-10.9888,-11.4823,-12.083,-12.62,-13.2721,-13.8559,-14.563,-15.197,-15.9627,-16.6505,-17.4789,-18.224,-19.1192,-19.9256,-20.8919,-21.7636,-22.8054,-23.7467,-24.8687,-25.884,-27.0909,-28.1847,-29.4816,-30.6587,-32.0507,-33.316,-34.8085,-36.167,-37.7653,-39.2224,-40.9321,-42.4931,-44.3201,-45.9905,-47.9405,-49.7261,-51.8051,-53.7116,-55.9257,-57.9591,-60.3144,-62.4807,-64.9835,-67.2888,-69.9453,-72.3959,-75.2124,-77.8146,-80.7975,-83.5574,-86.713,-89.6371,-92.9718,-96.0663,-99.5863,-102.858,-106.569,-110.024,-113.933,-117.577,-121.689,-125.529,-129.851,-133.892,-138.429,-142.677,-147.435,-151.897,-156.881,-161.561,-166.775,-171.68,-177.13,-182.263,-187.954,-193.321,-199.256,-204.862,-211.044,-216.893,-223.327,-229.422,-236.11,-242.455,-249.4,-255.998,-263.201,-270.055,-277.518,-284.63,-292.355,-299.726,-307.712,-315.344,-323.591,-331.485,-339.993,-348.148,-356.916,-365.332,-374.357,-383.033,-392.313,-401.248,-410.78,-419.97,-429.751,-439.194,-449.219,-458.912,-469.175,-479.113,-489.61,-499.789,-510.512,-520.926,-531.87,-542.513,-553.669,-564.534,-575.894,-586.975,-598.531,-609.819,-621.56,-633.047,-644.965,-656.642,-668.726,-680.582,-692.821,-704.847,-717.23,-729.416,-741.931,-754.264,-766.899,-779.369,-792.112,-804.707,-817.546,-830.254,-843.176,-855.987,-868.981,-881.884,-894.94,-907.926,-921.036,-934.098,-947.257,-960.391,-973.59,-986.782,-1000,-999.907,-999.32,-998.78,-998.315,-997.933,-997.639,-997.422,-997.284,-997.213,-997.213
-1.06053e-05,-1.06053e-05,-1.03146e-05,-1.00092e-05,-9.10202e-06,-8.10289e-06,-6.52445e-06,-4.78421e-06,-2.62737e-06,-3.65467e-07,0,-9.05864e-05,-0.000179442,-0.000274282,-0.000363921,-0.000465711,-0.000558749,-0.000670413,-0.000769587,-0.000894299,-0.00100249,-0.00114373,-0.00126403,-0.00142564,-0.0015614,-0.00174769,-0.00190263,-0.00211846,-0.0022967,-0.00254758,-0.00275381,-0.00304602,-0.00328552,-0.00362624,-0.00390503,-0.00430245,-0.0046274,-0.00509092,-0.0054699,-0.00601027,-0.00645226,-0.00708177,-0.00759708,-0.00832979,-0.00893019,-0.00978218,-0.0104811,-0.0114708,-0.0122837,-0.0134318,-0.0143763,-0.0157069,-0.0168029,-0.018343,-0.0196135,-0.0213938,-0.0228647,-0.0249203,-0.0266212,-0.0289916,-0.0309561,-0.0336861,-0.0359522,-0.0390924,-0.0417031,-0.0453107,-0.0483146,-0.052454,-0.0559061,-0.0606497,-0.0646119,-0.0700412,-0.074583,-0.0807894,-0.0859894,-0.0930751,-0.0990212,-0.107101,-0.113892,-0.123094,-0.130839,-0.141306,-0.150131,-0.162021,-0.172062,-0.185554,-0.196965,-0.212256,-0.225207,-0.242515,-0.257197,-0.276763,-0.293388,-0.315481,-0.334282,-0.359198,-0.380434,-0.4085,-0.432456,-0.464032,-0.491026,-0.526507,-0.556887,-0.59671,-0.630858,-0.675499,-0.713839,-0.763821,-0.806814,-0.86271,-0.910864,-0.973299,-1.02717,-1.09682,-1.15702,-1.23464,-1.30181,-1.3882,-1.46309,-1.55913,-1.6425,-1.74915,-1.84186,-1.96014,-2.06313,-2.19415,-2.30841,-2.45339,-2.58001,-2.74023,-2.88038,-3.05725,-3.2122,-3.40721,-3.57832,-3.79309,-3.98182,-4.21808,-4.426,-4.68559,-4.91439,-5.1993,-5.45079,-5.76311,-6.03921,-6.38119,-6.68397,-7.05799,-7.38963,-7.79823,-8.16108,-8.60694,-9.00348,-9.48944,-9.92228,-10.4513,-10.9233,-11.4986,-12.0126,-12.6375,-13.1967,-13.8747,-14.4822,-15.217,-15.8765,-16.6719,-17.3868,-18.2469,-19.021,-19.9499,-20.7873,-21.7895,-22.6942,-23.7742,-24.7506,-25.9131,-26.9657,-28.2156,-29.349,-30.6914,-31.9105,-33.3505,-34.6603,-36.2034,-37.609,-39.2607,-40.7675,-42.5335,-44.1469,-46.0329,-47.7586,-49.7706,-51.6143,-53.7583,-55.7258,-58.0079,-60.1053,-62.5318,-64.7651,-67.3421,-69.7175,-72.4514,-74.9752,-77.8723,-80.5507,-83.6174,-86.4568,-89.6993,-92.706,-96.1308,-99.3111,-102.924,-106.285,-110.093,-113.639,-117.648,-121.387,-125.602,-129.539,-133.967,-138.109,-142.754,-147.107,-151.976,-156.544,-161.642,-166.431,-171.762,-176.779,-182.348,-187.596,-193.407,-198.892,-204.949,-210.674,-216.981,-222.952,-229.512,-235.73,-242.546,-249.016,-256.089,-262.814,-270.147,-277.129,-284.723,-291.964,-299.819,-307.32,-315.437,-323.2,-331.578,-339.602,-348.241,-356.527,-365.424,-373.97,-383.124,-391.93,-401.338,-410.401,-420.06,-429.378,-439.282,-448.852,-458.998,-468.815,-479.198,-489.259,-499.871,-510.17,-521.006,-531.538,-542.59,-553.348,-564.609,-575.586,-587.047,-598.235,-609.887,-621.279,-633.113,-644.698,-656.703,-668.474,-680.64,-692.586,-704.902,-717.012,-729.466,-741.731,-754.311,-766.719,-779.414,-791.952,-804.749,-817.408,-830.295,-843.062,-856.028,-868.893,-881.927,-894.88,-907.971,-921.004,-934.145,-947.249,-960.43,-973.593,-986.799,-1000,-999.92,-999.415,-998.944,-998.525,-998.174,-997.892,-997.684,-997.544,-997.477,-997.477
-9.3491e-06,-9.3491e-06,-9.33049e-06,-8.76136e-06,-8.13977e-06,-6.98905e-06,-5.7372e-06,-4.05781e-06,-2.27756e-06,-3.07597e-07,0,-8.85435e-05,-0.000180052,-0.000268142,-0.000365214,-0.000455394,-0.000560807,-0.000655718,-0.000772483,-0.000874897,-0.0010063,-0.00111917,-0.00126883,-0.00139534,-0.0015673,-0.00171094,-0.00190975,-0.00207442,-0.0023052,-0.00249527,-0.00276388,-0.00298427,-0.00329737,-0.00355369,-0.0039189,-0.00421755,-0.00464361,-0.00499188,-0.00548877,-0.00589503,-0.00647417,-0.00694798,-0.00762247,-0.00817477,-0.00895956,-0.00960289,-0.0105151,-0.0112637,-0.0123228,-0.0131932,-0.0144213,-0.0154321,-0.0168546,-0.0180272,-0.0196728,-0.0210313,-0.0229328,-0.0245048,-0.0266991,-0.0285161,-0.0310451,-0.0331425,-0.0360538,-0.0384719,-0.0418189,-0.0446033,-0.0484465,-0.0516486,-0.056056,-0.059734,-0.0647821,-0.0690013,-0.0747761,-0.0796102,-0.086208,-0.0917396,-0.0992685,-0.10559,-0.114171,-0.121387,-0.131154,-0.139381,-0.150485,-0.159853,-0.172461,-0.183115,-0.197414,-0.209514,-0.225711,-0.239438,-0.257761,-0.273316,-0.29402,-0.311622,-0.334988,-0.354884,-0.381222,-0.403684,-0.433335,-0.458662,-0.492005,-0.520528,-0.557976,-0.59006,-0.632068,-0.668114,-0.71518,-0.75563,-0.8083,-0.853636,-0.912508,-0.963259,-1.02899,-1.08573,-1.15902,-1.22239,-1.30402,-1.37471,-1.46552,-1.54428,-1.64518,-1.73282,-1.8448,-1.94222,-2.06635,-2.1745,-2.31194,-2.43187,-2.58386,-2.7167,-2.88459,-3.03155,-3.21679,-3.37918,-3.58332,-3.76255,-3.98727,-4.18485,-4.43192,-4.64949,-4.92082,-5.16012,-5.45775,-5.72065,-6.04675,-6.33523,-6.69212,-7.00831,-7.39844,-7.7446,-8.17058,-8.54912,-9.01371,-9.42717,-9.93329,-10.3844,-10.9351,-11.4267,-12.0253,-12.5604,-13.2102,-13.7921,-14.4968,-15.1287,-15.892,-16.5775,-17.4034,-18.1461,-19.0387,-19.8426,-20.8061,-21.6753,-22.7142,-23.6528,-24.7719,-25.7843,-26.9882,-28.0791,-29.3728,-30.5469,-31.9357,-33.1978,-34.6869,-36.0422,-37.6371,-39.0908,-40.7971,-42.3546,-44.178,-45.8449,-47.7912,-49.5732,-51.6485,-53.5514,-55.7616,-57.7913,-60.1428,-62.3053,-64.8042,-67.1057,-69.7583,-72.2051,-75.0177,-77.6159,-80.5949,-83.3509,-86.5026,-89.4227,-92.7536,-95.8442,-99.3603,-102.628,-106.336,-109.786,-113.692,-117.331,-121.441,-125.276,-129.595,-133.632,-138.166,-142.411,-147.165,-151.623,-156.604,-161.281,-166.493,-171.394,-176.841,-181.972,-187.66,-193.024,-198.957,-204.56,-210.74,-216.586,-223.019,-229.111,-235.798,-242.141,-249.084,-255.681,-262.883,-269.736,-277.199,-284.309,-292.033,-299.404,-307.39,-315.022,-323.27,-331.163,-339.672,-347.827,-356.596,-365.013,-374.039,-382.716,-391.999,-400.934,-410.469,-419.661,-429.444,-438.89,-448.917,-458.613,-468.879,-478.821,-489.321,-499.504,-510.231,-520.649,-531.597,-542.244,-553.405,-564.275,-575.641,-586.727,-598.288,-609.581,-621.329,-632.821,-644.746,-656.428,-668.519,-680.382,-692.628,-704.661,-717.052,-729.245,-741.768,-754.109,-766.753,-779.232,-791.985,-804.59,-817.439,-830.159,-843.093,-855.917,-868.925,-881.842,-894.913,-907.914,-921.038,-934.113,-947.28,-960.417,-973.613,-986.797,-1000,-999.929,-999.479,-999.054,-998.671,-998.342,-998.076,-997.873,-997.739,-997.67,-997.67
-8.70768e-06,-8.70768e-06,-8.43418e-06,-8.12224e-06,-7.30455e-06,-6.41837e-06,-5.09502e-06,-3.68818e-06,-2.00555e-06,-2.78313e-07,0,-8.87475e-05,-0.000175808,-0.000268778,-0.000356658,-0.000456511,-0.000547773,-0.000657367,-0.000754681,-0.000877127,-0.000983317,-0.00112203,-0.00124013,-0.00139889,-0.00153221,-0.00171527,-0.00186746,-0.00207962,-0.00225476,-0.00250144,-0.00270414,-0.00299156,-0.00322703,-0.00356225,-0.00383644,-0.00422756,-0.00454725,-0.00500355,-0.0053765,-0.00590859,-0.00634368,-0.00696372,-0.00747111,-0.008193,-0.00878433,-0.00962395,-0.0103125,-0.011288,-0.0120891,-0.0132212,-0.0141521,-0.0154643,-0.0165449,-0.0180641,-0.0193171,-0.0210737,-0.0225247,-0.0245534,-0.0262316,-0.0285716,-0.0305103,-0.033206,-0.0354428,-0.0385443,-0.0411219,-0.0446857,-0.0476523,-0.0517424,-0.0551524,-0.0598405,-0.0637552,-0.0691222,-0.0736107,-0.0797472,-0.0848872,-0.0918947,-0.0977735,-0.105766,-0.112481,-0.121585,-0.129247,-0.139605,-0.148335,-0.160104,-0.17004,-0.183397,-0.194691,-0.209831,-0.222653,-0.239794,-0.254332,-0.273714,-0.290178,-0.312068,-0.33069,-0.355382,-0.376421,-0.404239,-0.427978,-0.459281,-0.486035,-0.521217,-0.551333,-0.590826,-0.624684,-0.668964,-0.706984,-0.756571,-0.799214,-0.854678,-0.902449,-0.964412,-1.01786,-1.087,-1.14674,-1.2238,-1.29048,-1.37626,-1.4506,-1.54598,-1.62876,-1.73469,-1.82677,-1.94427,-2.04656,-2.17675,-2.29026,-2.43433,-2.56014,-2.71939,-2.85866,-3.03449,-3.18849,-3.38238,-3.55246,-3.76604,-3.95367,-4.18864,-4.39539,-4.65361,-4.88115,-5.16459,-5.41473,-5.72548,-6.00015,-6.34046,-6.64171,-7.01396,-7.34398,-7.7507,-8.11182,-8.55569,-8.95039,-9.43425,-9.86515,-10.392,-10.8619,-11.4349,-11.9467,-12.5691,-13.126,-13.8014,-14.4066,-15.1387,-15.7956,-16.5882,-17.3004,-18.1575,-18.9289,-19.8548,-20.6892,-21.6882,-22.5899,-23.6666,-24.6398,-25.7989,-26.8482,-28.0945,-29.2245,-30.5632,-31.7788,-33.2151,-34.5212,-36.0604,-37.4623,-39.11,-40.6129,-42.3748,-43.9843,-45.8661,-47.5878,-49.5955,-51.435,-53.5747,-55.538,-57.8158,-59.9089,-62.3309,-64.5598,-67.1324,-69.5034,-72.2328,-74.7521,-77.6447,-80.3187,-83.3809,-86.2158,-89.4539,-92.4561,-95.8764,-99.0523,-102.661,-106.017,-109.821,-113.363,-117.367,-121.102,-125.313,-129.246,-133.67,-137.807,-142.449,-146.797,-151.663,-156.227,-161.321,-166.107,-171.435,-176.448,-182.014,-187.259,-193.067,-198.549,-204.603,-210.326,-216.631,-222.598,-229.156,-235.373,-242.186,-248.655,-255.727,-262.45,-269.782,-276.762,-284.356,-291.595,-299.45,-306.951,-315.068,-322.831,-331.209,-339.234,-347.873,-356.16,-365.059,-373.606,-382.762,-391.569,-400.979,-410.044,-419.705,-429.026,-438.934,-448.506,-458.656,-468.477,-478.863,-488.927,-499.545,-509.848,-520.689,-531.225,-542.283,-553.046,-564.313,-575.295,-586.762,-597.956,-609.615,-621.013,-632.854,-644.446,-656.459,-668.237,-680.411,-692.364,-704.689,-716.807,-729.27,-741.543,-754.133,-766.55,-779.254,-791.803,-804.611,-817.28,-830.18,-842.959,-855.938,-868.816,-881.863,-894.83,-907.936,-920.981,-934.134,-947.247,-960.434,-973.599,-986.803,-1000,-999.934,-999.518,-999.122,-998.762,-998.45,-998.193,-997.998,-997.865,-997.8,-997.8
-8.14956e-06,-8.14956e-06,-8.11541e-06,-7.58497e-06,-7.00298e-06,-5.96675e-06,-4.8598e-06,-3.41197e-06,-1.90527e-06,-2.56928e-07,0,-8.655e-05,-0.000176018,-0.000262142,-0.000357095,-0.000445297,-0.000548463,-0.000641325,-0.000755649,-0.000855883,-0.000984587,-0.00109509,-0.00124173,-0.00136562,-0.00153418,-0.00167491,-0.00186984,-0.00203123,-0.0022576,-0.00244394,-0.0027075,-0.00292366,-0.00323098,-0.00348247,-0.00384107,-0.00413419,-0.00455266,-0.0048946,-0.0053828,-0.0057818,-0.00635099,-0.00681648,-0.00747958,-0.00802236,-0.00879413,-0.00942656,-0.0103239,-0.0110601,-0.0121021,-0.0129583,-0.0141671,-0.0151617,-0.0165622,-0.0177162,-0.0193369,-0.0206743,-0.0225474,-0.0240955,-0.0262576,-0.0280473,-0.03054,-0.0326066,-0.0354767,-0.0378599,-0.0411605,-0.0439054,-0.0476963,-0.0508538,-0.0552024,-0.05883,-0.063812,-0.0679746,-0.0736751,-0.0784455,-0.0849602,-0.0904203,-0.097856,-0.104098,-0.112574,-0.119701,-0.129352,-0.137479,-0.148453,-0.157709,-0.170173,-0.180702,-0.19484,-0.206802,-0.222821,-0.236394,-0.25452,-0.269903,-0.290389,-0.307801,-0.330926,-0.350612,-0.376684,-0.398912,-0.428272,-0.453341,-0.486362,-0.514602,-0.551696,-0.583468,-0.625087,-0.660791,-0.707432,-0.747505,-0.79971,-0.844633,-0.902997,-0.953297,-1.01847,-1.07472,-1.14741,-1.21024,-1.29121,-1.36132,-1.45141,-1.52953,-1.62966,-1.71661,-1.82775,-1.92441,-2.04764,-2.15498,-2.29143,-2.41049,-2.56142,-2.69331,-2.86007,-3.006,-3.19002,-3.3513,-3.55413,-3.73217,-3.95548,-4.15179,-4.39736,-4.61356,-4.88329,-5.12113,-5.41705,-5.67838,-6.00266,-6.28947,-6.64443,-6.95883,-7.34691,-7.69118,-8.11498,-8.49151,-8.9538,-9.36513,-9.86881,-10.3177,-10.8658,-11.355,-11.9509,-12.4835,-13.1305,-13.7097,-14.4114,-15.0405,-15.8007,-16.4833,-17.3059,-18.0456,-18.9348,-19.7355,-20.6955,-21.5613,-22.5966,-23.5317,-24.6469,-25.6557,-26.8557,-27.9428,-29.2325,-30.4026,-31.7872,-33.0453,-34.5301,-35.8812,-37.4716,-38.9211,-40.6228,-42.176,-43.9946,-45.6571,-47.5986,-49.376,-51.4464,-53.3446,-55.55,-57.5749,-59.9213,-62.079,-64.5729,-66.8695,-69.517,-71.9588,-74.7663,-77.3595,-80.3334,-83.0844,-86.231,-89.1461,-92.4719,-95.5575,-99.0687,-102.331,-106.034,-109.48,-113.38,-117.015,-121.12,-124.95,-129.265,-133.297,-137.826,-142.066,-146.817,-151.27,-156.247,-160.92,-166.128,-171.025,-176.469,-181.595,-187.28,-192.641,-198.57,-204.17,-210.348,-216.191,-222.621,-228.711,-235.395,-241.736,-248.677,-255.272,-262.473,-269.324,-276.786,-283.895,-291.619,-298.988,-306.974,-314.605,-322.854,-330.747,-339.257,-347.413,-356.183,-364.6,-373.629,-382.307,-391.592,-400.529,-410.067,-419.261,-429.048,-438.496,-448.528,-458.227,-468.498,-478.443,-488.948,-499.135,-509.868,-520.291,-531.245,-541.898,-553.065,-563.941,-575.313,-586.405,-597.974,-609.274,-621.03,-632.53,-644.462,-656.153,-668.252,-680.123,-692.379,-704.42,-716.82,-729.022,-741.556,-753.907,-766.561,-779.05,-791.814,-804.43,-817.291,-830.022,-842.969,-855.805,-868.826,-881.757,-894.841,-907.855,-920.992,-934.079,-947.257,-960.403,-973.605,-986.793,-1000,-999.937,-999.536,-999.154,-998.806,-998.501,-998.251,-998.058,-997.929,-997.862,-997.862
-8.14956e-06,-8.14956e-06,-8.11541e-06,-7.58497e-06,-7.00298e-06,-5.96675e-06,-4.8598e-06,-3.41197e-06,-1.90527e-06,-2.56928e-07,0,-8.655e-05,-0.000176018,-0.000262142,-0.000357095,-0.000445297,-0.000548463,-0.000641325,-0.000755649,-0.000855883,-0.000984587,-0.00109509,-0.00124173,-0.00136562,-0.00153418,-0.00167491,-0.00186984,-0.00203123,-0.0022576,-0.00244394,-0.0027075,-0.00292366,-0.00323098,-0.00348247,-0.00384107,-0.00413419,-0.00455266,-0.0048946,-0.0053828,-0.0057818,-0.00635099,-0.00681648,-0.00747958,-0.00802236,-0.00879413,-0.00942656,-0.0103239,-0.0110601,-0.0121021,-0.0129583,-0.0141671,-0.0151617,-0.0165622,-0.0177162,-0.0193369,-0.0206743,-0.0225474,-0.0240955,-0.0262576,-0.0280473,-0.03054,-0.0326066,-0.0354767,-0.0378599,-0.0411605,-0.0439054,-0.0476963,-0.0508538,-0.0552024,-0.05883,-0.063812,-0.0679746,-0.0736751,-0.0784455,-0.0849602,-0.0904203,-0.097856,-0.104098,-0.112574,-0.119701,-0.129352,-0.137479,-0.148453,-0.157709,-0.170173,-0.180702,-0.19484,-0.206802,-0.222821,-0.236394,-0.25452,-0.269903,-0.290389,-0.307801,-0.330926,-0.350612,-0.376684,-0.398912,-0.428272,-0.453341,-0.486362,-0.514602,-0.551696,-0.583468,-0.625087,-0.660791,-0.707432,-0.747505,-0.79971,-0.844633,-0.902997,-0.953297,-1.01847,-1.07472,-1.14741,-1.21024,-1.29121,-1.36132,-1.45141,-1.52953,-1.62966,-1.71661,-1.82775,-1.92441,-2.04764,-2.15498,-2.29143,-2.41049,-2.56142,-2.69331,-2.86007,-3.006,-3.19002,-3.3513,-3.55413,-3.73217,-3.95548,-4.15179,-4.39736,-4.61356,-4.88329,-5.12113,-5.41705,-5.67838,-6.00266,-6.28947,-6.64443,-6.95883,-7.34691,-7.69118,-8.11498,-8.49151,-8.9538,-9.36513,-9.86881,-10.3177,-10.8658,-11.355,-11.9509,-12.4835,-13.1305,-13.7097,-14.4114,-15.0405,-15.8007,-16.4833,-17.3059,-18.0456,-18.9348,-19.7355,-20.6955,-21.5613,-22.5966,-23.5317,-24.6469,-25.6557,-26.8557,-27.9428,-29.2325,-30.4026,-31.7872,-33.0453,-34.5301,-35.8812,-37.4716,-38.9211,-40.6228,-42.176,-43.9946,-45.6571,-47.5986,-49.376,-51.4464,-53.3446,-55.55,-57.5749,-59.9213,-62.079,-64.5729,-66.8695,-69.517,-71.9588,-74.7663,-77.3595,-80.3334,-83.0844,-86.231,-89.1461,-92.4719,-95.5575,-99.0687,-102.331,-106.034,-109.48,-113.38,-117.015,-121.12,-124.95,-129.265,-133.297,-137.826,-142.066,-146.817,-151.27,-156.247,-160.92,-166.128,-171.025,-176.469,-181.595,-187.28,-192.641,-198.57,-204.17,-210.348,-216.191,-222.621,-228.711,-235.395,-241.736,-248.677,-255.272,-262.473,-269.324,-276.786,-283.895,-291.619,-298.988,-306.974,-314.605,-322.854,-330.747,-339.257,-347.413,-356.183,-364.6,-373.629,-382.307,-391.592,-400.529,-410.067,-419.261,-429.048,-438.496,-448.528,-458.227,-468.498,-478.443,-488.948,-499.135,-509.868,-520.291,-531.245,-541.898,-553.065,-563.941,-575.313,-586.405,-597.974,-609.274,-621.03,-632.53,-644.462,-656.153,-668.252,-680.123,-692.379,-704.42,-716.82,-729.022,-741.556,-753.907,-766.561,-779.05,-791.814,-804.43,-817.291,-830.022,-842.969,-855.805,-868.826,-881.757,-894.841,-907.855,-920.992,-934.079,-947.257,-960.403,-973.605,-986.793,-1000,-999.937,-999.536,-999.154,-998.806,-998.501,-998.251,-998.058,-997.929,-997.862,-997.862
