-0,-0.00561536,-0.0167794,-0.0277183,-0.0382042,-0.0479078,-0.0563919,-0.0631427,-0.0676459,-0.0401273,1.332,2.68314,2.70833,2.75265,2.81946,2.91302,3.03751,3.19504,3.38213,3.58537,3.7806,3.94299,4.0605,4.13391,4.16852,4.16816,4.13279,4.05843,3.93965,3.77551,3.57788,3.37144,3.18026,3.01757,2.88661,2.78492,2.70778,2.65023,2.60787,2.57717,2.55543,2.54067,2.53153,2.52717,2.52717,2.53154,2.54068,2.55545,2.5772,2.60789,2.65024,2.70778,2.7849,2.88657,3.01748,3.18012,3.37124,3.57761,3.77515,3.9392,4.05785,4.13205,4.16719,4.16722,4.13213,4.05799,3.93941,3.77545,3.57802,3.3718,3.18087,3.01848,2.88789,2.78665,2.71009,2.65329,2.61193,2.58256,2.5626,2.55024,2.54434,2.54436,2.5503,2.5627,2.5827,2.61212,2.65352,2.71037,2.78698,2.88829,3.01894,3.18141,3.37241,3.57871,3.77623,3.94027,4.05892,4.13312,4.16828,4.16832,4.13325,4.05915,3.94062,3.77673,3.57942,3.37338,3.18272,3.0207,2.89062,2.79008,2.71448,2.65898,2.61938,2.59239,2.57566,2.56767,2.5677,2.57574,2.59253,2.61958,2.65925,2.71481,2.79048,2.8911,3.02126,3.18338,3.37414,3.58029,3.77772,3.94171,4.06034,4.13454,4.1697,4.16977,4.13473,4.0607,3.94226,3.77852,3.58144,3.37575,3.18558,3.02426,2.89513,2.79588,2.72204,2.66891,2.63254,2.60992,2.5991,2.59913,2.61002,2.63271,2.66916,2.72235,2.79628,2.89562,3.02485,3.18628,3.37656,3.58239,3.7796,3.94346,4.06202,4.13618,4.17135,4.17144,4.13648,4.06256,3.94432,3.78089,3.58427,3.37925,3.19003,3.02999,2.90262,2.80576,2.73514,2.6864,2.65594,2.64134,2.64138,2.65605,2.68659,2.73542,2.80612,2.90308,3.03056,3.19071,3.38007,3.58523,3.78199,3.94557,4.06396,4.13804,4.1732,4.17335,4.13852,4.06483,3.94697,3.78413,3.58841,3.38467,3.19722,3.0396,2.91548,2.82302,2.75835,2.71763,2.69804,2.69808,2.71776,2.75857,2.82334,2.91591,3.04014,3.19789,3.38549,3.58939,3.78528,3.94829,4.06634,4.14026,4.17538,4.17563,4.14104,4.06779,3.95066,3.78897,3.59493,3.39359,3.20944,3.05628,2.93817,2.8538,2.80003,2.77398,2.77403,2.80019,2.85409,2.93859,3.05684,3.21016,3.39449,3.59603,3.79028,3.9522,4.06961,4.1432,4.17825,4.17867,4.14454,4.07213,3.95636,3.79679,3.6059,3.40901,3.23094,3.08599,2.9789,2.90928,2.87521,2.8753,2.90954,2.97935,3.08664,3.23182,3.41014,3.60732,3.79852,3.95844,4.07463,4.14761,4.18254,4.18329,4.15,4.07914,3.96591,3.81028,3.62522,3.43653,3.26967,3.13973,3.05262,3.00938,3.0097,3.05359,3.1414,3.27208,3.43976,3.62932,3.81534,3.97205,4.08659,4.15918,4.19488,4.19766,4.16805,4.10317,3.99929,3.85777,3.69304,3.53222,3.40187,3.31832,3.2884,3.31275,3.38722,3.50094,3.63173,3.74216,1.80259,-0.658901,-1.08374,-0.953907,-0.792193,-0.625585,-0.467609,-0.322289,-0.188342,-0.0619141,-0
-0,-0.00561536,-0.0167794,-0.0277183,-0.0382042,-0.0479078,-0.0563919,-0.0631427,-0.0676459,-0.0401273,1.332,2.68314,2.70833,2.75265,2.81946,2.91302,3.03751,3.19504,3.38213,3.58537,3.7806,3.94299,4.0605,4.13391,4.16852,4.16816,4.13279,4.05843,3.93965,3.77551,3.57788,3.37144,3.18026,3.01757,2.88661,2.78492,2.70778,2.65023,2.60787,2.57717,2.55543,2.54067,2.53153,2.52717,2.52717,2.53154,2.54068,2.55545,2.5772,2.60789,2.65024,2.70778,2.7849,2.88657,3.01748,3.18012,3.37124,3.57761,3.77515,3.9392,4.05785,4.13205,4.16719,4.16722,4.13213,4.05799,3.93941,3.77545,3.57802,3.3718,3.18087,3.01848,2.88789,2.78665,2.71009,2.65329,2.61193,2.58256,2.5626,2.55024,2.54434,2.54436,2.5503,2.5627,2.5827,2.61212,2.65352,2.71037,2.78698,2.88829,3.01894,3.18141,3.37241,3.57871,3.77623,3.94027,4.05892,4.13312,4.16828,4.16832,4.13325,4.05915,3.94062,3.77673,3.57942,3.37338,3.18272,3.0207,2.89062,2.79008,2.71448,2.65898,2.61938,2.59239,2.57566,2.56767,2.5677,2.57574,2.59253,2.61958,2.65925,2.71481,2.79048,2.8911,3.02126,3.18338,3.37414,3.58029,3.77772,3.94171,4.06034,4.13454,4.1697,4.16977,4.13473,4.0607,3.94226,3.77852,3.58144,3.37575,3.18558,3.02426,2.89513,2.79588,2.72204,2.66891,2.63254,2.60992,2.5991,2.59913,2.61002,2.63271,2.66916,2.72235,2.79628,2.89562,3.02485,3.18628,3.37656,3.58239,3.7796,3.94346,4.06202,4.13618,4.17135,4.17144,4.13648,4.06256,3.94432,3.78089,3.58427,3.37925,3.19003,3.02999,2.90262,2.80576,2.73514,2.6864,2.65594,2.64134,2.64138,2.65605,2.68659,2.73542,2.80612,2.90308,3.03056,3.19071,3.38007,3.58523,3.78199,3.94557,4.06396,4.13804,4.1732,4.17335,4.13852,4.06483,3.94697,3.78413,3.58841,3.38467,3.19722,3.0396,2.91548,2.82302,2.75835,2.71763,2.69804,2.69808,2.71776,2.75857,2.82334,2.91591,3.04014,3.19789,3.38549,3.58939,3.78528,3.94829,4.06634,4.14026,4.17538,4.17563,4.14104,4.06779,3.95066,3.78897,3.59493,3.39359,3.20944,3.05628,2.93817,2.8538,2.80003,2.77398,2.77403,2.80019,2.85409,2.93859,3.05684,3.21016,3.39449,3.59603,3.79028,3.9522,4.06961,4.1432,4.17825,4.17867,4.14454,4.07213,3.95636,3.79679,3.6059,3.40901,3.23094,3.08599,2.9789,2.90928,2.87521,2.8753,2.90954,2.97935,3.08664,3.23182,3.41014,3.60732,3.79852,3.95844,4.07463,4.14761,4.18254,4.18329,4.15,4.07914,3.96591,3.81028,3.62522,3.43653,3.26967,3.13973,3.05262,3.00938,3.0097,3.05359,3.1414,3.27208,3.43976,3.62932,3.81534,3.97205,4.08659,4.15918,4.19488,4.19766,4.16805,4.10317,3.99929,3.85777,3.69304,3.53222,3.40187,3.31832,3.2884,3.31275,3.38722,3.50094,3.63173,3.74216,1.80259,-0.658901,-1.08374,-0.953907,-0.792193,-0.625585,-0.467609,-0.322289,-0.188342,-0.0619141,-0
-0,-0.00568227,-0.0170045,-0.0281712,-0.0389864,-0.0491273,-0.0581254,-0.0653902,-0.0702959,-0.0417559,1.32361,2.66611,2.6892,2.73016,2.79272,2.88209,3.00447,3.16549,3.36596,3.5934,3.81342,3.98787,4.10461,4.17272,4.20348,4.20318,4.17177,4.10285,3.98502,3.80899,3.58669,3.35617,3.15177,2.98584,2.85735,2.76036,2.6882,2.63503,2.59621,2.56821,2.54844,2.53504,2.52676,2.5228,2.52281,2.52677,2.53506,2.54847,2.56825,2.59624,2.63505,2.68821,2.76035,2.85732,2.98576,3.15164,3.35598,3.58643,3.80865,3.9846,4.10232,4.17109,4.20231,4.20233,4.17117,4.10245,3.98479,3.80892,3.58681,3.3565,3.15234,2.98669,2.85854,2.76196,2.69033,2.63785,2.59994,2.57315,2.555,2.54377,2.53843,2.53845,2.54383,2.5551,2.57329,2.60013,2.63808,2.69061,2.76229,2.85893,2.98714,3.15286,3.35711,3.5875,3.8097,3.98565,4.10338,4.17216,4.20339,4.20343,4.17228,4.10359,3.98597,3.81016,3.58815,3.358,3.15407,2.98876,2.86108,2.76515,2.69438,2.64309,2.60677,2.58214,2.56691,2.55965,2.55968,2.56699,2.58228,2.60697,2.64334,2.69471,2.76554,2.86155,2.98932,3.15472,3.35875,3.58902,3.81115,3.98706,4.10478,4.17356,4.2048,4.20486,4.17374,4.1051,3.98755,3.81187,3.59006,3.36022,3.15674,2.99206,2.86524,2.77048,2.70131,2.65217,2.61878,2.59811,2.58825,2.58829,2.59821,2.61894,2.65241,2.70162,2.77087,2.86572,2.99264,3.15743,3.36103,3.591,3.81295,3.98875,4.10642,4.17518,4.20642,4.2065,4.17544,4.10689,3.9895,3.81408,3.59268,3.36345,3.16083,2.99733,2.87211,2.77952,2.71328,2.6681,2.64008,2.62671,2.62674,2.64019,2.66829,2.71354,2.77987,2.87256,2.99789,3.16151,3.36426,3.59363,3.81518,3.99075,4.10827,4.17697,4.2082,4.20833,4.17737,4.109,3.99193,3.81703,3.59643,3.36838,3.16739,3.00609,2.88383,2.79523,2.73439,2.69652,2.6784,2.67844,2.69664,2.7346,2.79554,2.88424,3.00662,3.16805,3.36919,3.5974,3.81817,3.99324,4.11048,4.17905,4.21026,4.21046,4.17969,4.11168,3.99522,3.82131,3.60224,3.3764,3.17845,3.02122,2.90444,2.8232,2.7723,2.74787,2.74793,2.77246,2.82348,2.90484,3.02176,3.17915,3.37728,3.60332,3.82259,3.99673,4.11343,4.18173,4.21288,4.21323,4.18282,4.11548,4.00016,3.82811,3.61191,3.39018,3.19783,3.04812,2.94142,2.87373,2.84106,2.84114,2.87398,2.94185,3.04875,3.19868,3.39129,3.6133,3.82979,4.00216,4.11785,4.18566,4.21672,4.21732,4.18759,4.1215,4.00831,3.83971,3.62883,3.41472,3.23274,3.09691,3.00875,2.96582,2.96612,3.00968,3.09852,3.23508,3.41787,3.63286,3.84465,4.01422,4.12853,4.19607,4.22779,4.23006,4.20331,4.14216,4.03694,3.88096,3.68914,3.50174,3.35507,3.2647,3.23412,3.26264,3.34796,3.48387,3.65209,3.80817,1.83918,-0.711536,-1.1531,-0.985788,-0.797085,-0.616955,-0.454951,-0.310918,-0.180821,-0.0593126,-0
-0,-0.00579134,-0.017385,-0.0289758,-0.040443,-0.0514897,-0.0615921,-0.0699967,-0.0758181,-0.0451709,1.30753,2.63344,2.65221,2.68606,2.73917,2.81814,2.93279,3.09649,3.32282,3.60885,3.89183,4.09047,4.19732,4.24888,4.26951,4.26931,4.24826,4.19618,4.0886,3.88874,3.60373,3.31479,3.08481,2.91667,2.7966,2.71097,2.64962,2.60549,2.57373,2.55104,2.53509,2.52431,2.51765,2.51448,2.51448,2.51767,2.52433,2.53512,2.55107,2.57377,2.60552,2.64965,2.71098,2.79658,2.91661,3.08471,3.31462,3.60348,3.88842,4.08822,4.19573,4.2477,4.26862,4.26864,4.24776,4.19583,4.08838,3.88865,3.60379,3.31505,3.08529,2.9174,2.79761,2.71233,2.65142,2.60785,2.57683,2.55511,2.54046,2.53144,2.52714,2.52716,2.53149,2.54056,2.55525,2.57701,2.60807,2.65169,2.71265,2.79799,2.91784,3.08581,3.31565,3.60449,3.88944,4.08925,4.19678,4.24876,4.2697,4.26973,4.24886,4.19695,4.08951,3.88981,3.60501,3.31639,3.08682,2.9192,2.79979,2.71503,2.65482,2.6122,2.58247,2.56249,2.55019,2.54435,2.54438,2.55027,2.56262,2.58267,2.61245,2.65513,2.71541,2.80025,2.91973,3.08745,3.31713,3.60588,3.89081,4.09062,4.19815,4.25014,4.27109,4.27113,4.25028,4.19839,4.09099,3.89135,3.6067,3.31832,3.08911,2.922,2.8033,2.71949,2.66056,2.61968,2.5923,2.57549,2.56752,2.56755,2.57559,2.59246,2.61991,2.66086,2.71987,2.80376,2.92256,3.08978,3.31911,3.60764,3.89244,4.0922,4.19971,4.2517,4.27265,4.27271,4.25189,4.20004,4.09272,3.89325,3.60891,3.32103,3.09253,2.92639,2.80898,2.72692,2.67034,2.63265,2.60959,2.59866,2.59869,2.60969,2.63282,2.6706,2.72726,2.80941,2.92692,3.09318,3.32182,3.60985,3.89436,4.09396,4.2014,4.25337,4.27432,4.2744,4.25363,4.20188,4.09474,3.89561,3.61191,3.32502,3.09788,2.93353,2.81853,2.73968,2.68745,2.65564,2.6406,2.64064,2.65576,2.68765,2.73997,2.81892,2.93403,3.09851,3.3258,3.61286,3.89674,4.09602,4.2033,4.2552,4.27614,4.27626,4.25559,4.20402,4.09723,3.89879,3.61633,3.33133,3.10672,2.94572,2.83516,2.76227,2.7181,2.69729,2.69734,2.71825,2.76252,2.83553,2.94623,3.10738,3.33217,3.61739,3.90005,4.09867,4.20564,4.25741,4.27833,4.27853,4.25803,4.20682,4.1007,3.90357,3.62345,3.34196,3.12206,2.96726,2.86494,2.80316,2.77415,2.77422,2.80339,2.86533,2.96784,3.12287,3.34302,3.62479,3.90519,4.10257,4.20894,4.26046,4.28135,4.28168,4.26152,4.21096,4.10611,3.91142,3.63569,3.36077,3.14965,3.00643,2.91964,2.87902,2.8793,2.92049,3.00792,3.15184,3.36379,3.63961,3.9162,4.11163,4.21726,4.26876,4.29015,4.29148,4.27299,4.22521,4.12534,3.94001,3.68083,3.43052,3.25197,3.15128,3.12075,3.15572,3.25812,3.43449,3.68458,3.96296,1.93025,-0.83704,-1.3041,-1.03906,-0.793403,-0.590198,-0.424324,-0.285608,-0.164713,-0.0538299,-0
-0,-0.00588964,-0.0177685,-0.0299042,-0.0423198,-0.0547965,-0.0667565,-0.0771866,-0.0847115,-0.0507369,1.28514,2.58801,2.60013,2.6227,2.65976,2.71851,2.81206,2.96486,3.21999,3.62735,4.05456,4.28486,4.34533,4.35598,4.35637,4.35629,4.35576,4.34503,4.28445,4.05365,3.62469,3.21445,2.95602,2.79942,2.7014,2.6373,2.59382,2.56356,2.54221,2.52711,2.51656,2.50945,2.50506,2.50297,2.50298,2.50508,2.50948,2.5166,2.52716,2.54226,2.56361,2.59387,2.63734,2.70142,2.7994,2.95595,3.21431,3.62445,4.05335,4.28412,4.34467,4.35536,4.35583,4.35585,4.35541,4.34475,4.28423,4.05349,3.62467,3.21462,2.95639,2.79999,2.70219,2.63834,2.59516,2.56528,2.54443,2.52999,2.52031,2.51437,2.51154,2.51156,2.51442,2.52041,2.53012,2.54461,2.5655,2.59542,2.63865,2.70254,2.8004,2.95687,3.2152,3.62536,4.05431,4.28514,4.34571,4.35642,4.3569,4.35693,4.35649,4.34584,4.28531,4.05454,3.62571,3.21572,2.95761,2.80141,2.70387,2.64037,2.59767,2.56843,2.54844,2.53515,2.52702,2.52318,2.5232,2.5271,2.53528,2.54862,2.56867,2.59796,2.64073,2.70429,2.80191,2.95821,3.21644,3.62658,4.05557,4.28645,4.34705,4.35777,4.35827,4.3583,4.35786,4.3472,4.28665,4.05585,3.62707,3.21724,2.95939,2.80354,2.70647,2.64361,2.60177,2.57368,2.55524,2.54405,2.53877,2.5388,2.54414,2.55539,2.5739,2.60205,2.64397,2.7069,2.80405,2.96001,3.218,3.628,4.05697,4.28789,4.34852,4.35926,4.35976,4.3598,4.35936,4.34867,4.28809,4.0573,3.62867,3.21922,2.96188,2.8067,2.71052,2.64883,2.60854,2.58255,2.56696,2.55964,2.55968,2.56706,2.58272,2.60877,2.64914,2.71091,2.80719,2.96249,3.21997,3.62961,4.05842,4.28935,4.35002,4.36078,4.36129,4.36133,4.36087,4.35015,4.28952,4.05878,3.63057,3.22191,2.96557,2.81164,2.71707,2.65752,2.6201,2.598,2.58773,2.58776,2.59811,2.62028,2.65778,2.71742,2.81209,2.96615,3.22265,3.63151,4.05992,4.29079,4.3515,4.3623,4.36284,4.36287,4.36237,4.35159,4.2909,4.06031,3.63296,3.22585,2.97139,2.81978,2.7282,2.67262,2.64056,2.62584,2.62588,2.64068,2.67283,2.72853,2.82023,2.97199,3.22664,3.634,4.06156,4.29228,4.35306,4.36393,4.3645,4.36452,4.36396,4.35305,4.29226,4.06201,3.63636,3.23216,2.98121,2.83391,2.74791,2.69983,2.67815,2.67822,2.70002,2.74825,2.83441,2.98192,3.23314,3.63767,4.0636,4.294,4.35489,4.3659,4.36654,4.36654,4.36586,4.35472,4.29375,4.06418,3.64173,3.24301,2.99865,2.85954,2.78436,2.75133,2.75156,2.78508,2.86081,3.00059,3.24582,3.64559,4.06888,4.29886,4.36012,4.37158,4.37256,4.37274,4.37194,4.36036,4.29921,4.07289,3.66367,3.28753,3.07102,2.9677,2.94188,2.98136,3.09431,3.31138,3.68878,4.26021,2.1182,-1.09413,-1.54949,-1.07295,-0.747271,-0.526109,-0.366539,-0.242479,-0.138591,-0.045121,-0
-0,-0.00588815,-0.0178952,-0.0305525,-0.0441357,-0.0586201,-0.0734508,-0.0872817,-0.097882,-0.0591502,1.25854,2.53427,2.5376,2.54484,2.55867,2.58409,2.63208,2.73092,2.96491,3.62602,4.4142,4.64908,4.54318,4.47331,4.44371,4.44374,4.47346,4.54371,4.65052,4.41671,3.62694,2.9623,2.72539,2.6236,2.57228,2.54303,2.52479,2.51272,2.50443,2.49863,2.49459,2.49186,2.49018,2.48938,2.48938,2.4902,2.4919,2.49464,2.49869,2.5045,2.5128,2.52488,2.5431,2.57235,2.62363,2.72537,2.9622,3.62669,4.41639,4.65025,4.54348,4.47323,4.4435,4.44352,4.47327,4.54354,4.65031,4.41643,3.62677,2.96238,2.72564,2.62399,2.57281,2.54368,2.52559,2.5137,2.50562,2.50011,2.49643,2.49417,2.49311,2.49312,2.49423,2.49652,2.50023,2.50579,2.51391,2.52584,2.54397,2.57314,2.62437,2.72607,2.9629,3.62746,4.41731,4.65127,4.54453,4.47429,4.44457,4.44459,4.47434,4.5446,4.65134,4.41734,3.62756,2.96318,2.72651,2.62496,2.57389,2.54492,2.52704,2.51542,2.50769,2.50264,2.49957,2.49813,2.49816,2.49965,2.50276,2.50787,2.51564,2.52732,2.54526,2.57428,2.62541,2.72704,2.96383,3.62843,4.41845,4.65256,4.54585,4.47562,4.44591,4.44593,4.47567,4.5459,4.65255,4.41835,3.62847,2.96419,2.72766,2.62628,2.57543,2.54673,2.52921,2.51804,2.51093,2.50669,2.50471,2.50474,2.50678,2.51107,2.51824,2.52947,2.54706,2.57582,2.62674,2.72822,2.96488,3.6294,4.41955,4.65387,4.54724,4.47705,4.44735,4.44736,4.47707,4.5472,4.65368,4.41917,3.62926,2.96531,2.72908,2.62802,2.57755,2.54933,2.53242,2.52208,2.51605,2.51328,2.51331,2.51614,2.52223,2.53263,2.54961,2.5779,2.62845,2.72961,2.96598,3.6302,4.42038,4.65499,4.54854,4.47843,4.44875,4.44874,4.47837,4.54832,4.65443,4.41941,3.62968,2.96648,2.73085,2.63038,2.58059,2.55322,2.53742,2.52855,2.52454,2.52457,2.52864,2.53757,2.55344,2.58088,2.63076,2.73134,2.96713,3.63062,4.42063,4.65572,4.54962,4.47967,4.45005,4.44999,4.47945,4.54905,4.65446,4.41857,3.62937,2.96771,2.73321,2.63382,2.58526,2.55943,2.54567,2.53962,2.53965,2.54577,2.5596,2.58551,2.63417,2.7337,2.9684,3.63041,4.4199,4.65582,4.55038,4.48075,4.45123,4.45109,4.48025,4.54917,4.65327,4.41586,3.62781,2.96911,2.73669,2.63927,2.59298,2.57008,2.56042,2.56047,2.57022,2.59322,2.63965,2.73725,2.96994,3.62914,4.41755,4.65492,4.55072,4.4817,4.45236,4.45207,4.48067,4.54832,4.64997,4.40981,3.62405,2.97091,2.74239,2.64871,2.60694,2.59036,2.59053,2.60745,2.64964,2.7439,2.97331,3.62805,4.41488,4.65481,4.55278,4.48485,4.45579,4.45495,4.48169,4.54508,4.63825,4.38865,3.61342,2.98491,2.77688,2.70662,2.69772,2.73353,2.82638,3.02794,3.49897,4.79488,2.41936,-1.63221,-1.76966,-0.955967,-0.596627,-0.400426,-0.273245,-0.179176,-0.102051,-0.0331865,-0
-0,-0.00565623,-0.0173718,-0.0302748,-0.0450502,-0.0620975,-0.0811448,-0.100607,-0.116895,-0.0717239,1.23042,2.47814,2.47114,2.4604,2.446,2.42708,2.40126,2.3618,2.28272,2.8277,5.15401,5.94802,4.84132,4.61533,4.55004,4.55012,4.61567,4.84245,5.9526,5.16149,2.83184,2.28243,2.35963,2.3973,2.42111,2.43772,2.44961,2.45811,2.46416,2.4684,2.47131,2.47324,2.47441,2.47497,2.47498,2.47444,2.47328,2.47137,2.46847,2.46425,2.45822,2.44973,2.43785,2.42124,2.39741,2.3597,2.28244,2.83162,5.16115,5.95248,4.84251,4.61576,4.55024,4.55025,4.61579,4.84254,5.95246,5.16105,2.83157,2.2825,2.3598,2.39753,2.42137,2.43798,2.44984,2.4583,2.46426,2.46838,2.47112,2.47279,2.47358,2.4736,2.47284,2.47121,2.4685,2.46442,2.45849,2.45007,2.43824,2.42166,2.39786,2.36016,2.28288,2.83209,5.16207,5.95366,4.84357,4.61681,4.5513,4.55131,4.61685,4.84361,5.95358,5.16183,2.83196,2.28294,2.36028,2.39801,2.42183,2.43839,2.45016,2.4585,2.46428,2.46814,2.4705,2.47162,2.47165,2.47057,2.46826,2.46445,2.45871,2.45042,2.43869,2.42217,2.3984,2.36072,2.28341,2.83262,5.1631,5.95509,4.84489,4.61813,4.55261,4.55263,4.61815,4.84487,5.95478,5.1625,2.83226,2.2834,2.36079,2.39849,2.42224,2.43868,2.45028,2.45835,2.46376,2.46707,2.46865,2.46868,2.46715,2.46389,2.45854,2.45052,2.43897,2.42258,2.39889,2.36123,2.28389,2.83297,5.16387,5.95638,4.84623,4.61949,4.55399,4.55398,4.61945,4.84605,5.95556,5.1625,2.83213,2.28366,2.36111,2.39875,2.42234,2.43852,2.44975,2.45727,2.4619,2.46411,2.46414,2.46198,2.45741,2.44993,2.43876,2.42263,2.3991,2.36151,2.28413,2.83284,5.16387,5.95712,4.84734,4.62072,4.55524,4.5552,4.62055,4.84684,5.95532,5.16107,2.83108,2.28348,2.36096,2.39844,2.42169,2.43736,2.44781,2.45423,2.4573,2.45733,2.45431,2.44793,2.43753,2.42192,2.39873,2.36132,2.28391,2.83181,5.16244,5.9568,4.84801,4.62165,4.55624,4.55613,4.62123,4.8469,5.95317,5.15697,2.82835,2.28242,2.35992,2.39703,2.41958,2.43417,2.44308,2.44733,2.44735,2.44315,2.43429,2.41975,2.39726,2.36024,2.28284,2.82916,5.15845,5.95463,4.84794,4.62214,4.55686,4.55661,4.62125,4.84571,5.94766,5.14811,2.82257,2.27977,2.35719,2.3935,2.41463,2.4271,2.43299,2.43301,2.42718,2.41477,2.39371,2.35751,2.28024,2.82364,5.14998,5.94931,4.8467,4.62197,4.55695,4.55646,4.62022,4.8424,5.93611,5.1306,2.81122,2.27417,2.35129,2.38597,2.40431,2.41267,2.41274,2.40454,2.38642,2.35206,2.27547,2.8145,5.13625,5.94075,4.84491,4.62195,4.55715,4.55562,4.61636,4.83056,5.89449,5.0667,2.77203,2.26182,2.34495,2.38419,2.40884,2.42866,2.44974,2.47504,2.48425,3.21928,1.93889,-0.302696,-0.483289,-0.384637,-0.282842,-0.205726,-0.146838,-0.0989299,-0.0572511,-0.0187566,-0
-0,-0.00502097,-0.0156609,-0.0281248,-0.0436929,-0.063575,-0.0884237,-0.117107,-0.144414,-0.0910549,1.20376,2.4265,2.40844,2.37962,2.33786,2.27695,2.18409,2.03232,1.76007,1.57838,4.61655,6.92887,5.85379,5.35641,5.1599,5.16019,5.35742,5.85606,6.93372,4.62078,1.57994,1.76129,2.03339,2.18485,2.27714,2.33715,2.3778,2.40596,2.42568,2.43949,2.44902,2.45537,2.45926,2.46111,2.46112,2.45929,2.45542,2.44909,2.43958,2.4258,2.4061,2.37796,2.33733,2.27734,2.18506,2.0336,1.76148,1.58015,4.62183,6.93564,5.85808,5.35955,5.16248,5.16248,5.35954,5.85806,6.93557,4.62176,1.58013,1.76145,2.03354,2.18495,2.27716,2.33703,2.37748,2.40539,2.42474,2.43804,2.44688,2.45227,2.45484,2.45486,2.45233,2.44696,2.43816,2.42489,2.40557,2.3777,2.33727,2.27742,2.18524,2.03383,1.76172,1.5804,4.62261,6.93685,5.85917,5.36058,5.16349,5.16349,5.36056,5.8591,6.93667,4.62244,1.58033,1.76163,2.03367,2.18498,2.27701,2.33663,2.37673,2.40413,2.4228,2.43514,2.44265,2.44622,2.44624,2.44272,2.43525,2.42295,2.40433,2.37696,2.33691,2.27732,2.18531,2.03402,1.76195,1.58065,4.62346,6.93821,5.86041,5.36178,5.16466,5.16464,5.36168,5.86018,6.93769,4.62301,1.58045,1.76168,2.03359,2.18467,2.27635,2.33548,2.37488,2.40133,2.41867,2.42918,2.43415,2.43417,2.42925,2.41879,2.4015,2.37509,2.33573,2.27664,2.18499,2.03393,1.76201,1.58078,4.624,6.93916,5.86139,5.36277,5.16564,5.16556,5.36249,5.86078,6.93793,4.62297,1.5803,1.76134,2.03293,2.18353,2.27452,2.33269,2.37076,2.39537,2.41016,2.41713,2.41715,2.41023,2.39549,2.37092,2.33289,2.27476,2.18379,2.03322,1.76162,1.58058,4.62375,6.93903,5.8616,5.36313,5.16601,5.16582,5.36248,5.86025,6.93643,4.6216,1.57956,1.76019,2.03109,2.18073,2.27038,2.3267,2.36222,2.38328,2.39312,2.39313,2.38333,2.36231,2.32683,2.27054,2.18091,2.0313,1.7604,1.57976,4.62201,6.93685,5.86034,5.36229,5.16526,5.16486,5.36097,5.85762,6.93169,4.61776,1.57775,1.75753,2.02703,2.17478,2.26186,2.3146,2.34515,2.35925,2.35926,2.34518,2.31466,2.26193,2.17488,2.02714,1.75765,1.57783,4.61761,6.93108,5.85653,5.35939,5.16257,5.16179,5.35681,5.85126,6.92115,4.60947,1.57395,1.75204,2.0188,2.1629,2.24496,2.29071,2.31141,2.31141,2.29071,2.24496,2.16291,2.01882,1.75207,1.5739,4.60851,6.91896,5.84831,5.35296,5.15657,5.15506,5.34799,5.83821,6.90007,4.59305,1.56648,1.74124,2.00263,2.13958,2.21167,2.24326,2.24322,2.21157,2.13942,2.00247,1.7411,1.56605,4.58888,6.89123,5.82711,5.33434,5.13754,5.13263,5.31803,5.79363,6.8276,4.53645,1.54224,1.70914,1.95691,2.07636,2.12479,2.12252,2.06889,1.93824,1.64884,1.17585,1.51451,1.44906,0.523836,0.183552,0.0556198,0.00720484,-0.00945169,-0.0124542,-0.00926559,-0.00334852,-0
-0,-0.00378815,-0.012126,-0.0228705,-0.0380215,-0.0600859,-0.0918678,-0.134984,-0.184702,-0.122699,1.18128,2.38654,2.35649,2.31178,2.24887,2.15877,2.02584,1.82332,1.50665,1.31892,4.44515,7.08741,6.28855,5.79663,5.57296,5.57333,5.79778,6.29064,7.09081,4.44773,1.32051,1.50964,1.82778,2.03158,2.16546,2.25595,2.31846,2.36226,2.39313,2.41485,2.4299,2.43997,2.44615,2.44908,2.4491,2.44618,2.44003,2.42999,2.41496,2.39328,2.36243,2.31867,2.25619,2.16574,2.0319,1.82813,1.51001,1.32102,4.45009,7.09483,6.29463,5.80187,5.57765,5.57764,5.80185,6.29459,7.09476,4.45002,1.32098,1.5099,1.82794,2.03159,2.16528,2.2555,2.31768,2.36102,2.39128,2.41216,2.42608,2.43459,2.43864,2.43866,2.43464,2.42616,2.41227,2.39142,2.3612,2.31788,2.25573,2.16551,2.03184,1.82819,1.51012,1.32118,4.45077,7.09596,6.29567,5.80286,5.57861,5.57859,5.80281,6.29556,7.09576,4.45061,1.32108,1.50989,1.8278,2.03123,2.16461,2.2544,2.31598,2.3585,2.38763,2.40697,2.41876,2.42436,2.42438,2.41883,2.40707,2.38778,2.35869,2.3162,2.25465,2.16488,2.03152,1.82808,1.51014,1.32131,4.45147,7.09713,6.29678,5.80392,5.57963,5.57958,5.80375,6.29646,7.09659,4.45106,1.32106,1.50964,1.82724,2.03024,2.16302,2.25199,2.31244,2.35341,2.38042,2.39682,2.40459,2.40461,2.39689,2.38053,2.35357,2.31263,2.25221,2.16327,2.03051,1.8275,1.50987,1.32127,4.45177,7.09771,6.29741,5.80456,5.58024,5.58012,5.80416,6.29665,7.09645,4.45082,1.32072,1.50881,1.82576,2.02791,2.15953,2.24694,2.30525,2.34329,2.36626,2.37708,2.3771,2.36632,2.34339,2.30538,2.2471,2.15972,2.02811,1.82595,1.50897,1.32084,4.45113,7.09688,6.29689,5.80418,5.57986,5.57959,5.80331,6.29526,7.0942,4.44914,1.31972,1.50684,1.82249,2.02299,2.15242,2.23685,2.29109,2.32354,2.33875,2.33876,2.32358,2.29116,2.23693,2.15251,2.02308,1.82257,1.50688,1.31968,4.44874,7.09339,6.2942,5.8019,5.57765,5.5771,5.80016,6.29093,7.08807,4.44478,1.31749,1.50275,1.81589,2.01323,2.13847,2.21722,2.26367,2.28527,2.28527,2.26367,2.21722,2.13845,2.01318,1.81582,1.50263,1.31721,4.44322,7.08523,6.28773,5.79633,5.57225,5.57118,5.79294,6.28138,7.07493,4.43557,1.313,1.49473,1.80307,1.99436,2.11158,2.17937,2.21053,2.21051,2.17929,2.11144,1.99416,1.80279,1.49437,1.31233,4.43213,7.06878,6.27462,5.785,5.56129,5.55924,5.77847,6.26241,7.04899,4.41746,1.30429,1.47929,1.77841,1.95803,2.05955,2.10546,2.10531,2.05908,1.95724,1.77728,1.47783,1.30175,4.40455,7.02617,6.23796,5.75077,5.52602,5.51932,5.7295,6.19834,6.96195,4.35681,1.27522,1.42804,1.69719,1.83955,1.89142,1.86773,1.76508,1.56016,1.20337,0.734845,1.28791,1.6465,0.946017,0.53939,0.314564,0.188377,0.114281,0.0678304,0.0359914,0.0112841,-0
-0,-0.00179349,-0.00618438,-0.0132099,-0.0254368,-0.0468794,-0.0839778,-0.146258,-0.241965,-0.179619,1.16276,2.36517,2.31922,2.26214,2.18707,2.08342,1.93717,1.72848,1.42723,1.28981,4.45477,7.14276,6.41638,5.96861,5.76197,5.76238,5.96973,6.4179,7.14425,4.45567,1.29165,1.43211,1.73652,1.94823,2.09717,2.20271,2.27785,2.33149,2.36975,2.39686,2.41577,2.42846,2.43627,2.43999,2.44,2.43631,2.42853,2.41586,2.39699,2.36991,2.33169,2.2781,2.203,2.09753,1.94866,1.73703,1.4327,1.2925,4.45935,7.15033,6.42374,5.97566,5.7686,5.76859,5.97563,6.4237,7.15026,4.4593,1.29243,1.43254,1.73674,1.9482,2.09685,2.20203,2.27671,2.32975,2.3672,2.39323,2.41068,2.42139,2.42648,2.4265,2.42143,2.41076,2.39334,2.36734,2.32991,2.2769,2.20224,2.09707,1.94843,1.73696,1.43273,1.29261,4.45998,7.15137,6.4247,5.97657,5.76948,5.76946,5.97651,6.42459,7.15119,4.45984,1.29248,1.4324,1.73639,1.94755,2.09578,2.20039,2.27429,2.32627,2.36227,2.38633,2.40107,2.40808,2.4081,2.40113,2.38643,2.36241,2.32644,2.2745,2.20062,2.09603,1.94781,1.73663,1.43261,1.29268,4.46057,7.15238,6.42566,5.97748,5.77035,5.77029,5.9773,6.42533,7.15187,4.4602,1.29238,1.43193,1.73547,1.94605,2.09349,2.19703,2.26948,2.31946,2.35276,2.37311,2.38277,2.38279,2.37318,2.35286,2.31961,2.26965,2.19723,2.09371,1.94627,1.73569,1.43211,1.29252,4.46069,7.15266,6.42599,5.97782,5.77065,5.77051,5.97738,6.42522,7.15146,4.45981,1.29188,1.43073,1.73338,1.94282,2.08876,2.19028,2.26001,2.30628,2.33449,2.34785,2.34786,2.33454,2.30636,2.26012,2.19042,2.0889,1.94296,1.7335,1.43081,1.29189,4.45971,7.15126,6.4249,5.97685,5.76966,5.76936,5.97592,6.42325,7.14872,4.45785,1.29062,1.42813,1.72905,1.93632,2.07944,2.17718,2.24177,2.28103,2.29958,2.29959,2.28105,2.24181,2.17722,2.07947,1.93633,1.72902,1.42804,1.29039,4.4567,7.14676,6.42117,5.97348,5.76632,5.76573,5.97164,6.41787,7.14166,4.45296,1.28791,1.42293,1.72056,1.92376,2.06156,2.15216,2.20702,2.23289,2.23288,2.20699,2.1521,2.06145,1.92359,1.72031,1.42258,1.28729,4.45008,7.13677,6.41282,5.96595,5.7589,5.75775,5.96237,6.40639,7.1268,4.44276,1.28256,1.41294,1.70438,1.8999,2.02763,2.10464,2.14085,2.1408,2.1045,2.02737,1.8995,1.70382,1.41219,1.28131,4.437,7.11704,6.39637,5.95114,5.74435,5.74214,5.94424,6.38394,7.09769,4.42278,1.2723,1.39394,1.67368,1.85458,1.96302,2.01375,2.01348,1.96221,1.85317,1.67158,1.39113,1.26765,4.40149,7.06185,6.34777,5.90477,5.69644,5.68915,5.8823,6.30826,7.00178,4.35762,1.23706,1.32661,1.56427,1.69324,1.73363,1.69191,1.56354,1.33394,0.981857,0.585044,1.14359,1.59022,1.07434,0.713427,0.474871,0.317457,0.210367,0.133504,0.074118,0.023774,-0
-0,0.0010046,0.00239179,0.00165226,-0.00363651,-0.0180169,-0.0509063,-0.124104,-0.295735,-0.293422,1.12267,2.36902,2.29308,2.23047,2.15385,2.05067,1.91095,1.72619,1.48822,1.51803,4.63714,7.05274,6.26561,5.89946,5.74392,5.74448,5.90089,6.26696,7.05183,4.63469,1.5191,1.49499,1.73797,1.92765,2.07228,2.17986,2.25874,2.31609,2.3575,2.38709,2.40785,2.42184,2.43048,2.4346,2.43462,2.43052,2.42192,2.40795,2.38723,2.35768,2.31632,2.25902,2.1802,2.0727,1.92818,1.73864,1.49585,1.52057,4.63991,7.05974,6.27433,5.90842,5.75249,5.75248,5.9084,6.27429,7.05971,4.63989,1.52051,1.49565,1.73828,1.92763,2.07189,2.17904,2.25739,2.31405,2.35454,2.3829,2.40201,2.41379,2.4194,2.41942,2.41383,2.40209,2.38301,2.35467,2.31421,2.25758,2.17925,2.0721,1.92785,1.73849,1.49584,1.52071,4.64054,7.06071,6.2752,5.90924,5.75329,5.75327,5.90918,6.27509,7.06059,4.64047,1.52058,1.49545,1.73781,1.9268,2.07058,2.17708,2.25454,2.31,2.34886,2.37501,2.39111,2.39878,2.3988,2.39117,2.37511,2.34899,2.31017,2.25474,2.1773,2.07082,1.92704,1.73804,1.49566,1.52078,4.64111,7.06159,6.27599,5.90999,5.754,5.75394,5.90981,6.2757,7.06121,4.64086,1.52048,1.49487,1.73668,1.92498,2.06786,2.17315,2.24897,2.30221,2.33805,2.3601,2.3706,2.37062,2.36016,2.33815,2.30234,2.24914,2.17334,2.06806,1.92519,1.73687,1.49501,1.52058,4.64115,7.06167,6.27608,5.91006,5.75403,5.75389,5.90964,6.27538,7.06071,4.64049,1.51994,1.49345,1.73422,1.92122,2.0624,2.16543,2.23822,2.28733,2.31756,2.33195,2.33197,2.31761,2.28741,2.23832,2.16555,2.06252,1.92133,1.73429,1.49346,1.51981,4.63998,7.05995,6.27459,5.90865,5.75257,5.75228,5.90777,6.2731,7.05783,4.6385,1.51851,1.49045,1.72925,1.91381,2.05184,2.15067,2.21779,2.25922,2.27895,2.27895,2.25923,2.21781,2.15068,2.05183,1.91376,1.72913,1.49022,1.51799,4.63658,7.0549,6.27022,5.90454,5.74843,5.74786,5.90279,6.26724,7.05056,4.63346,1.51543,1.48453,1.71966,1.89969,2.03184,2.12284,2.17938,2.20638,2.20636,2.17933,2.12274,2.03167,1.89943,1.71926,1.48393,1.51426,4.6292,7.04399,6.26083,5.89575,5.73965,5.73855,5.89238,6.25503,7.03535,4.62288,1.50933,1.4733,1.70162,1.87321,1.99439,2.07074,2.10741,2.10735,2.07053,1.99403,1.87265,1.70078,1.4721,1.50708,4.61467,7.02267,6.24266,5.87885,5.72282,5.72072,5.87241,6.23144,7.00563,4.60201,1.49758,1.45216,1.6678,1.82361,1.92419,1.97302,1.97267,1.92309,1.82165,1.66476,1.44772,1.48922,4.57166,6.95896,6.18651,5.8241,5.66581,5.65853,5.80231,6.15062,6.90983,4.53829,1.45823,1.37362,1.54003,1.63551,1.65793,1.60274,1.46321,1.23022,0.896014,0.543997,1.02023,1.43234,1.04769,0.765107,0.554036,0.396214,0.276225,0.181701,0.103203,0.0334732,-0
-0,0.00442509,0.0130946,0.0210636,0.0272554,0.0293546,0.0224733,-0.00351657,-0.0687005,-0.206101,0.849005,2.10844,2.22034,2.19798,2.14154,2.05768,1.94561,1.82004,1.81544,3.09487,4.9606,5.66809,5.69386,5.61971,5.56977,5.57074,5.62236,5.69724,5.66964,4.95351,3.09111,1.82608,1.83882,1.97275,2.09467,2.19064,2.26321,2.31712,2.35669,2.38537,2.4057,2.41954,2.42812,2.43224,2.43226,2.42817,2.41962,2.40582,2.38552,2.35689,2.31737,2.26353,2.19104,2.09518,1.97341,1.83971,1.82752,3.09524,4.96046,5.67733,5.70541,5.63122,5.58047,5.58046,5.63118,5.70537,5.6773,4.96052,3.09524,1.82729,1.83931,1.97279,2.09428,2.18977,2.26176,2.31493,2.35353,2.38093,2.39957,2.41113,2.41667,2.41668,2.41118,2.39964,2.38104,2.35367,2.31509,2.26194,2.18997,2.09449,1.97301,1.83952,1.82752,3.09561,4.96114,5.67805,5.70613,5.63192,5.58116,5.58114,5.63185,5.70602,5.67795,4.9612,3.09557,1.82708,1.83876,1.97185,2.09283,2.18763,2.25869,2.31061,2.34754,2.37268,2.38828,2.39574,2.39576,2.38834,2.37278,2.34768,2.31078,2.25889,2.18785,2.09306,1.97209,1.839,1.82731,3.09591,4.96178,5.67866,5.70672,5.6325,5.58171,5.58165,5.63232,5.70645,5.67838,4.96175,3.09573,1.82644,1.83751,1.96987,2.0899,2.18344,2.25281,2.30247,2.33635,2.35739,2.36746,2.36748,2.35745,2.33645,2.3026,2.25297,2.18362,2.09009,1.97007,1.83769,1.82658,3.09579,4.96185,5.67856,5.70658,5.63234,5.5815,5.58136,5.63193,5.70595,5.67786,4.96158,3.09527,1.82487,1.83484,1.96585,2.08414,2.17538,2.24168,2.28722,2.31557,2.32915,2.32916,2.31561,2.28729,2.24177,2.17548,2.08424,1.96593,1.83487,1.82479,3.09473,4.96066,5.6769,5.70486,5.63059,5.57969,5.57941,5.62977,5.70356,5.67539,4.95984,3.09353,1.82155,1.82954,1.95809,2.07319,2.16024,2.22096,2.25901,2.27728,2.27729,2.25902,2.22096,2.16023,2.07315,1.95799,1.82933,1.82109,3.09193,4.95712,5.6724,5.70028,5.62602,5.57501,5.57447,5.62442,5.69775,5.66937,4.95515,3.08938,1.81506,1.81951,1.94358,2.05289,2.13232,2.18288,2.20731,2.20728,2.1828,2.13218,2.05266,1.94321,1.81893,1.81399,3.086,4.94941,5.66297,5.69077,5.61657,5.56542,5.56441,5.61359,5.68599,5.65707,4.94501,3.08072,1.80291,1.80102,1.91696,2.01576,2.08135,2.1135,2.11341,2.08109,2.0153,1.91622,1.79987,1.80085,3.07438,4.93418,5.64494,5.67277,5.59878,5.54737,5.54551,5.59323,5.66377,5.63353,4.9247,3.0636,1.78048,1.76717,1.86831,1.948,1.98861,1.98815,1.94659,1.86574,1.76298,1.77282,3.03996,4.88445,5.58867,5.61523,5.53929,5.48418,5.47683,5.51781,5.58207,5.55165,4.86926,3.01414,1.69016,1.62604,1.66379,1.66145,1.59381,1.45057,1.22562,0.932879,0.735736,0.887714,1.04112,0.918973,0.745276,0.579951,0.437139,0.316619,0.213871,0.12352,0.0403854,-0
-0,0.00802567,0.0244977,0.0422522,0.0622399,0.0857067,0.114962,0.156265,0.230551,0.412662,0.97269,1.60133,1.89273,2.0257,2.09079,2.13041,2.17921,2.29496,2.6093,3.38984,4.35952,4.96516,5.22204,5.31573,5.34472,5.34635,5.32059,5.22999,4.97601,4.37383,3.41405,2.65079,2.35807,2.27115,2.26279,2.2825,2.31024,2.33796,2.36248,2.38275,2.39858,2.41013,2.41765,2.42136,2.42138,2.41772,2.41024,2.39875,2.38299,2.3628,2.33838,2.3108,2.28324,2.26379,2.27252,2.36,2.65368,3.41866,4.38027,4.98371,5.23878,5.33056,5.35771,5.35769,5.33051,5.23869,4.9836,4.38012,3.41841,2.65324,2.35932,2.27155,2.26244,2.2814,2.30831,2.33505,2.35838,2.37716,2.39111,2.40029,2.40484,2.40486,2.40034,2.39118,2.37726,2.35851,2.33521,2.30849,2.2816,2.26266,2.27179,2.35959,2.65355,3.41882,4.38066,4.98422,5.23935,5.33116,5.3583,5.35827,5.33106,5.23918,4.98401,4.38039,3.41836,2.65276,2.35839,2.27008,2.26029,2.27839,2.30419,2.32949,2.35099,2.36743,2.37843,2.38393,2.38395,2.37849,2.36752,2.35112,2.32965,2.30438,2.2786,2.26053,2.27033,2.35865,2.65306,3.41874,4.38087,4.98456,5.23974,5.33157,5.3587,5.35863,5.33135,5.23939,4.9841,4.3803,3.41785,2.65159,2.35647,2.26725,2.25633,2.27297,2.29692,2.31988,2.33842,2.35118,2.35764,2.35766,2.35123,2.33851,2.32,2.29706,2.27312,2.25649,2.2674,2.3566,2.65169,3.41791,4.38035,4.98413,5.23936,5.33119,5.35829,5.35814,5.33075,5.23865,4.98319,4.37921,3.41624,2.64903,2.35271,2.26199,2.24918,2.26345,2.28442,2.30368,2.31766,2.32492,2.32493,2.31769,2.30371,2.28446,2.26348,2.24918,2.26194,2.35256,2.64872,3.41565,4.37834,4.98212,5.23735,5.32917,5.3562,5.35591,5.32832,5.23599,4.98033,4.3762,3.41264,2.64406,2.34584,2.25268,2.23684,2.24735,2.26373,2.27747,2.28498,2.28497,2.27742,2.26364,2.24719,2.23658,2.25228,2.34519,2.64302,3.41088,4.3737,4.97731,5.23247,5.32423,5.35113,5.3506,5.32268,5.22997,4.97403,4.36985,3.40566,2.63514,2.33395,2.23699,2.21647,2.22139,2.23125,2.23766,2.2376,2.23103,2.22101,2.21586,2.23605,2.33252,2.63289,3.40196,4.36463,4.96773,5.22271,5.31436,5.34102,5.34008,5.31158,5.21826,4.96194,4.35792,3.39319,2.62003,2.31444,2.21185,2.18469,2.18219,2.18437,2.18418,2.18158,2.1836,2.21012,2.31177,2.61582,3.38627,4.34813,4.95014,5.20471,5.29611,5.32236,5.32071,5.29124,5.19689,4.94002,4.33662,3.37189,2.59547,2.28376,2.17357,2.13831,2.12864,2.1276,2.13507,2.16765,2.27413,2.57994,3.34616,4.30014,4.89606,5.14643,5.23366,5.2548,5.24682,5.21,5.1082,4.84546,4.23876,3.25734,2.44035,2.07032,1.88341,1.74914,1.61277,1.45203,1.26416,1.07137,0.940138,0.926733,0.925442,0.841808,0.717074,0.583352,0.45577,0.339242,0.233643,0.13662,0.0449397,-0
-0,0.011206,0.0346183,0.0612077,0.0937451,0.136271,0.195401,0.283064,0.421977,0.653509,1.02776,1.43144,1.72357,1.9213,2.06551,2.19397,2.34585,2.5713,2.93696,3.49567,4.12246,4.611,4.91342,5.07647,5.14701,5.14935,5.08367,4.92611,4.63056,4.15177,3.54048,3.00495,2.6715,2.49101,2.40285,2.36632,2.3573,2.36198,2.37253,2.38458,2.39573,2.40475,2.41099,2.41417,2.4142,2.41107,2.40489,2.39595,2.38488,2.37294,2.36254,2.35805,2.36733,2.40422,2.49288,2.67409,3.00855,3.54545,4.15824,4.63846,4.93542,5.09456,5.16211,5.16209,5.09449,4.9353,4.63827,4.15797,3.54504,3.00793,2.6732,2.49164,2.40254,2.36507,2.35504,2.35858,2.36778,2.37821,2.38741,2.39408,2.39756,2.39757,2.39413,2.38749,2.37831,2.36791,2.35874,2.35523,2.36527,2.40277,2.4919,2.6735,3.00828,3.54546,4.15847,4.63883,4.93588,5.09506,5.16262,5.16257,5.09493,4.93566,4.63849,4.15798,3.54473,3.0072,2.67195,2.48977,2.39988,2.36144,2.35018,2.35219,2.3595,2.36762,2.37409,2.37761,2.37762,2.37414,2.36771,2.35962,2.35234,2.35037,2.36164,2.40012,2.49003,2.67224,3.00752,3.54511,4.15841,4.63896,4.93612,5.09534,5.1629,5.16281,5.09508,4.93568,4.63831,4.1575,3.54378,3.00559,2.66953,2.48633,2.39519,2.35519,2.34203,2.34172,2.34628,2.35125,2.35426,2.35427,2.3513,2.34636,2.34182,2.34215,2.35532,2.39532,2.48646,2.66964,3.00567,3.54382,4.1575,4.63826,4.93553,5.09479,5.16232,5.16216,5.09429,4.93469,4.63705,4.15583,3.54146,3.00231,2.66499,2.48022,2.38715,2.34481,2.32889,2.3254,2.32649,2.32795,2.32795,2.3265,2.32541,2.32888,2.34478,2.38707,2.48007,2.66472,3.00187,3.5408,4.15493,4.6359,4.93326,5.09254,5.16002,5.15971,5.09163,4.93174,4.63373,4.152,3.53676,2.99623,2.65706,2.46997,2.37412,2.32859,2.30916,2.30214,2.30021,2.30018,2.30206,2.309,2.32832,2.37371,2.46936,2.65615,2.9949,3.53486,4.14949,4.63065,4.92807,5.08732,5.15467,5.15413,5.08572,4.92542,4.62693,4.14458,3.52825,2.98588,2.64416,2.45395,2.35461,2.30552,2.28305,2.27451,2.2744,2.28273,2.30495,2.35371,2.45262,2.64221,2.98308,3.52431,4.13941,4.62061,4.91799,5.07711,5.14422,5.14331,5.0744,4.91354,4.61449,4.13155,3.51408,2.96958,2.62486,2.43131,2.32896,2.27833,2.25762,2.25735,2.27747,2.32741,2.42888,2.62127,2.96438,3.50675,4.12192,4.60277,4.89982,5.0586,5.12526,5.12374,5.05411,4.89255,4.59302,4.10988,3.49187,2.94576,2.59884,2.40388,2.30302,2.26002,2.25856,2.29845,2.39566,2.58595,2.92663,3.46461,4.07389,4.549,4.84077,4.9941,5.05454,5.04562,4.9672,4.79527,4.48322,3.98299,3.33612,2.74358,2.33147,2.05041,1.83891,1.65609,1.48061,1.30762,1.14831,1.02671,0.953639,0.892109,0.805742,0.69786,0.580615,0.463348,0.350936,0.244839,0.144381,0.0476883,-0
-0,0.0133855,0.0415618,0.0742152,0.115262,0.17023,0.247309,0.358611,0.520785,0.751633,1.05341,1.37312,1.64878,1.87043,2.05596,2.23411,2.43893,2.70743,3.07156,3.53341,4.02366,4.44297,4.74415,4.92971,5.0175,5.02037,4.93863,4.76023,4.46837,4.06218,3.59115,3.15702,2.83199,2.61852,2.49129,2.42263,2.39067,2.38013,2.38108,2.38729,2.39504,2.40213,2.40738,2.41015,2.41018,2.40747,2.4023,2.39528,2.38764,2.38155,2.38078,2.39154,2.42381,2.49289,2.62069,2.83493,3.16097,3.59635,4.06879,4.47645,4.7699,4.95013,5.03408,5.03406,4.95005,4.76976,4.47622,4.06845,3.59585,3.16024,2.83391,2.61928,2.49099,2.42129,2.38822,2.37645,2.37596,2.38049,2.38626,2.39106,2.39373,2.39374,2.39111,2.38633,2.3806,2.37609,2.3766,2.3884,2.4215,2.49123,2.61955,2.83422,3.1606,3.59627,4.06892,4.47674,4.77029,4.95057,5.03454,5.03449,4.95042,4.77002,4.47633,4.06832,3.59539,3.15934,2.83247,2.61716,2.48803,2.41729,2.38292,2.36957,2.36718,2.36948,2.3727,2.37478,2.37479,2.37275,2.36956,2.3673,2.36972,2.3831,2.4175,2.48827,2.61743,2.83276,3.15967,3.59576,4.06872,4.47675,4.77043,4.95077,5.03474,5.03464,4.95048,4.76992,4.47598,4.06761,3.59418,3.15746,2.82973,2.61336,2.48291,2.41057,2.37428,2.35868,2.35374,2.3533,2.35386,2.35388,2.35334,2.35381,2.35877,2.37439,2.41068,2.48303,2.61347,2.82982,3.15752,3.5942,4.06758,4.47587,4.7697,4.9501,5.03406,5.03388,4.94956,4.76876,4.47448,4.06562,3.59146,3.15374,2.82472,2.60675,2.47438,2.39976,2.36091,2.34256,2.33495,2.33243,2.33243,2.33495,2.34255,2.36088,2.3997,2.47426,2.60655,2.82439,3.15324,3.59075,4.06467,4.47327,4.76726,4.94771,5.03161,5.03129,4.94674,4.76561,4.47085,4.06131,3.58616,3.14705,2.81621,2.59602,2.46109,2.38372,2.34218,2.32173,2.31354,2.3135,2.32162,2.34197,2.38338,2.46059,2.59528,2.81515,3.14558,3.58418,4.05876,4.46772,4.76185,4.9423,5.02609,5.02554,4.94064,4.75905,4.46368,4.05329,3.57689,3.13599,2.80286,2.58006,2.4425,2.36305,2.32091,2.30291,2.30279,2.32052,2.36236,2.44143,2.57849,2.80064,3.13292,3.5728,4.04808,4.45733,4.75152,4.93189,5.01545,5.01454,4.92917,4.747,4.45095,4.03969,3.56202,3.11933,2.78413,2.55955,2.42153,2.34455,2.31044,2.31011,2.34353,2.4197,2.55673,2.78006,3.11367,3.55444,4.03004,4.43922,4.73319,4.91321,4.99634,4.99489,4.90891,4.72616,4.42964,4.01802,3.53995,3.09685,2.76197,2.5401,2.40987,2.34988,2.34815,2.40451,2.53057,2.74739,3.07604,3.51174,3.98179,4.3853,4.67353,4.84745,4.92363,4.91394,4.81789,4.62246,4.30917,3.87385,3.36056,2.86638,2.46157,2.14784,1.90002,1.69208,1.50669,1.33741,1.18754,1.06476,0.969,0.883614,0.791192,0.688008,0.577898,0.466071,0.356314,0.250397,0.148375,0.0491272,-0
-0,0.01416,0.0440282,0.0788291,0.122858,0.182078,0.264995,0.383284,0.550921,0.778828,1.06112,1.35885,1.62802,1.85567,2.0538,2.24759,2.46834,2.74791,3.10845,3.54276,3.99578,4.39306,4.69052,4.88072,4.97292,4.97598,4.89026,4.70781,4.4205,4.03745,3.60493,3.19998,2.88094,2.65978,2.52115,2.44226,2.4026,2.38681,2.38436,2.38848,2.39498,2.40137,2.40625,2.40886,2.40889,2.40634,2.40154,2.39524,2.38884,2.38486,2.38748,2.40351,2.44349,2.52283,2.66205,2.88399,3.20403,3.61021,4.04411,4.42866,4.71761,4.90198,4.99004,4.99001,4.90189,4.71745,4.42841,4.04375,3.60968,3.20327,2.88292,2.66059,2.52086,2.44088,2.40008,2.38303,2.37912,2.38154,2.38606,2.39018,2.39255,2.39257,2.39023,2.38613,2.38164,2.37925,2.38318,2.40027,2.44109,2.5211,2.66086,2.88324,3.20363,3.6101,4.04421,4.42892,4.71797,4.9024,4.99047,4.99042,4.90224,4.71769,4.42848,4.04357,3.60917,3.20231,2.88141,2.65838,2.5178,2.43676,2.39465,2.376,2.37019,2.3704,2.37245,2.37401,2.37402,2.3725,2.37048,2.37031,2.37615,2.39483,2.43696,2.51804,2.65865,2.8817,3.20264,3.60953,4.04396,4.42888,4.71807,4.90256,4.99065,4.99055,4.90226,4.71754,4.42807,4.04279,3.60787,3.20034,2.87856,2.65445,2.51254,2.42988,2.38586,2.36498,2.3567,2.35433,2.35402,2.35404,2.35437,2.35676,2.36507,2.38596,2.43,2.51266,2.65456,2.87865,3.20039,3.60789,4.04275,4.42795,4.7173,4.90186,4.98993,4.98975,4.9013,4.71633,4.42649,4.04069,3.60502,3.19648,2.8734,2.64769,2.50385,2.41895,2.37243,2.34896,2.33831,2.33439,2.33439,2.33831,2.34895,2.3724,2.41888,2.50372,2.64746,2.87305,3.19596,3.6043,4.03973,4.42527,4.7148,4.89941,4.98744,4.98711,4.89842,4.7131,4.42276,4.03623,3.59953,3.18958,2.8647,2.63681,2.4905,2.40301,2.35411,2.32907,2.3187,2.31866,2.32895,2.35389,2.40265,2.48996,2.63603,2.8636,3.18807,3.59752,4.03366,4.4196,4.70931,4.89394,4.98186,4.9813,4.89226,4.70645,4.41546,4.02802,3.59003,3.17831,2.85123,2.62091,2.47229,2.38325,2.33463,2.31344,2.31331,2.33422,2.38252,2.47116,2.61927,2.84893,3.17516,3.58589,4.02278,4.40908,4.6989,4.88345,4.97115,4.97024,4.88073,4.69434,4.40262,4.01424,3.57497,3.1616,2.83277,2.60123,2.45305,2.36791,2.32948,2.32913,2.36683,2.45113,2.59829,2.82855,3.1558,3.56731,4.00457,4.39087,4.68049,4.86473,4.95199,4.95056,4.86048,4.67354,4.38136,3.99261,3.55306,3.13971,2.81209,2.58469,2.44648,2.38147,2.37966,2.44085,2.57474,2.79698,3.1184,3.52453,3.95625,4.33686,4.62062,4.79853,4.8786,4.86862,4.76798,4.56751,4.25713,3.84268,3.36591,2.89981,2.50058,2.17937,1.92123,1.70552,1.51667,1.34779,1.19966,1.07579,0.973987,0.882155,0.787405,0.68508,0.5769,0.466724,0.357853,0.252061,0.149595,0.0495685,-0
-0,0.0133855,0.0415618,0.0742152,0.115262,0.17023,0.247309,0.358611,0.520785,0.751633,1.05341,1.37312,1.64878,1.87043,2.05596,2.23411,2.43893,2.70743,3.07156,3.53341,4.02366,4.44297,4.74415,4.92971,5.0175,5.02037,4.93863,4.76023,4.46837,4.06218,3.59115,3.15702,2.83199,2.61852,2.49129,2.42263,2.39067,2.38013,2.38108,2.38729,2.39504,2.40213,2.40738,2.41015,2.41018,2.40747,2.4023,2.39528,2.38764,2.38155,2.38078,2.39154,2.42381,2.49289,2.62069,2.83493,3.16097,3.59635,4.06879,4.47645,4.7699,4.95013,5.03408,5.03406,4.95005,4.76976,4.47622,4.06845,3.59585,3.16024,2.83391,2.61928,2.49099,2.42129,2.38822,2.37645,2.37596,2.38049,2.38626,2.39106,2.39373,2.39374,2.39111,2.38633,2.3806,2.37609,2.3766,2.3884,2.4215,2.49123,2.61955,2.83422,3.1606,3.59627,4.06892,4.47674,4.77029,4.95057,5.03454,5.03449,4.95042,4.77002,4.47633,4.06832,3.59539,3.15934,2.83247,2.61716,2.48803,2.41729,2.38292,2.36957,2.36718,2.36948,2.3727,2.37478,2.37479,2.37275,2.36956,2.3673,2.36972,2.3831,2.4175,2.48827,2.61743,2.83276,3.15967,3.59576,4.06872,4.47675,4.77043,4.95077,5.03474,5.03464,4.95048,4.76992,4.47598,4.06761,3.59418,3.15746,2.82973,2.61336,2.48291,2.41057,2.37428,2.35868,2.35374,2.3533,2.35386,2.35388,2.35334,2.35381,2.35877,2.37439,2.41068,2.48303,2.61347,2.82982,3.15752,3.5942,4.06758,4.47587,4.7697,4.9501,5.03406,5.03388,4.94956,4.76876,4.47448,4.06562,3.59146,3.15374,2.82472,2.60675,2.47438,2.39976,2.36091,2.34256,2.33495,2.33243,2.33243,2.33495,2.34255,2.36088,2.3997,2.47426,2.60655,2.82439,3.15324,3.59075,4.06467,4.47327,4.76726,4.94771,5.03161,5.03129,4.94674,4.76561,4.47085,4.06131,3.58616,3.14705,2.81621,2.59602,2.46109,2.38372,2.34218,2.32173,2.31354,2.3135,2.32162,2.34197,2.38338,2.46059,2.59528,2.81515,3.14558,3.58418,4.05876,4.46772,4.76185,4.9423,5.02609,5.02554,4.94064,4.75905,4.46368,4.05329,3.57689,3.13599,2.80286,2.58006,2.4425,2.36305,2.32091,2.30291,2.30279,2.32052,2.36236,2.44143,2.57849,2.80064,3.13292,3.5728,4.04808,4.45733,4.75152,4.93189,5.01545,5.01454,4.92917,4.747,4.45095,4.03969,3.56202,3.11933,2.78413,2.55955,2.42153,2.34455,2.31044,2.31011,2.34353,2.4197,2.55673,2.78006,3.11367,3.55444,4.03004,4.43922,4.73319,4.91321,4.99634,4.99489,4.90891,4.72616,4.42964,4.01802,3.53995,3.09685,2.76197,2.5401,2.40987,2.34988,2.34815,2.40451,2.53057,2.74739,3.07604,3.51174,3.98179,4.3853,4.67353,4.84745,4.92363,4.91394,4.81789,4.62246,4.30917,3.87385,3.36056,2.86638,2.46157,2.14784,1.90002,1.69208,1.50669,1.33741,1.18754,1.06476,0.969,0.883614,0.791192,0.688008,0.577898,0.466071,0.356314,0.250397,0.148375,0.0491272,-0
-0,0.011206,0.0346183,0.0612077,0.0937451,0.136271,0.195401,0.283064,0.421977,0.653509,1.02776,1.43144,1.72357,1.9213,2.06551,2.19397,2.34585,2.5713,2.93696,3.49567,4.12246,4.611,4.91342,5.07647,5.14701,5.14935,5.08367,4.92611,4.63056,4.15177,3.54048,3.00495,2.6715,2.49101,2.40285,2.36632,2.3573,2.36198,2.37253,2.38458,2.39573,2.40475,2.41099,2.41417,2.4142,2.41107,2.40489,2.39595,2.38488,2.37294,2.36254,2.35805,2.36733,2.40422,2.49288,2.67409,3.00855,3.54545,4.15824,4.63846,4.93542,5.09456,5.16211,5.16209,5.09449,4.9353,4.63827,4.15797,3.54504,3.00793,2.6732,2.49164,2.40254,2.36507,2.35504,2.35858,2.36778,2.37821,2.38741,2.39408,2.39756,2.39757,2.39413,2.38749,2.37831,2.36791,2.35874,2.35523,2.36527,2.40277,2.4919,2.6735,3.00828,3.54546,4.15847,4.63883,4.93588,5.09506,5.16262,5.16257,5.09493,4.93566,4.63849,4.15798,3.54473,3.0072,2.67195,2.48977,2.39988,2.36144,2.35018,2.35219,2.3595,2.36762,2.37409,2.37761,2.37762,2.37414,2.36771,2.35962,2.35234,2.35037,2.36164,2.40012,2.49003,2.67224,3.00752,3.54511,4.15841,4.63896,4.93612,5.09534,5.1629,5.16281,5.09508,4.93568,4.63831,4.1575,3.54378,3.00559,2.66953,2.48633,2.39519,2.35519,2.34203,2.34172,2.34628,2.35125,2.35426,2.35427,2.3513,2.34636,2.34182,2.34215,2.35532,2.39532,2.48646,2.66964,3.00567,3.54382,4.1575,4.63826,4.93553,5.09479,5.16232,5.16216,5.09429,4.93469,4.63705,4.15583,3.54146,3.00231,2.66499,2.48022,2.38715,2.34481,2.32889,2.3254,2.32649,2.32795,2.32795,2.3265,2.32541,2.32888,2.34478,2.38707,2.48007,2.66472,3.00187,3.5408,4.15493,4.6359,4.93326,5.09254,5.16002,5.15971,5.09163,4.93174,4.63373,4.152,3.53676,2.99623,2.65706,2.46997,2.37412,2.32859,2.30916,2.30214,2.30021,2.30018,2.30206,2.309,2.32832,2.37371,2.46936,2.65615,2.9949,3.53486,4.14949,4.63065,4.92807,5.08732,5.15467,5.15413,5.08572,4.92542,4.62693,4.14458,3.52825,2.98588,2.64416,2.45395,2.35461,2.30552,2.28305,2.27451,2.2744,2.28273,2.30495,2.35371,2.45262,2.64221,2.98308,3.52431,4.13941,4.62061,4.91799,5.07711,5.14422,5.14331,5.0744,4.91354,4.61449,4.13155,3.51408,2.96958,2.62486,2.43131,2.32896,2.27833,2.25762,2.25735,2.27747,2.32741,2.42888,2.62127,2.96438,3.50675,4.12192,4.60277,4.89982,5.0586,5.12526,5.12374,5.05411,4.89255,4.59302,4.10988,3.49187,2.94576,2.59884,2.40388,2.30302,2.26002,2.25856,2.29845,2.39566,2.58595,2.92663,3.46461,4.07389,4.549,4.84077,4.9941,5.05454,5.04562,4.9672,4.79527,4.48322,3.98299,3.33612,2.74358,2.33147,2.05041,1.83891,1.65609,1.48061,1.30762,1.14831,1.02671,0.953639,0.892109,0.805742,0.69786,0.580615,0.463348,0.350936,0.244839,0.144381,0.0476883,-0
-0,0.00802567,0.0244977,0.0422522,0.0622399,0.0857067,0.114962,0.156265,0.230551,0.412662,0.97269,1.60133,1.89273,2.0257,2.09079,2.13041,2.17921,2.29496,2.6093,3.38984,4.35952,4.96516,5.22204,5.31573,5.34472,5.34635,5.32059,5.22999,4.97601,4.37383,3.41405,2.65079,2.35807,2.27115,2.26279,2.2825,2.31024,2.33796,2.36248,2.38275,2.39858,2.41013,2.41765,2.42136,2.42138,2.41772,2.41024,2.39875,2.38299,2.3628,2.33838,2.3108,2.28324,2.26379,2.27252,2.36,2.65368,3.41866,4.38027,4.98371,5.23878,5.33056,5.35771,5.35769,5.33051,5.23869,4.9836,4.38012,3.41841,2.65324,2.35932,2.27155,2.26244,2.2814,2.30831,2.33505,2.35838,2.37716,2.39111,2.40029,2.40484,2.40486,2.40034,2.39118,2.37726,2.35851,2.33521,2.30849,2.2816,2.26266,2.27179,2.35959,2.65355,3.41882,4.38066,4.98422,5.23935,5.33116,5.3583,5.35827,5.33106,5.23918,4.98401,4.38039,3.41836,2.65276,2.35839,2.27008,2.26029,2.27839,2.30419,2.32949,2.35099,2.36743,2.37843,2.38393,2.38395,2.37849,2.36752,2.35112,2.32965,2.30438,2.2786,2.26053,2.27033,2.35865,2.65306,3.41874,4.38087,4.98456,5.23974,5.33157,5.3587,5.35863,5.33135,5.23939,4.9841,4.3803,3.41785,2.65159,2.35647,2.26725,2.25633,2.27297,2.29692,2.31988,2.33842,2.35118,2.35764,2.35766,2.35123,2.33851,2.32,2.29706,2.27312,2.25649,2.2674,2.3566,2.65169,3.41791,4.38035,4.98413,5.23936,5.33119,5.35829,5.35814,5.33075,5.23865,4.98319,4.37921,3.41624,2.64903,2.35271,2.26199,2.24918,2.26345,2.28442,2.30368,2.31766,2.32492,2.32493,2.31769,2.30371,2.28446,2.26348,2.24918,2.26194,2.35256,2.64872,3.41565,4.37834,4.98212,5.23735,5.32917,5.3562,5.35591,5.32832,5.23599,4.98033,4.3762,3.41264,2.64406,2.34584,2.25268,2.23684,2.24735,2.26373,2.27747,2.28498,2.28497,2.27742,2.26364,2.24719,2.23658,2.25228,2.34519,2.64302,3.41088,4.3737,4.97731,5.23247,5.32423,5.35113,5.3506,5.32268,5.22997,4.97403,4.36985,3.40566,2.63514,2.33395,2.23699,2.21647,2.22139,2.23125,2.23766,2.2376,2.23103,2.22101,2.21586,2.23605,2.33252,2.63289,3.40196,4.36463,4.96773,5.22271,5.31436,5.34102,5.34008,5.31158,5.21826,4.96194,4.35792,3.39319,2.62003,2.31444,2.21185,2.18469,2.18219,2.18437,2.18418,2.18158,2.1836,2.21012,2.31177,2.61582,3.38627,4.34813,4.95014,5.20471,5.29611,5.32236,5.32071,5.29124,5.19689,4.94002,4.33662,3.37189,2.59547,2.28376,2.17357,2.13831,2.12864,2.1276,2.13507,2.16765,2.27413,2.57994,3.34616,4.30014,4.89606,5.14643,5.23366,5.2548,5.24682,5.21,5.1082,4.84546,4.23876,3.25734,2.44035,2.07032,1.88341,1.74914,1.61277,1.45203,1.26416,1.07137,0.940138,0.926733,0.925442,0.841808,0.717074,0.583352,0.45577,0.339242,0.233643,0.13662,0.0449397,-0
-0,0.00442509,0.0130946,0.0210636,0.0272554,0.0293546,0.0224733,-0.00351657,-0.0687005,-0.206101,0.849005,2.10844,2.22034,2.19798,2.14154,2.05768,1.94561,1.82004,1.81544,3.09487,4.9606,5.66809,5.69386,5.61971,5.56977,5.57074,5.62236,5.69724,5.66964,4.95351,3.09111,1.82608,1.83882,1.97275,2.09467,2.19064,2.26321,2.31712,2.35669,2.38537,2.4057,2.41954,2.42812,2.43224,2.43226,2.42817,2.41962,2.40582,2.38552,2.35689,2.31737,2.26353,2.19104,2.09518,1.97341,1.83971,1.82752,3.09524,4.96046,5.67733,5.70541,5.63122,5.58047,5.58046,5.63118,5.70537,5.6773,4.96052,3.09524,1.82729,1.83931,1.97279,2.09428,2.18977,2.26176,2.31493,2.35353,2.38093,2.39957,2.41113,2.41667,2.41668,2.41118,2.39964,2.38104,2.35367,2.31509,2.26194,2.18997,2.09449,1.97301,1.83952,1.82752,3.09561,4.96114,5.67805,5.70613,5.63192,5.58116,5.58114,5.63185,5.70602,5.67795,4.9612,3.09557,1.82708,1.83876,1.97185,2.09283,2.18763,2.25869,2.31061,2.34754,2.37268,2.38828,2.39574,2.39576,2.38834,2.37278,2.34768,2.31078,2.25889,2.18785,2.09306,1.97209,1.839,1.82731,3.09591,4.96178,5.67866,5.70672,5.6325,5.58171,5.58165,5.63232,5.70645,5.67838,4.96175,3.09573,1.82644,1.83751,1.96987,2.0899,2.18344,2.25281,2.30247,2.33635,2.35739,2.36746,2.36748,2.35745,2.33645,2.3026,2.25297,2.18362,2.09009,1.97007,1.83769,1.82658,3.09579,4.96185,5.67856,5.70658,5.63234,5.5815,5.58136,5.63193,5.70595,5.67786,4.96158,3.09527,1.82487,1.83484,1.96585,2.08414,2.17538,2.24168,2.28722,2.31557,2.32915,2.32916,2.31561,2.28729,2.24177,2.17548,2.08424,1.96593,1.83487,1.82479,3.09473,4.96066,5.6769,5.70486,5.63059,5.57969,5.57941,5.62977,5.70356,5.67539,4.95984,3.09353,1.82155,1.82954,1.95809,2.07319,2.16024,2.22096,2.25901,2.27728,2.27729,2.25902,2.22096,2.16023,2.07315,1.95799,1.82933,1.82109,3.09193,4.95712,5.6724,5.70028,5.62602,5.57501,5.57447,5.62442,5.69775,5.66937,4.95515,3.08938,1.81506,1.81951,1.94358,2.05289,2.13232,2.18288,2.20731,2.20728,2.1828,2.13218,2.05266,1.94321,1.81893,1.81399,3.086,4.94941,5.66297,5.69077,5.61657,5.56542,5.56441,5.61359,5.68599,5.65707,4.94501,3.08072,1.80291,1.80102,1.91696,2.01576,2.08135,2.1135,2.11341,2.08109,2.0153,1.91622,1.79987,1.80085,3.07438,4.93418,5.64494,5.67277,5.59878,5.54737,5.54551,5.59323,5.66377,5.63353,4.9247,3.0636,1.78048,1.76717,1.86831,1.948,1.98861,1.98815,1.94659,1.86574,1.76298,1.77282,3.03996,4.88445,5.58867,5.61523,5.53929,5.48418,5.47683,5.51781,5.58207,5.55165,4.86926,3.01414,1.69016,1.62604,1.66379,1.66145,1.59381,1.45057,1.22562,0.932879,0.735736,0.887714,1.04112,0.918973,0.745276,0.579951,0.437139,0.316619,0.213871,0.12352,0.0403854,-0
-0,0.0010046,0.00239179,0.00165226,-0.00363651,-0.0180169,-0.0509063,-0.124104,-0.295735,-0.293422,1.12267,2.36902,2.29308,2.23047,2.15385,2.05067,1.91095,1.72619,1.48822,1.51803,4.63714,7.05274,6.26561,5.89946,5.74392,5.74448,5.90089,6.26696,7.05183,4.63469,1.5191,1.49499,1.73797,1.92765,2.07228,2.17986,2.25874,2.31609,2.3575,2.38709,2.40785,2.42184,2.43048,2.4346,2.43462,2.43052,2.42192,2.40795,2.38723,2.35768,2.31632,2.25902,2.1802,2.0727,1.92818,1.73864,1.49585,1.52057,4.63991,7.05974,6.27433,5.90842,5.75249,5.75248,5.9084,6.27429,7.05971,4.63989,1.52051,1.49565,1.73828,1.92763,2.07189,2.17904,2.25739,2.31405,2.35454,2.3829,2.40201,2.41379,2.4194,2.41942,2.41383,2.40209,2.38301,2.35467,2.31421,2.25758,2.17925,2.0721,1.92785,1.73849,1.49584,1.52071,4.64054,7.06071,6.2752,5.90924,5.75329,5.75327,5.90918,6.27509,7.06059,4.64047,1.52058,1.49545,1.73781,1.9268,2.07058,2.17708,2.25454,2.31,2.34886,2.37501,2.39111,2.39878,2.3988,2.39117,2.37511,2.34899,2.31017,2.25474,2.1773,2.07082,1.92704,1.73804,1.49566,1.52078,4.64111,7.06159,6.27599,5.90999,5.754,5.75394,5.90981,6.2757,7.06121,4.64086,1.52048,1.49487,1.73668,1.92498,2.06786,2.17315,2.24897,2.30221,2.33805,2.3601,2.3706,2.37062,2.36016,2.33815,2.30234,2.24914,2.17334,2.06806,1.92519,1.73687,1.49501,1.52058,4.64115,7.06167,6.27608,5.91006,5.75403,5.75389,5.90964,6.27538,7.06071,4.64049,1.51994,1.49345,1.73422,1.92122,2.0624,2.16543,2.23822,2.28733,2.31756,2.33195,2.33197,2.31761,2.28741,2.23832,2.16555,2.06252,1.92133,1.73429,1.49346,1.51981,4.63998,7.05995,6.27459,5.90865,5.75257,5.75228,5.90777,6.2731,7.05783,4.6385,1.51851,1.49045,1.72925,1.91381,2.05184,2.15067,2.21779,2.25922,2.27895,2.27895,2.25923,2.21781,2.15068,2.05183,1.91376,1.72913,1.49022,1.51799,4.63658,7.0549,6.27022,5.90454,5.74843,5.74786,5.90279,6.26724,7.05056,4.63346,1.51543,1.48453,1.71966,1.89969,2.03184,2.12284,2.17938,2.20638,2.20636,2.17933,2.12274,2.03167,1.89943,1.71926,1.48393,1.51426,4.6292,7.04399,6.26083,5.89575,5.73965,5.73855,5.89238,6.25503,7.03535,4.62288,1.50933,1.4733,1.70162,1.87321,1.99439,2.07074,2.10741,2.10735,2.07053,1.99403,1.87265,1.70078,1.4721,1.50708,4.61467,7.02267,6.24266,5.87885,5.72282,5.72072,5.87241,6.23144,7.00563,4.60201,1.49758,1.45216,1.6678,1.82361,1.92419,1.97302,1.97267,1.92309,1.82165,1.66476,1.44772,1.48922,4.57166,6.95896,6.18651,5.8241,5.66581,5.65853,5.80231,6.15062,6.90983,4.53829,1.45823,1.37362,1.54003,1.63551,1.65793,1.60274,1.46321,1.23022,0.896014,0.543997,1.02023,1.43234,1.04769,0.765107,0.554036,0.396214,0.276225,0.181701,0.103203,0.0334732,-0
-0,-0.00179349,-0.00618438,-0.0132099,-0.0254368,-0.0468794,-0.0839778,-0.146258,-0.241965,-0.179619,1.16276,2.36517,2.31922,2.26214,2.18707,2.08342,1.93717,1.72848,1.42723,1.28981,4.45477,7.14276,6.41638,5.96861,5.76197,5.76238,5.96973,6.4179,7.14425,4.45567,1.29165,1.43211,1.73652,1.94823,2.09717,2.20271,2.27785,2.33149,2.36975,2.39686,2.41577,2.42846,2.43627,2.43999,2.44,2.43631,2.42853,2.41586,2.39699,2.36991,2.33169,2.2781,2.203,2.09753,1.94866,1.73703,1.4327,1.2925,4.45935,7.15033,6.42374,5.97566,5.7686,5.76859,5.97563,6.4237,7.15026,4.4593,1.29243,1.43254,1.73674,1.9482,2.09685,2.20203,2.27671,2.32975,2.3672,2.39323,2.41068,2.42139,2.42648,2.4265,2.42143,2.41076,2.39334,2.36734,2.32991,2.2769,2.20224,2.09707,1.94843,1.73696,1.43273,1.29261,4.45998,7.15137,6.4247,5.97657,5.76948,5.76946,5.97651,6.42459,7.15119,4.45984,1.29248,1.4324,1.73639,1.94755,2.09578,2.20039,2.27429,2.32627,2.36227,2.38633,2.40107,2.40808,2.4081,2.40113,2.38643,2.36241,2.32644,2.2745,2.20062,2.09603,1.94781,1.73663,1.43261,1.29268,4.46057,7.15238,6.42566,5.97748,5.77035,5.77029,5.9773,6.42533,7.15187,4.4602,1.29238,1.43193,1.73547,1.94605,2.09349,2.19703,2.26948,2.31946,2.35276,2.37311,2.38277,2.38279,2.37318,2.35286,2.31961,2.26965,2.19723,2.09371,1.94627,1.73569,1.43211,1.29252,4.46069,7.15266,6.42599,5.97782,5.77065,5.77051,5.97738,6.42522,7.15146,4.45981,1.29188,1.43073,1.73338,1.94282,2.08876,2.19028,2.26001,2.30628,2.33449,2.34785,2.34786,2.33454,2.30636,2.26012,2.19042,2.0889,1.94296,1.7335,1.43081,1.29189,4.45971,7.15126,6.4249,5.97685,5.76966,5.76936,5.97592,6.42325,7.14872,4.45785,1.29062,1.42813,1.72905,1.93632,2.07944,2.17718,2.24177,2.28103,2.29958,2.29959,2.28105,2.24181,2.17722,2.07947,1.93633,1.72902,1.42804,1.29039,4.4567,7.14676,6.42117,5.97348,5.76632,5.76573,5.97164,6.41787,7.14166,4.45296,1.28791,1.42293,1.72056,1.92376,2.06156,2.15216,2.20702,2.23289,2.23288,2.20699,2.1521,2.06145,1.92359,1.72031,1.42258,1.28729,4.45008,7.13677,6.41282,5.96595,5.7589,5.75775,5.96237,6.40639,7.1268,4.44276,1.28256,1.41294,1.70438,1.8999,2.02763,2.10464,2.14085,2.1408,2.1045,2.02737,1.8995,1.70382,1.41219,1.28131,4.437,7.11704,6.39637,5.95114,5.74435,5.74214,5.94424,6.38394,7.09769,4.42278,1.2723,1.39394,1.67368,1.85458,1.96302,2.01375,2.01348,1.96221,1.85317,1.67158,1.39113,1.26765,4.40149,7.06185,6.34777,5.90477,5.69644,5.68915,5.8823,6.30826,7.00178,4.35762,1.23706,1.32661,1.56427,1.69324,1.73363,1.69191,1.56354,1.33394,0.981857,0.585044,1.14359,1.59022,1.07434,0.713427,0.474871,0.317457,0.210367,0.133504,0.074118,0.023774,-0
-0,-0.00378815,-0.012126,-0.0228705,-0.0380215,-0.0600859,-0.0918678,-0.134984,-0.184702,-0.122699,1.18128,2.38654,2.35649,2.31178,2.24887,2.15877,2.02584,1.82332,1.50665,1.31892,4.44515,7.08741,6.28855,5.79663,5.57296,5.57333,5.79778,6.29064,7.09081,4.44773,1.32051,1.50964,1.82778,2.03158,2.16546,2.25595,2.31846,2.36226,2.39313,2.41485,2.4299,2.43997,2.44615,2.44908,2.4491,2.44618,2.44003,2.42999,2.41496,2.39328,2.36243,2.31867,2.25619,2.16574,2.0319,1.82813,1.51001,1.32102,4.45009,7.09483,6.29463,5.80187,5.57765,5.57764,5.80185,6.29459,7.09476,4.45002,1.32098,1.5099,1.82794,2.03159,2.16528,2.2555,2.31768,2.36102,2.39128,2.41216,2.42608,2.43459,2.43864,2.43866,2.43464,2.42616,2.41227,2.39142,2.3612,2.31788,2.25573,2.16551,2.03184,1.82819,1.51012,1.32118,4.45077,7.09596,6.29567,5.80286,5.57861,5.57859,5.80281,6.29556,7.09576,4.45061,1.32108,1.50989,1.8278,2.03123,2.16461,2.2544,2.31598,2.3585,2.38763,2.40697,2.41876,2.42436,2.42438,2.41883,2.40707,2.38778,2.35869,2.3162,2.25465,2.16488,2.03152,1.82808,1.51014,1.32131,4.45147,7.09713,6.29678,5.80392,5.57963,5.57958,5.80375,6.29646,7.09659,4.45106,1.32106,1.50964,1.82724,2.03024,2.16302,2.25199,2.31244,2.35341,2.38042,2.39682,2.40459,2.40461,2.39689,2.38053,2.35357,2.31263,2.25221,2.16327,2.03051,1.8275,1.50987,1.32127,4.45177,7.09771,6.29741,5.80456,5.58024,5.58012,5.80416,6.29665,7.09645,4.45082,1.32072,1.50881,1.82576,2.02791,2.15953,2.24694,2.30525,2.34329,2.36626,2.37708,2.3771,2.36632,2.34339,2.30538,2.2471,2.15972,2.02811,1.82595,1.50897,1.32084,4.45113,7.09688,6.29689,5.80418,5.57986,5.57959,5.80331,6.29526,7.0942,4.44914,1.31972,1.50684,1.82249,2.02299,2.15242,2.23685,2.29109,2.32354,2.33875,2.33876,2.32358,2.29116,2.23693,2.15251,2.02308,1.82257,1.50688,1.31968,4.44874,7.09339,6.2942,5.8019,5.57765,5.5771,5.80016,6.29093,7.08807,4.44478,1.31749,1.50275,1.81589,2.01323,2.13847,2.21722,2.26367,2.28527,2.28527,2.26367,2.21722,2.13845,2.01318,1.81582,1.50263,1.31721,4.44322,7.08523,6.28773,5.79633,5.57225,5.57118,5.79294,6.28138,7.07493,4.43557,1.313,1.49473,1.80307,1.99436,2.11158,2.17937,2.21053,2.21051,2.17929,2.11144,1.99416,1.80279,1.49437,1.31233,4.43213,7.06878,6.27462,5.785,5.56129,5.55924,5.77847,6.26241,7.04899,4.41746,1.30429,1.47929,1.77841,1.95803,2.05955,2.10546,2.10531,2.05908,1.95724,1.77728,1.47783,1.30175,4.40455,7.02617,6.23796,5.75077,5.52602,5.51932,5.7295,6.19834,6.96195,4.35681,1.27522,1.42804,1.69719,1.83955,1.89142,1.86773,1.76508,1.56016,1.20337,0.734845,1.28791,1.6465,0.946017,0.53939,0.314564,0.188377,0.114281,0.0678304,0.0359914,0.0112841,-0
-0,-0.00502097,-0.0156609,-0.0281248,-0.0436929,-0.063575,-0.0884237,-0.117107,-0.144414,-0.0910549,1.20376,2.4265,2.40844,2.37962,2.33786,2.27695,2.18409,2.03232,1.76007,1.57838,4.61655,6.92887,5.85379,5.35641,5.1599,5.16019,5.35742,5.85606,6.93372,4.62078,1.57994,1.76129,2.03339,2.18485,2.27714,2.33715,2.3778,2.40596,2.42568,2.43949,2.44902,2.45537,2.45926,2.46111,2.46112,2.45929,2.45542,2.44909,2.43958,2.4258,2.4061,2.37796,2.33733,2.27734,2.18506,2.0336,1.76148,1.58015,4.62183,6.93564,5.85808,5.35955,5.16248,5.16248,5.35954,5.85806,6.93557,4.62176,1.58013,1.76145,2.03354,2.18495,2.27716,2.33703,2.37748,2.40539,2.42474,2.43804,2.44688,2.45227,2.45484,2.45486,2.45233,2.44696,2.43816,2.42489,2.40557,2.3777,2.33727,2.27742,2.18524,2.03383,1.76172,1.5804,4.62261,6.93685,5.85917,5.36058,5.16349,5.16349,5.36056,5.8591,6.93667,4.62244,1.58033,1.76163,2.03367,2.18498,2.27701,2.33663,2.37673,2.40413,2.4228,2.43514,2.44265,2.44622,2.44624,2.44272,2.43525,2.42295,2.40433,2.37696,2.33691,2.27732,2.18531,2.03402,1.76195,1.58065,4.62346,6.93821,5.86041,5.36178,5.16466,5.16464,5.36168,5.86018,6.93769,4.62301,1.58045,1.76168,2.03359,2.18467,2.27635,2.33548,2.37488,2.40133,2.41867,2.42918,2.43415,2.43417,2.42925,2.41879,2.4015,2.37509,2.33573,2.27664,2.18499,2.03393,1.76201,1.58078,4.624,6.93916,5.86139,5.36277,5.16564,5.16556,5.36249,5.86078,6.93793,4.62297,1.5803,1.76134,2.03293,2.18353,2.27452,2.33269,2.37076,2.39537,2.41016,2.41713,2.41715,2.41023,2.39549,2.37092,2.33289,2.27476,2.18379,2.03322,1.76162,1.58058,4.62375,6.93903,5.8616,5.36313,5.16601,5.16582,5.36248,5.86025,6.93643,4.6216,1.57956,1.76019,2.03109,2.18073,2.27038,2.3267,2.36222,2.38328,2.39312,2.39313,2.38333,2.36231,2.32683,2.27054,2.18091,2.0313,1.7604,1.57976,4.62201,6.93685,5.86034,5.36229,5.16526,5.16486,5.36097,5.85762,6.93169,4.61776,1.57775,1.75753,2.02703,2.17478,2.26186,2.3146,2.34515,2.35925,2.35926,2.34518,2.31466,2.26193,2.17488,2.02714,1.75765,1.57783,4.61761,6.93108,5.85653,5.35939,5.16257,5.16179,5.35681,5.85126,6.92115,4.60947,1.57395,1.75204,2.0188,2.1629,2.24496,2.29071,2.31141,2.31141,2.29071,2.24496,2.16291,2.01882,1.75207,1.5739,4.60851,6.91896,5.84831,5.35296,5.15657,5.15506,5.34799,5.83821,6.90007,4.59305,1.56648,1.74124,2.00263,2.13958,2.21167,2.24326,2.24322,2.21157,2.13942,2.00247,1.7411,1.56605,4.58888,6.89123,5.82711,5.33434,5.13754,5.13263,5.31803,5.79363,6.8276,4.53645,1.54224,1.70914,1.95691,2.07636,2.12479,2.12252,2.06889,1.93824,1.64884,1.17585,1.51451,1.44906,0.523836,0.183552,0.0556198,0.00720484,-0.00945169,-0.0124542,-0.00926559,-0.00334852,-0
-0,-0.00565623,-0.0173718,-0.0302748,-0.0450502,-0.0620975,-0.0811448,-0.100607,-0.116895,-0.0717239,1.23042,2.47814,2.47114,2.4604,2.446,2.42708,2.40126,2.3618,2.28272,2.8277,5.15401,5.94802,4.84132,4.61533,4.55004,4.55012,4.61567,4.84245,5.9526,5.16149,2.83184,2.28243,2.35963,2.3973,2.42111,2.43772,2.44961,2.45811,2.46416,2.4684,2.47131,2.47324,2.47441,2.47497,2.47498,2.47444,2.47328,2.47137,2.46847,2.46425,2.45822,2.44973,2.43785,2.42124,2.39741,2.3597,2.28244,2.83162,5.16115,5.95248,4.84251,4.61576,4.55024,4.55025,4.61579,4.84254,5.95246,5.16105,2.83157,2.2825,2.3598,2.39753,2.42137,2.43798,2.44984,2.4583,2.46426,2.46838,2.47112,2.47279,2.47358,2.4736,2.47284,2.47121,2.4685,2.46442,2.45849,2.45007,2.43824,2.42166,2.39786,2.36016,2.28288,2.83209,5.16207,5.95366,4.84357,4.61681,4.5513,4.55131,4.61685,4.84361,5.95358,5.16183,2.83196,2.28294,2.36028,2.39801,2.42183,2.43839,2.45016,2.4585,2.46428,2.46814,2.4705,2.47162,2.47165,2.47057,2.46826,2.46445,2.45871,2.45042,2.43869,2.42217,2.3984,2.36072,2.28341,2.83262,5.1631,5.95509,4.84489,4.61813,4.55261,4.55263,4.61815,4.84487,5.95478,5.1625,2.83226,2.2834,2.36079,2.39849,2.42224,2.43868,2.45028,2.45835,2.46376,2.46707,2.46865,2.46868,2.46715,2.46389,2.45854,2.45052,2.43897,2.42258,2.39889,2.36123,2.28389,2.83297,5.16387,5.95638,4.84623,4.61949,4.55399,4.55398,4.61945,4.84605,5.95556,5.1625,2.83213,2.28366,2.36111,2.39875,2.42234,2.43852,2.44975,2.45727,2.4619,2.46411,2.46414,2.46198,2.45741,2.44993,2.43876,2.42263,2.3991,2.36151,2.28413,2.83284,5.16387,5.95712,4.84734,4.62072,4.55524,4.5552,4.62055,4.84684,5.95532,5.16107,2.83108,2.28348,2.36096,2.39844,2.42169,2.43736,2.44781,2.45423,2.4573,2.45733,2.45431,2.44793,2.43753,2.42192,2.39873,2.36132,2.28391,2.83181,5.16244,5.9568,4.84801,4.62165,4.55624,4.55613,4.62123,4.8469,5.95317,5.15697,2.82835,2.28242,2.35992,2.39703,2.41958,2.43417,2.44308,2.44733,2.44735,2.44315,2.43429,2.41975,2.39726,2.36024,2.28284,2.82916,5.15845,5.95463,4.84794,4.62214,4.55686,4.55661,4.62125,4.84571,5.94766,5.14811,2.82257,2.27977,2.35719,2.3935,2.41463,2.4271,2.43299,2.43301,2.42718,2.41477,2.39371,2.35751,2.28024,2.82364,5.14998,5.94931,4.8467,4.62197,4.55695,4.55646,4.62022,4.8424,5.93611,5.1306,2.81122,2.27417,2.35129,2.38597,2.40431,2.41267,2.41274,2.40454,2.38642,2.35206,2.27547,2.8145,5.13625,5.94075,4.84491,4.62195,4.55715,4.55562,4.61636,4.83056,5.89449,5.0667,2.77203,2.26182,2.34495,2.38419,2.40884,2.42866,2.44974,2.47504,2.48425,3.21928,1.93889,-0.302696,-0.483289,-0.384637,-0.282842,-0.205726,-0.146838,-0.0989299,-0.0572511,-0.0187566,-0
-0,-0.00588815,-0.0178952,-0.0305525,-0.0441357,-0.0586201,-0.0734508,-0.0872817,-0.097882,-0.0591502,1.25854,2.53427,2.5376,2.54484,2.55867,2.58409,2.63208,2.73092,2.96491,3.62602,4.4142,4.64908,4.54318,4.47331,4.44371,4.44374,4.47346,4.54371,4.65052,4.41671,3.62694,2.9623,2.72539,2.6236,2.57228,2.54303,2.52479,2.51272,2.50443,2.49863,2.49459,2.49186,2.49018,2.48938,2.48938,2.4902,2.4919,2.49464,2.49869,2.5045,2.5128,2.52488,2.5431,2.57235,2.62363,2.72537,2.9622,3.62669,4.41639,4.65025,4.54348,4.47323,4.4435,4.44352,4.47327,4.54354,4.65031,4.41643,3.62677,2.96238,2.72564,2.62399,2.57281,2.54368,2.52559,2.5137,2.50562,2.50011,2.49643,2.49417,2.49311,2.49312,2.49423,2.49652,2.50023,2.50579,2.51391,2.52584,2.54397,2.57314,2.62437,2.72607,2.9629,3.62746,4.41731,4.65127,4.54453,4.47429,4.44457,4.44459,4.47434,4.5446,4.65134,4.41734,3.62756,2.96318,2.72651,2.62496,2.57389,2.54492,2.52704,2.51542,2.50769,2.50264,2.49957,2.49813,2.49816,2.49965,2.50276,2.50787,2.51564,2.52732,2.54526,2.57428,2.62541,2.72704,2.96383,3.62843,4.41845,4.65256,4.54585,4.47562,4.44591,4.44593,4.47567,4.5459,4.65255,4.41835,3.62847,2.96419,2.72766,2.62628,2.57543,2.54673,2.52921,2.51804,2.51093,2.50669,2.50471,2.50474,2.50678,2.51107,2.51824,2.52947,2.54706,2.57582,2.62674,2.72822,2.96488,3.6294,4.41955,4.65387,4.54724,4.47705,4.44735,4.44736,4.47707,4.5472,4.65368,4.41917,3.62926,2.96531,2.72908,2.62802,2.57755,2.54933,2.53242,2.52208,2.51605,2.51328,2.51331,2.51614,2.52223,2.53263,2.54961,2.5779,2.62845,2.72961,2.96598,3.6302,4.42038,4.65499,4.54854,4.47843,4.44875,4.44874,4.47837,4.54832,4.65443,4.41941,3.62968,2.96648,2.73085,2.63038,2.58059,2.55322,2.53742,2.52855,2.52454,2.52457,2.52864,2.53757,2.55344,2.58088,2.63076,2.73134,2.96713,3.63062,4.42063,4.65572,4.54962,4.47967,4.45005,4.44999,4.47945,4.54905,4.65446,4.41857,3.62937,2.96771,2.73321,2.63382,2.58526,2.55943,2.54567,2.53962,2.53965,2.54577,2.5596,2.58551,2.63417,2.7337,2.9684,3.63041,4.4199,4.65582,4.55038,4.48075,4.45123,4.45109,4.48025,4.54917,4.65327,4.41586,3.62781,2.96911,2.73669,2.63927,2.59298,2.57008,2.56042,2.56047,2.57022,2.59322,2.63965,2.73725,2.96994,3.62914,4.41755,4.65492,4.55072,4.4817,4.45236,4.45207,4.48067,4.54832,4.64997,4.40981,3.62405,2.97091,2.74239,2.64871,2.60694,2.59036,2.59053,2.60745,2.64964,2.7439,2.97331,3.62805,4.41488,4.65481,4.55278,4.48485,4.45579,4.45495,4.48169,4.54508,4.63825,4.38865,3.61342,2.98491,2.77688,2.70662,2.69772,2.73353,2.82638,3.02794,3.49897,4.79488,2.41936,-1.63221,-1.76966,-0.955967,-0.596627,-0.400426,-0.273245,-0.179176,-0.102051,-0.0331865,-0
-0,-0.00588964,-0.0177685,-0.0299042,-0.0423198,-0.0547965,-0.0667565,-0.0771866,-0.0847115,-0.0507369,1.28514,2.58801,2.60013,2.6227,2.65976,2.71851,2.81206,2.96486,3.21999,3.62735,4.05456,4.28486,4.34533,4.35598,4.35637,4.35629,4.35576,4.34503,4.28445,4.05365,3.62469,3.21445,2.95602,2.79942,2.7014,2.6373,2.59382,2.56356,2.54221,2.52711,2.51656,2.50945,2.50506,2.50297,2.50298,2.50508,2.50948,2.5166,2.52716,2.54226,2.56361,2.59387,2.63734,2.70142,2.7994,2.95595,3.21431,3.62445,4.05335,4.28412,4.34467,4.35536,4.35583,4.35585,4.35541,4.34475,4.28423,4.05349,3.62467,3.21462,2.95639,2.79999,2.70219,2.63834,2.59516,2.56528,2.54443,2.52999,2.52031,2.51437,2.51154,2.51156,2.51442,2.52041,2.53012,2.54461,2.5655,2.59542,2.63865,2.70254,2.8004,2.95687,3.2152,3.62536,4.05431,4.28514,4.34571,4.35642,4.3569,4.35693,4.35649,4.34584,4.28531,4.05454,3.62571,3.21572,2.95761,2.80141,2.70387,2.64037,2.59767,2.56843,2.54844,2.53515,2.52702,2.52318,2.5232,2.5271,2.53528,2.54862,2.56867,2.59796,2.64073,2.70429,2.80191,2.95821,3.21644,3.62658,4.05557,4.28645,4.34705,4.35777,4.35827,4.3583,4.35786,4.3472,4.28665,4.05585,3.62707,3.21724,2.95939,2.80354,2.70647,2.64361,2.60177,2.57368,2.55524,2.54405,2.53877,2.5388,2.54414,2.55539,2.5739,2.60205,2.64397,2.7069,2.80405,2.96001,3.218,3.628,4.05697,4.28789,4.34852,4.35926,4.35976,4.3598,4.35936,4.34867,4.28809,4.0573,3.62867,3.21922,2.96188,2.8067,2.71052,2.64883,2.60854,2.58255,2.56696,2.55964,2.55968,2.56706,2.58272,2.60877,2.64914,2.71091,2.80719,2.96249,3.21997,3.62961,4.05842,4.28935,4.35002,4.36078,4.36129,4.36133,4.36087,4.35015,4.28952,4.05878,3.63057,3.22191,2.96557,2.81164,2.71707,2.65752,2.6201,2.598,2.58773,2.58776,2.59811,2.62028,2.65778,2.71742,2.81209,2.96615,3.22265,3.63151,4.05992,4.29079,4.3515,4.3623,4.36284,4.36287,4.36237,4.35159,4.2909,4.06031,3.63296,3.22585,2.97139,2.81978,2.7282,2.67262,2.64056,2.62584,2.62588,2.64068,2.67283,2.72853,2.82023,2.97199,3.22664,3.634,4.06156,4.29228,4.35306,4.36393,4.3645,4.36452,4.36396,4.35305,4.29226,4.06201,3.63636,3.23216,2.98121,2.83391,2.74791,2.69983,2.67815,2.67822,2.70002,2.74825,2.83441,2.98192,3.23314,3.63767,4.0636,4.294,4.35489,4.3659,4.36654,4.36654,4.36586,4.35472,4.29375,4.06418,3.64173,3.24301,2.99865,2.85954,2.78436,2.75133,2.75156,2.78508,2.86081,3.00059,3.24582,3.64559,4.06888,4.29886,4.36012,4.37158,4.37256,4.37274,4.37194,4.36036,4.29921,4.07289,3.66367,3.28753,3.07102,2.9677,2.94188,2.98136,3.09431,3.31138,3.68878,4.26021,2.1182,-1.09413,-1.54949,-1.07295,-0.747271,-0.526109,-0.366539,-0.242479,-0.138591,-0.045121,-0
-0,-0.00579134,-0.017385,-0.0289758,-0.040443,-0.0514897,-0.0615921,-0.0699967,-0.0758181,-0.0451709,1.30753,2.63344,2.65221,2.68606,2.73917,2.81814,2.93279,3.09649,3.32282,3.60885,3.89183,4.09047,4.19732,4.24888,4.26951,4.26931,4.24826,4.19618,4.0886,3.88874,3.60373,3.31479,3.08481,2.91667,2.7966,2.71097,2.64962,2.60549,2.57373,2.55104,2.53509,2.52431,2.51765,2.51448,2.51448,2.51767,2.52433,2.53512,2.55107,2.57377,2.60552,2.64965,2.71098,2.79658,2.91661,3.08471,3.31462,3.60348,3.88842,4.08822,4.19573,4.2477,4.26862,4.26864,4.24776,4.19583,4.08838,3.88865,3.60379,3.31505,3.08529,2.9174,2.79761,2.71233,2.65142,2.60785,2.57683,2.55511,2.54046,2.53144,2.52714,2.52716,2.53149,2.54056,2.55525,2.57701,2.60807,2.65169,2.71265,2.79799,2.91784,3.08581,3.31565,3.60449,3.88944,4.08925,4.19678,4.24876,4.2697,4.26973,4.24886,4.19695,4.08951,3.88981,3.60501,3.31639,3.08682,2.9192,2.79979,2.71503,2.65482,2.6122,2.58247,2.56249,2.55019,2.54435,2.54438,2.55027,2.56262,2.58267,2.61245,2.65513,2.71541,2.80025,2.91973,3.08745,3.31713,3.60588,3.89081,4.09062,4.19815,4.25014,4.27109,4.27113,4.25028,4.19839,4.09099,3.89135,3.6067,3.31832,3.08911,2.922,2.8033,2.71949,2.66056,2.61968,2.5923,2.57549,2.56752,2.56755,2.57559,2.59246,2.61991,2.66086,2.71987,2.80376,2.92256,3.08978,3.31911,3.60764,3.89244,4.0922,4.19971,4.2517,4.27265,4.27271,4.25189,4.20004,4.09272,3.89325,3.60891,3.32103,3.09253,2.92639,2.80898,2.72692,2.67034,2.63265,2.60959,2.59866,2.59869,2.60969,2.63282,2.6706,2.72726,2.80941,2.92692,3.09318,3.32182,3.60985,3.89436,4.09396,4.2014,4.25337,4.27432,4.2744,4.25363,4.20188,4.09474,3.89561,3.61191,3.32502,3.09788,2.93353,2.81853,2.73968,2.68745,2.65564,2.6406,2.64064,2.65576,2.68765,2.73997,2.81892,2.93403,3.09851,3.3258,3.61286,3.89674,4.09602,4.2033,4.2552,4.27614,4.27626,4.25559,4.20402,4.09723,3.89879,3.61633,3.33133,3.10672,2.94572,2.83516,2.76227,2.7181,2.69729,2.69734,2.71825,2.76252,2.83553,2.94623,3.10738,3.33217,3.61739,3.90005,4.09867,4.20564,4.25741,4.27833,4.27853,4.25803,4.20682,4.1007,3.90357,3.62345,3.34196,3.12206,2.96726,2.86494,2.80316,2.77415,2.77422,2.80339,2.86533,2.96784,3.12287,3.34302,3.62479,3.90519,4.10257,4.20894,4.26046,4.28135,4.28168,4.26152,4.21096,4.10611,3.91142,3.63569,3.36077,3.14965,3.00643,2.91964,2.87902,2.8793,2.92049,3.00792,3.15184,3.36379,3.63961,3.9162,4.11163,4.21726,4.26876,4.29015,4.29148,4.27299,4.22521,4.12534,3.94001,3.68083,3.43052,3.25197,3.15128,3.12075,3.15572,3.25812,3.43449,3.68458,3.96296,1.93025,-0.83704,-1.3041,-1.03906,-0.793403,-0.590198,-0.424324,-0.285608,-0.164713,-0.0538299,-0
-0,-0.00568227,-0.0170045,-0.0281712,-0.0389864,-0.0491273,-0.0581254,-0.0653902,-0.0702959,-0.0417559,1.32361,2.66611,2.6892,2.73016,2.79272,2.88209,3.00447,3.16549,3.36596,3.5934,3.81342,3.98787,4.10461,4.17272,4.20348,4.20318,4.17177,4.10285,3.98502,3.80899,3.58669,3.35617,3.15177,2.98584,2.85735,2.76036,2.6882,2.63503,2.59621,2.56821,2.54844,2.53504,2.52676,2.5228,2.52281,2.52677,2.53506,2.54847,2.56825,2.59624,2.63505,2.68821,2.76035,2.85732,2.98576,3.15164,3.35598,3.58643,3.80865,3.9846,4.10232,4.17109,4.20231,4.20233,4.17117,4.10245,3.98479,3.80892,3.58681,3.3565,3.15234,2.98669,2.85854,2.76196,2.69033,2.63785,2.59994,2.57315,2.555,2.54377,2.53843,2.53845,2.54383,2.5551,2.57329,2.60013,2.63808,2.69061,2.76229,2.85893,2.98714,3.15286,3.35711,3.5875,3.8097,3.98565,4.10338,4.17216,4.20339,4.20343,4.17228,4.10359,3.98597,3.81016,3.58815,3.358,3.15407,2.98876,2.86108,2.76515,2.69438,2.64309,2.60677,2.58214,2.56691,2.55965,2.55968,2.56699,2.58228,2.60697,2.64334,2.69471,2.76554,2.86155,2.98932,3.15472,3.35875,3.58902,3.81115,3.98706,4.10478,4.17356,4.2048,4.20486,4.17374,4.1051,3.98755,3.81187,3.59006,3.36022,3.15674,2.99206,2.86524,2.77048,2.70131,2.65217,2.61878,2.59811,2.58825,2.58829,2.59821,2.61894,2.65241,2.70162,2.77087,2.86572,2.99264,3.15743,3.36103,3.591,3.81295,3.98875,4.10642,4.17518,4.20642,4.2065,4.17544,4.10689,3.9895,3.81408,3.59268,3.36345,3.16083,2.99733,2.87211,2.77952,2.71328,2.6681,2.64008,2.62671,2.62674,2.64019,2.66829,2.71354,2.77987,2.87256,2.99789,3.16151,3.36426,3.59363,3.81518,3.99075,4.10827,4.17697,4.2082,4.20833,4.17737,4.109,3.99193,3.81703,3.59643,3.36838,3.16739,3.00609,2.88383,2.79523,2.73439,2.69652,2.6784,2.67844,2.69664,2.7346,2.79554,2.88424,3.00662,3.16805,3.36919,3.5974,3.81817,3.99324,4.11048,4.17905,4.21026,4.21046,4.17969,4.11168,3.99522,3.82131,3.60224,3.3764,3.17845,3.02122,2.90444,2.8232,2.7723,2.74787,2.74793,2.77246,2.82348,2.90484,3.02176,3.17915,3.37728,3.60332,3.82259,3.99673,4.11343,4.18173,4.21288,4.21323,4.18282,4.11548,4.00016,3.82811,3.61191,3.39018,3.19783,3.04812,2.94142,2.87373,2.84106,2.84114,2.87398,2.94185,3.04875,3.19868,3.39129,3.6133,3.82979,4.00216,4.11785,4.18566,4.21672,4.21732,4.18759,4.1215,4.00831,3.83971,3.62883,3.41472,3.23274,3.09691,3.00875,2.96582,2.96612,3.00968,3.09852,3.23508,3.41787,3.63286,3.84465,4.01422,4.12853,4.19607,4.22779,4.23006,4.20331,4.14216,4.03694,3.88096,3.68914,3.50174,3.35507,3.2647,3.23412,3.26264,3.34796,3.48387,3.65209,3.80817,1.83918,-0.711536,-1.1531,-0.985788,-0.797085,-0.616955,-0.454951,-0.310918,-0.180821,-0.0593126,-0
-0,-0.00561536,-0.0167794,-0.0277183,-0.0382042,-0.0479078,-0.0563919,-0.0631427,-0.0676459,-0.0401273,1.332,2.68314,2.70833,2.75265,2.81946,2.91302,3.03751,3.19504,3.38213,3.58537,3.7806,3.94299,4.0605,4.13391,4.16852,4.16816,4.13279,4.05843,3.93965,3.77551,3.57788,3.37144,3.18026,3.01757,2.88661,2.78492,2.70778,2.65023,2.60787,2.57717,2.55543,2.54067,2.53153,2.52717,2.52717,2.53154,2.54068,2.55545,2.5772,2.60789,2.65024,2.70778,2.7849,2.88657,3.01748,3.18012,3.37124,3.57761,3.77515,3.9392,4.05785,4.13205,4.16719,4.16722,4.13213,4.05799,3.93941,3.77545,3.57802,3.3718,3.18087,3.01848,2.88789,2.78665,2.71009,2.65329,2.61193,2.58256,2.5626,2.55024,2.54434,2.54436,2.5503,2.5627,2.5827,2.61212,2.65352,2.71037,2.78698,2.88829,3.01894,3.18141,3.37241,3.57871,3.77623,3.94027,4.05892,4.13312,4.16828,4.16832,4.13325,4.05915,3.94062,3.77673,3.57942,3.37338,3.18272,3.0207,2.89062,2.79008,2.71448,2.65898,2.61938,2.59239,2.57566,2.56767,2.5677,2.57574,2.59253,2.61958,2.65925,2.71481,2.79048,2.8911,3.02126,3.18338,3.37414,3.58029,3.77772,3.94171,4.06034,4.13454,4.1697,4.16977,4.13473,4.0607,3.94226,3.77852,3.58144,3.37575,3.18558,3.02426,2.89513,2.79588,2.72204,2.66891,2.63254,2.60992,2.5991,2.59913,2.61002,2.63271,2.66916,2.72235,2.79628,2.89562,3.02485,3.18628,3.37656,3.58239,3.7796,3.94346,4.06202,4.13618,4.17135,4.17144,4.13648,4.06256,3.94432,3.78089,3.58427,3.37925,3.19003,3.02999,2.90262,2.80576,2.73514,2.6864,2.65594,2.64134,2.64138,2.65605,2.68659,2.73542,2.80612,2.90308,3.03056,3.19071,3.38007,3.58523,3.78199,3.94557,4.06396,4.13804,4.1732,4.17335,4.13852,4.06483,3.94697,3.78413,3.58841,3.38467,3.19722,3.0396,2.91548,2.82302,2.75835,2.71763,2.69804,2.69808,2.71776,2.75857,2.82334,2.91591,3.04014,3.19789,3.38549,3.58939,3.78528,3.94829,4.06634,4.14026,4.17538,4.17563,4.14104,4.06779,3.95066,3.78897,3.59493,3.39359,3.20944,3.05628,2.93817,2.8538,2.80003,2.77398,2.77403,2.80019,2.85409,2.93859,3.05684,3.21016,3.39449,3.59603,3.79028,3.9522,4.06961,4.1432,4.17825,4.17867,4.14454,4.07213,3.95636,3.79679,3.6059,3.40901,3.23094,3.08599,2.9789,2.90928,2.87521,2.8753,2.90954,2.97935,3.08664,3.23182,3.41014,3.60732,3.79852,3.95844,4.07463,4.14761,4.18254,4.18329,4.15,4.07914,3.96591,3.81028,3.62522,3.43653,3.26967,3.13973,3.05262,3.00938,3.0097,3.05359,3.1414,3.27208,3.43976,3.62932,3.81534,3.97205,4.08659,4.15918,4.19488,4.19766,4.16805,4.10317,3.99929,3.85777,3.69304,3.53222,3.40187,3.31832,3.2884,3.31275,3.38722,3.50094,3.63173,3.74216,1.80259,-0.658901,-1.08374,-0.953907,-0.792193,-0.625585,-0.467609,-0.322289,-0.188342,-0.0619141,-0
-0,-0.00561536,-0.0167794,-0.0277183,-0.0382042,-0.0479078,-0.0563919,-0.0631427,-0.0676459,-0.0401273,1.332,2.68314,2.70833,2.75265,2.81946,2.91302,3.03751,3.19504,3.38213,3.58537,3.7806,3.94299,4.0605,4.13391,4.16852,4.16816,4.13279,4.05843,3.93965,3.77551,3.57788,3.37144,3.18026,3.01757,2.88661,2.78492,2.70778,2.65023,2.60787,2.57717,2.55543,2.54067,2.53153,2.52717,2.52717,2.53154,2.54068,2.55545,2.5772,2.60789,2.65024,2.70778,2.7849,2.88657,3.01748,3.18012,3.37124,3.57761,3.77515,3.9392,4.05785,4.13205,4.16719,4.16722,4.13213,4.05799,3.93941,3.77545,3.57802,3.3718,3.18087,3.01848,2.88789,2.78665,2.71009,2.65329,2.61193,2.58256,2.5626,2.55024,2.54434,2.54436,2.5503,2.5627,2.5827,2.61212,2.65352,2.71037,2.78698,2.88829,3.01894,3.18141,3.37241,3.57871,3.77623,3.94027,4.05892,4.13312,4.16828,4.16832,4.13325,4.05915,3.94062,3.77673,3.57942,3.37338,3.18272,3.0207,2.89062,2.79008,2.71448,2.65898,2.61938,2.59239,2.57566,2.56767,2.5677,2.57574,2.59253,2.61958,2.65925,2.71481,2.79048,2.8911,3.02126,3.18338,3.37414,3.58029,3.77772,3.94171,4.06034,4.13454,4.1697,4.16977,4.13473,4.0607,3.94226,3.77852,3.58144,3.37575,3.18558,3.02426,2.89513,2.79588,2.72204,2.66891,2.63254,2.60992,2.5991,2.59913,2.61002,2.63271,2.66916,2.72235,2.79628,2.89562,3.02485,3.18628,3.37656,3.58239,3.7796,3.94346,4.06202,4.13618,4.17135,4.17144,4.13648,4.06256,3.94432,3.78089,3.58427,3.37925,3.19003,3.02999,2.90262,2.80576,2.73514,2.6864,2.65594,2.64134,2.64138,2.65605,2.68659,2.73542,2.80612,2.90308,3.03056,3.19071,3.38007,3.58523,3.78199,3.94557,4.06396,4.13804,4.1732,4.17335,4.13852,4.06483,3.94697,3.78413,3.58841,3.38467,3.19722,3.0396,2.91548,2.82302,2.75835,2.71763,2.69804,2.69808,2.71776,2.75857,2.82334,2.91591,3.04014,3.19789,3.38549,3.58939,3.78528,3.94829,4.06634,4.14026,4.17538,4.17563,4.14104,4.06779,3.95066,3.78897,3.59493,3.39359,3.20944,3.05628,2.93817,2.8538,2.80003,2.77398,2.77403,2.80019,2.85409,2.93859,3.05684,3.21016,3.39449,3.59603,3.79028,3.9522,4.06961,4.1432,4.17825,4.17867,4.14454,4.07213,3.95636,3.79679,3.6059,3.40901,3.23094,3.08599,2.9789,2.90928,2.87521,2.8753,2.90954,2.97935,3.08664,3.23182,3.41014,3.60732,3.79852,3.95844,4.07463,4.14761,4.18254,4.18329,4.15,4.07914,3.96591,3.81028,3.62522,3.43653,3.26967,3.13973,3.05262,3.00938,3.0097,3.05359,3.1414,3.27208,3.43976,3.62932,3.81534,3.97205,4.08659,4.15918,4.19488,4.19766,4.16805,4.10317,3.99929,3.85777,3.69304,3.53222,3.40187,3.31832,3.2884,3.31275,3.38722,3.50094,3.63173,3.74216,1.80259,-0.658901,-1.08374,-0.953907,-0.792193,-0.625585,-0.467609,-0.322289,-0.188342,-0.0619141,-0
