-0,-0,-0,-0,-0,-0,-0,-0,-0,-0,-0,-0,-0,-0,-0,-0,-0,-0,-0,-0,-0,-0,-0,-0,-0,-0,-0,-0,-0,-0,-0,-0,-0,-0,-0,-0,-0,-0,-0,-0,-0,-0,-0,-0,-0,-0,-0,-0,-0,-0,-0,-0,-0,-0,-0,-0,-0,-0,-0,-0,-0,-0,-0,-0,-0,-0,-0,-0,-0,-0,-0,-0,-0,-0,-0,-0,-0,-0,-0,-0,-0,-0,-0,-0,-0,-0,-0,-0,-0,-0,-0,-0,-0,-0,-0,-0,-0,-0,-0,-0,-0,-0,-0,-0,-0,-0,-0,-0,-0,-0,-0,-0,-0,-0,-0,-0,-0,-0,-0,-0,-0,-0,-0,-0,-0,-0,-0,-0,-0,-0,-0,-0,-0,-0,-0,-0,-0,-0,-0,-0,-0,-0,-0,-0,-0,-0,-0,-0,-0,-0,-0,-0,-0,-0,-0,-0,-0,-0,-0,-0,-0,-0,-0,-0,-0,-0,-0,-0,-0,-0,-0,-0,-0,-0,-0,-0,-0,-0,-0,-0,-0,-0,-0,-0,-0,-0,-0,-0,-0,-0,-0,-0,-0,-0,-0,-0,-0,-0,-0,-0,-0,-0,-0,-0,-0,-0,-0,-0,-0,-0,-0,-0,-0,-0,-0,-0,-0,-0,-0,-0,-0,-0,-0,-0,-0,-0,-0,-0,-0,-0,-0,-0,-0,-0,-0,-0,-0,-0,-0,-0,-0,-0,-0,-0,-0,-0,-0,-0,-0,-0,-0,-0,-0,-0,-0,-0,-0,-0,-0,-0,-0,-0,-0,-0,-0,-0,-0,-0,-0,-0,-0,-0,-0,-0,-0,-0,-0,-0,-0,-0,-0,-0,-0,-0,-0,-0,-0,-0,-0,-0,-0,-0,-0,-0,-0,-0,-0,-0,-0,-0,-0,-0,-0,-0,-0,-0,-0,-0,-0,-0,-0,-0,-0,-0,-0,-0,-0,-0,-0,-0,-0
0.00561549,0.00561549,0.00554859,0.00539039,0.0050956,0.00460812,0.00387608,0.00287467,0.00162858,0.000224634,-0,-0.00816004,-0.01703,-0.0272885,-0.039523,-0.0540314,-0.070456,-0.0870713,-0.100007,-0.103236,-0.0919797,-0.0704066,-0.047098,-0.0263039,-0.00829159,0.00866075,0.0267268,0.0476433,0.0711472,0.0930141,0.10463,0.101829,0.089366,0.073341,0.0576352,0.0440808,0.0330765,0.024498,0.01788,0.0128416,0.00892489,0.00585842,0.00330132,0.00108526,-0.00106488,-0.00327981,-0.00583769,-0.00890068,-0.0128188,-0.0178512,-0.0244709,-0.0330405,-0.0440468,-0.0575891,-0.0732976,-0.0893082,-0.101776,-0.104562,-0.092952,-0.0710627,-0.0475567,-0.0265988,-0.00850969,0.0085212,0.0266073,0.0475634,0.0710588,0.0929419,0.104531,0.101733,0.0892333,0.073199,0.0574386,0.0438487,0.0327538,0.0240902,0.0173152,0.0121017,0.0079068,0.00450079,0.00144277,-0.0014148,-0.00447362,-0.00787883,-0.0120763,-0.0172883,-0.0240677,-0.0327294,-0.043831,-0.0574189,-0.0731885,-0.0892199,-0.10173,-0.104521,-0.0929397,-0.0710439,-0.0475563,-0.026587,-0.00851389,0.00852812,0.026597,0.0475602,0.0710323,0.0929116,0.104462,0.10164,0.0890809,0.0729972,0.057143,0.0434569,0.0322048,0.0233576,0.0163062,0.010746,0.00605331,0.00199936,-0.00196344,-0.00601736,-0.0107115,-0.0162718,-0.0233264,-0.0321741,-0.0434315,-0.0571187,-0.0729805,-0.0890653,-0.101633,-0.104452,-0.0929052,-0.0710171,-0.0475488,-0.0265781,-0.00851942,0.00852398,0.0265757,0.0475327,0.0709753,0.0928282,0.104323,0.101443,0.088792,0.072604,0.0565964,0.04272,0.0311965,0.0219965,0.0144529,0.00823895,0.00264717,-0.00260889,-0.00820136,-0.0144162,-0.021962,-0.0311641,-0.0426916,-0.0565717,-0.0725852,-0.0887777,-0.101435,-0.104316,-0.0928219,-0.0709653,-0.047524,-0.0265679,-0.00852681,0.00850308,0.0265318,0.0474606,0.0708561,0.0926442,0.104046,0.101049,0.088245,0.0718583,0.0555839,0.0413492,0.0293397,0.0194814,0.0110451,0.00362449,-0.00359054,-0.0110122,-0.0194499,-0.0293113,-0.041324,-0.0555642,-0.0718434,-0.0882373,-0.101046,-0.104048,-0.0926451,-0.0708592,-0.0474656,-0.0265491,-0.00853744,0.00845625,0.0264451,0.0473101,0.0706198,0.0922775,0.103513,0.100296,0.0872204,0.0704674,0.0537118,0.0388166,0.0259222,0.014856,0.00480451,-0.00478293,-0.0148353,-0.025905,-0.0388023,-0.0537046,-0.0704648,-0.0872275,-0.100307,-0.103532,-0.0922967,-0.0706486,-0.0473458,-0.0265092,-0.00855411,0.00836711,0.0262799,0.0470212,0.0701688,0.0915808,0.102508,0.0988898,0.0853188,0.0678967,0.0502625,0.0341626,0.0196648,0.00643719,-0.00643941,-0.0196699,-0.0341709,-0.050279,-0.067919,-0.0853535,-0.0989299,-0.102561,-0.0916361,-0.0702433,-0.0471146,-0.0264268,-0.00858203,0.00820535,0.0259717,0.0464845,0.0693263,0.0902862,0.100644,0.0962924,0.0818138,0.0631781,0.0439512,0.0257037,0.00840216,-0.00845089,-0.0257556,-0.0440121,-0.0632474,-0.0818989,-0.096387,-0.100756,-0.0904079,-0.0694814,-0.046682,-0.0262651,-0.00863222,0.00791249,0.0253996,0.0454945,0.0677619,0.0878932,0.0971946,0.0915104,0.0753786,0.0545778,0.032558,0.0107048,-0.0110029,-0.0328702,-0.054913,-0.0757489,-0.0919122,-0.0976351,-0.0883688,-0.0683228,-0.0461993,-0.0263767,-0.00930955,0.00653523,0.0230912,0.0418012,0.0620841,0.0794489,0.0852826,0.0755501,0.0548036,0.0287492,0.00118005,-0.0255286,-0.0489333,-0.0647858,-0.0660034,-0.0444301,-0,-0.00783758,-0.0526352,-0.0771981,-0.0845162,-0.0820902,-0.0758856,-0.0694327,-0.0645139,-0.0619124,-0.0619124
0.0169132,0.0169132,0.0167372,0.0163075,0.0154796,0.0140687,0.0118977,0.0088686,0.00504364,0.000696368,-0,-0.023772,-0.0496987,-0.0798947,-0.11629,-0.160187,-0.211169,-0.264906,-0.309719,-0.324208,-0.286242,-0.212977,-0.138761,-0.076157,-0.0237924,0.024836,0.0773563,0.140305,0.215109,0.28925,0.328343,0.3151,0.271697,0.219653,0.170794,0.129637,0.0968464,0.071475,0.0521057,0.0373412,0.0259719,0.0170011,0.00961269,0.00312196,-0.00307779,-0.00956743,-0.0169536,-0.025921,-0.0372853,-0.0520432,-0.0714041,-0.0967649,-0.129543,-0.170685,-0.219527,-0.271554,-0.314942,-0.328172,-0.289066,-0.2149,-0.140049,-0.077027,-0.0243945,0.0244043,0.0770316,0.140042,0.214872,0.289007,0.328068,0.314782,0.271324,0.219203,0.170237,0.128928,0.0959234,0.070256,0.0504796,0.035158,0.0230289,0.0130232,0.00422716,-0.00417674,-0.0129734,-0.0229803,-0.0351114,-0.0504358,-0.0702162,-0.095889,-0.1289,-0.170218,-0.219195,-0.271327,-0.314796,-0.328087,-0.28902,-0.214875,-0.140036,-0.07702,-0.024393,0.0243992,0.0770164,0.14001,0.214812,0.288899,0.327884,0.314491,0.270894,0.218592,0.169389,0.127765,0.0943391,0.0681033,0.0475583,0.0311952,0.0176531,0.00573021,-0.00566611,-0.0175901,-0.0311343,-0.0475008,-0.0680509,-0.0942935,-0.127729,-0.169364,-0.218581,-0.270897,-0.314509,-0.327907,-0.288917,-0.214819,-0.140008,-0.0770113,-0.0244007,0.0243732,0.0769652,0.13992,0.21466,0.288649,0.327489,0.313905,0.270059,0.217436,0.167805,0.12561,0.0914139,0.0641357,0.0421774,0.0238968,0.0077544,-0.00768868,-0.0238327,-0.0421167,-0.0640804,-0.0913662,-0.125573,-0.167781,-0.217427,-0.270068,-0.31393,-0.327522,-0.288679,-0.21468,-0.139937,-0.0769887,-0.0244193,0.0243106,0.0768449,0.139715,0.214325,0.28812,0.326687,0.312755,0.268467,0.215264,0.164861,0.121624,0.0860167,0.0568239,0.0322681,0.0104702,-0.010417,-0.0322174,-0.0567783,-0.0859792,-0.121598,-0.164849,-0.215269,-0.268492,-0.312798,-0.326741,-0.288174,-0.214378,-0.139776,-0.0769329,-0.0244521,0.0241848,0.0766,0.139298,0.213651,0.28707,0.325128,0.310565,0.265476,0.211222,0.159411,0.114268,0.0760734,0.0433738,0.0140835,-0.0140617,-0.0433559,-0.0760636,-0.11427,-0.15943,-0.211262,-0.265538,-0.310648,-0.325227,-0.287176,-0.213768,-0.139446,-0.0768109,-0.024506,0.023948,0.0761313,0.138498,0.21236,0.285071,0.322187,0.306469,0.259921,0.203752,0.149365,0.100738,0.0578346,0.0188148,-0.0188559,-0.0578825,-0.100799,-0.149446,-0.203858,-0.260057,-0.306633,-0.322374,-0.285276,-0.212597,-0.138805,-0.0765653,-0.0245944,0.0235135,0.0752599,0.137005,0.209949,0.281345,0.316725,0.298892,0.249681,0.190017,0.130955,0.0760594,0.0248362,-0.0250038,-0.0762389,-0.131157,-0.190252,-0.249957,-0.299209,-0.317079,-0.281734,-0.210406,-0.137599,-0.0760952,-0.0247472,0.0227158,0.0736485,0.134236,0.205476,0.274439,0.30662,0.284913,0.230853,0.16489,0.0975526,0.0319099,-0.0328062,-0.0984904,-0.165906,-0.231971,-0.28614,-0.307942,-0.275852,-0.207089,-0.136267,-0.0764127,-0.0266796,0.0188614,0.0671425,0.123803,0.18919,0.249854,0.27143,0.237646,0.169731,0.0877478,0.00268924,-0.0799006,-0.154345,-0.208999,-0.220797,-0.15615,-0,-0.0284841,-0.178139,-0.248841,-0.263291,-0.250052,-0.227903,-0.206767,-0.191222,-0.183138,-0.183138
0.0283869,0.0283869,0.0281795,0.0276229,0.0264466,0.0242895,0.0207774,0.0156584,0.008981,0.00124277,-0,-0.0372291,-0.0780992,-0.126301,-0.185557,-0.259256,-0.349131,-0.451664,-0.549758,-0.597637,-0.515807,-0.3565,-0.218819,-0.11577,-0.0355645,0.0371194,0.117549,0.22111,0.359723,0.520534,0.60438,0.558533,0.462657,0.362779,0.276237,0.206828,0.153183,0.11245,0.0817116,0.0584455,0.0406047,0.0265613,0.0150098,0.00486769,-0.00481815,-0.0149585,-0.0265064,-0.0405443,-0.058377,-0.0816325,-0.112357,-0.153072,-0.206696,-0.27608,-0.362592,-0.462441,-0.558289,-0.604117,-0.520263,-0.359421,-0.220738,-0.117065,-0.0364712,0.0364591,0.117046,0.220701,0.359353,0.520144,0.603923,0.558005,0.462046,0.362053,0.275347,0.205702,0.151725,0.110531,0.0791574,0.0550219,0.035995,0.0203361,0.00658627,-0.00654592,-0.0202967,-0.0359575,-0.0549874,-0.0791275,-0.110507,-0.15171,-0.205698,-0.275359,-0.362083,-0.462098,-0.558078,-0.604008,-0.520218,-0.359401,-0.22073,-0.117064,-0.0364765,0.0364452,0.117019,0.220653,0.359266,0.519988,0.60364,0.557548,0.461367,0.36109,0.274013,0.203876,0.14924,0.107158,0.0745849,0.0488233,0.0275899,0.00893444,-0.0088855,-0.0275426,-0.0487794,-0.0745464,-0.107128,-0.14922,-0.203871,-0.274027,-0.361128,-0.461434,-0.557643,-0.603751,-0.520084,-0.359333,-0.220699,-0.117059,-0.0364927,0.0364042,0.116944,0.220523,0.359048,0.519619,0.603031,0.556629,0.460056,0.359274,0.27153,0.200502,0.144664,0.100955,0.0661747,0.0374164,0.0121128,-0.0120676,-0.0373737,-0.0661374,-0.100926,-0.144647,-0.200502,-0.271553,-0.359324,-0.460139,-0.556743,-0.603165,-0.51974,-0.359141,-0.220604,-0.117031,-0.0365222,0.0363136,0.116772,0.22023,0.35856,0.518822,0.601776,0.554819,0.457553,0.355869,0.266922,0.194269,0.13623,0.0895293,0.0506838,0.0164054,-0.0163798,-0.0506622,-0.089516,-0.136229,-0.194288,-0.266965,-0.355942,-0.457662,-0.554963,-0.601944,-0.51898,-0.358701,-0.220376,-0.116954,-0.0365703,0.036135,0.116425,0.219633,0.35757,0.517222,0.599319,0.551359,0.452849,0.349535,0.258398,0.182771,0.120684,0.0684823,0.0221725,-0.0221912,-0.0685075,-0.120723,-0.18283,-0.258485,-0.349658,-0.453013,-0.551564,-0.599553,-0.517454,-0.357802,-0.219902,-0.116782,-0.0366478,0.0357995,0.115759,0.218481,0.355662,0.514156,0.594662,0.544877,0.444109,0.337823,0.242672,0.161588,0.0920844,0.0298431,-0.0299528,-0.0922052,-0.161731,-0.242849,-0.338044,-0.444382,-0.545204,-0.595028,-0.51453,-0.356065,-0.218977,-0.116434,-0.0367754,0.0351831,0.114519,0.216327,0.352089,0.508421,0.585992,0.53287,0.427975,0.316252,0.213764,0.122743,0.0398611,-0.0401618,-0.123064,-0.214126,-0.316672,-0.428467,-0.533437,-0.586615,-0.509067,-0.352808,-0.217234,-0.11577,-0.0369977,0.0340494,0.112223,0.212327,0.345449,0.497767,0.569918,0.510668,0.398214,0.276577,0.160837,0.0521886,-0.0536559,-0.162379,-0.278262,-0.40009,-0.512746,-0.572141,-0.50002,-0.347914,-0.215376,-0.116328,-0.0398664,0.0284474,0.102807,0.197077,0.321011,0.459348,0.512932,0.433871,0.298724,0.149821,0.00172658,-0.142418,-0.279551,-0.396068,-0.452038,-0.359371,-0,-0.0803493,-0.382598,-0.476735,-0.469756,-0.426922,-0.37891,-0.338509,-0.310471,-0.296279,-0.296279
0.040068,0.040068,0.0399712,0.0395578,0.0383945,0.0358651,0.0312641,0.0240064,0.0139792,0.00194249,-0,-0.0470452,-0.0991675,-0.161654,-0.240382,-0.34215,-0.474436,-0.642859,-0.840013,-1.00077,-0.822849,-0.478395,-0.264245,-0.132541,-0.0398147,0.041657,0.13461,0.266864,0.482141,0.828783,1.01011,0.851993,0.65762,0.492567,0.36455,0.268254,0.196607,0.14343,0.103845,0.0741245,0.0514403,0.0336296,0.0189975,0.00615716,-0.006104,-0.018942,-0.0335694,-0.0513726,-0.0740462,-0.103753,-0.143319,-0.196471,-0.268088,-0.364347,-0.492321,-0.657327,-0.851655,-1.00974,-0.828451,-0.481781,-0.266416,-0.134026,-0.0408837,0.0408571,0.133992,0.266365,0.481694,0.828295,1.00947,0.851269,0.656803,0.491615,0.363397,0.266808,0.194744,0.140985,0.100597,0.0697771,0.0455931,0.0257399,0.00832775,-0.00829657,-0.0257099,-0.0455655,-0.0697534,-0.100579,-0.140975,-0.194745,-0.266825,-0.363435,-0.49168,-0.656903,-0.851411,-1.00965,-0.828442,-0.48178,-0.266418,-0.134031,-0.040894,0.040839,0.133962,0.266316,0.481612,0.828146,1.00914,0.850695,0.655937,0.490386,0.361697,0.264485,0.191587,0.136705,0.0947996,0.0619233,0.0349487,0.0113032,-0.0112678,-0.0349153,-0.0618943,-0.0947777,-0.136693,-0.19159,-0.264507,-0.361746,-0.490471,-0.656067,-0.850878,-1.00937,-0.828337,-0.481729,-0.266396,-0.134032,-0.0409158,0.0407927,0.133882,0.266182,0.481387,0.827749,1.00839,0.849523,0.654263,0.488072,0.358541,0.260202,0.185785,0.128846,0.0841499,0.0474813,0.015348,-0.0153207,-0.0474573,-0.0841328,-0.12884,-0.185795,-0.260235,-0.358605,-0.488177,-0.654419,-0.849739,-1.00865,-0.827975,-0.48154,-0.266306,-0.13401,-0.0409521,0.0406939,0.1337,0.265874,0.480862,0.826832,1.00678,0.84719,0.651058,0.483736,0.35269,0.252302,0.175103,0.11438,0.0645324,0.0208473,-0.0208453,-0.0645356,-0.114394,-0.175134,-0.252359,-0.352781,-0.483872,-0.651252,-0.847449,-1.00709,-0.827102,-0.48107,-0.266074,-0.133937,-0.0410098,0.0405006,0.133331,0.265238,0.479772,0.82493,1.00357,0.842702,0.645027,0.475672,0.341873,0.237733,0.155411,0.0876986,0.0283156,-0.0283683,-0.08776,-0.155491,-0.23784,-0.342021,-0.475872,-0.645293,-0.843041,-1.00397,-0.825284,-0.480083,-0.265579,-0.133767,-0.0411026,0.0401389,0.132624,0.264005,0.477652,0.82123,0.997427,0.834268,0.633814,0.460758,0.321913,0.210858,0.119072,0.038426,-0.038593,-0.119254,-0.211072,-0.322175,-0.461087,-0.634226,-0.834772,-0.998003,-0.821751,-0.478155,-0.264603,-0.13342,-0.0412558,0.0394753,0.131306,0.261694,0.47366,0.814259,0.98595,0.818622,0.613097,0.433252,0.285107,0.161287,0.0520268,-0.0524403,-0.16173,-0.285609,-0.433843,-0.613802,-0.819455,-0.98688,-0.815109,-0.474525,-0.262761,-0.132752,-0.0415232,0.0382566,0.128867,0.257399,0.466225,0.801261,0.964617,0.789627,0.574757,0.382368,0.217031,0.0696629,-0.0716265,-0.219109,-0.384672,-0.577381,-0.792613,-0.967857,-0.804173,-0.469172,-0.260994,-0.133656,-0.0449058,0.0319874,0.118562,0.240687,0.43843,0.753596,0.887078,0.686183,0.441472,0.211087,-0.00318651,-0.211945,-0.425374,-0.643682,-0.831917,-0.829297,-0,-0.340184,-0.795167,-0.805746,-0.712075,-0.608969,-0.522304,-0.45789,-0.415872,-0.395229,-0.395229
0.0518459,0.0518459,0.0520793,0.0522426,0.0517087,0.0495122,0.0444077,0.0351239,0.020987,0.0029403,-0,-0.0517841,-0.109871,-0.180767,-0.272166,-0.394527,-0.563603,-0.805325,-1.16666,-1.74259,-1.96632,-0.643148,-0.303161,-0.147165,-0.0438098,0.0465056,0.150016,0.306412,0.647439,1.97456,1.75528,1.18171,0.823264,0.58532,0.42114,0.305031,0.221561,0.160819,0.116115,0.0827668,0.0574022,0.0375192,0.0211935,0.00686743,-0.00681294,-0.0211363,-0.0374565,-0.0573306,-0.0826825,-0.116013,-0.160694,-0.221406,-0.304837,-0.420899,-0.585019,-0.822892,-1.18126,-1.75475,-1.97409,-0.646947,-0.305738,-0.149115,-0.0453417,0.0452905,0.149058,0.305668,0.646847,1.9739,1.75441,1.1808,0.822281,0.584209,0.419818,0.303389,0.219458,0.158068,0.112469,0.0778961,0.0508604,0.0287026,0.00928144,-0.00925825,-0.0286807,-0.0508413,-0.0778814,-0.112461,-0.158069,-0.219472,-0.303421,-0.419875,-0.584301,-0.822423,-1.18101,-1.75474,-1.97428,-0.646986,-0.305754,-0.149129,-0.0453608,0.0452642,0.149022,0.305622,0.646795,1.9739,1.75408,1.18015,0.821301,0.582821,0.417904,0.300779,0.215918,0.153276,0.105985,0.0691215,0.0389783,0.0125974,-0.0125734,-0.0389567,-0.0691048,-0.105977,-0.153279,-0.215937,-0.300822,-0.41798,-0.582941,-0.821486,-1.18043,-1.75451,-1.97439,-0.646983,-0.305751,-0.149143,-0.0453949,0.0452056,0.148933,0.305492,0.646605,1.97362,1.75325,1.17881,0.819401,0.580211,0.41436,0.29598,0.209427,0.144495,0.0940973,0.0530109,0.0171185,-0.0171058,-0.0530019,-0.0940964,-0.144507,-0.209458,-0.296038,-0.414455,-0.580359,-0.819622,-1.17914,-1.75374,-1.97418,-0.646843,-0.305685,-0.149139,-0.0454502,0.0450862,0.148735,0.305184,0.646108,1.97265,1.75131,1.1761,0.815754,0.575326,0.407799,0.287146,0.197499,0.128356,0.0722184,0.0232969,-0.0233132,-0.0722408,-0.128391,-0.197555,-0.287232,-0.407928,-0.575513,-0.816023,-1.17649,-1.75187,-1.97326,-0.646419,-0.305484,-0.149093,-0.0455389,0.0448573,0.148336,0.304541,0.645029,1.97034,1.74732,1.17085,0.808887,0.566251,0.395691,0.270876,0.17553,0.0985849,0.0317595,-0.0318376,-0.0986734,-0.17564,-0.27102,-0.395886,-0.566515,-0.809246,-1.17134,-1.74799,-1.97104,-0.645469,-0.305035,-0.148966,-0.0456842,0.0444336,0.147575,0.303293,0.642887,1.96557,1.73955,1.16095,0.79612,0.549484,0.373362,0.240859,0.134919,0.0433821,-0.043591,-0.135147,-0.241127,-0.373692,-0.549904,-0.79666,-1.16166,-1.74046,-1.96649,-0.64357,-0.304134,-0.148691,-0.0459277,0.0436633,0.146164,0.300954,0.638824,1.95636,1.72493,1.14257,0.772538,0.518553,0.332125,0.185272,0.0593992,-0.0598961,-0.185807,-0.332738,-0.519289,-0.773444,-1.1437,-1.72634,-1.95773,-0.639964,-0.302425,-0.148153,-0.0463535,0.0422594,0.143567,0.296619,0.631238,1.93898,1.69766,1.10846,0.728821,0.461107,0.255255,0.0810588,-0.0834034,-0.25776,-0.463937,-0.732149,-1.11247,-1.7025,-1.94355,-0.635136,-0.301669,-0.150341,-0.0512947,0.0342503,0.131593,0.278663,0.601792,1.87395,1.5956,0.98231,0.569894,0.25624,-0.013614,-0.276804,-0.566316,-0.921369,-1.40265,-2.1259,-2.44358,-2.3052,-1.65214,-1.239,-0.963831,-0.774576,-0.643448,-0.554875,-0.499899,-0.473535,-0.473535
0.0633904,0.0633904,0.0642576,0.0656247,0.0666852,0.0660675,0.0617303,0.0510945,0.0319047,0.00456224,-0,-0.0502199,-0.107767,-0.179375,-0.272988,-0.400188,-0.580124,-0.848176,-1.27872,-2.05302,-3.32635,-1.85067,-1.04656,-0.54006,-0.163458,0.176131,0.553,1.06009,1.86535,3.3433,2.06941,1.2963,0.868405,0.604307,0.429661,0.309167,0.223787,0.16217,0.117028,0.0834257,0.0578827,0.0378517,0.0213898,0.00693201,-0.00687889,-0.0213337,-0.0377896,-0.0578109,-0.08334,-0.116923,-0.162039,-0.223622,-0.308957,-0.429392,-0.603962,-0.867963,-1.29574,-2.06869,-3.34227,-1.86324,-1.05688,-0.548646,-0.17057,0.170327,0.54839,1.0566,1.86292,3.34187,2.06825,1.29523,0.867317,0.603121,0.428279,0.307471,0.22163,0.159361,0.113316,0.0784776,0.05125,0.0289285,0.00935372,-0.00933722,-0.0289133,-0.0512376,-0.0784697,-0.113315,-0.159369,-0.221651,-0.307511,-0.428345,-0.603225,-0.867477,-1.29547,-2.06866,-3.34254,-1.86336,-1.05696,-0.548718,-0.170661,0.170209,0.548243,1.05643,1.86275,3.34177,2.06785,1.29453,0.866294,0.601691,0.42632,0.30481,0.218029,0.154495,0.106744,0.0695989,0.0392459,0.0126813,-0.0126665,-0.0392334,-0.0695915,-0.106745,-0.154508,-0.218059,-0.304864,-0.426409,-0.601829,-0.866504,-1.29485,-2.06838,-3.34263,-1.86337,-1.05698,-0.548798,-0.17082,0.169956,0.547887,1.05596,1.86217,3.3411,2.06683,1.29308,0.864315,0.599013,0.422705,0.299933,0.211448,0.145609,0.0947338,0.0533464,0.017221,-0.017219,-0.0533483,-0.094744,-0.145632,-0.211491,-0.300005,-0.422817,-0.599183,-0.864569,-1.29347,-2.06744,-3.34209,-1.86299,-1.0568,-0.548835,-0.171081,0.169454,0.547114,1.05487,1.86069,3.33913,2.0645,1.29016,0.860529,0.594014,0.416036,0.290984,0.199392,0.129325,0.0726886,0.023435,-0.0234635,-0.0727235,-0.129373,-0.199463,-0.291086,-0.416185,-0.594229,-0.86084,-1.29062,-2.06519,-3.34024,-1.86182,-1.0562,-0.548758,-0.171508,0.168502,0.545573,1.05262,1.85751,3.33462,2.0597,1.28451,0.853416,0.584755,0.403764,0.27455,0.177246,0.0993519,0.0319752,-0.0320682,-0.0994562,-0.177374,-0.274716,-0.403987,-0.585058,-0.853833,-1.28509,-2.06056,-3.33596,-1.85918,-1.05483,-0.548458,-0.172216,0.166756,0.542658,1.04827,1.85123,3.3255,2.05042,1.27388,0.840228,0.567697,0.381193,0.244296,0.136365,0.043774,-0.0440057,-0.136618,-0.244595,-0.381564,-0.568174,-0.840858,-1.27473,-2.05161,-3.3273,-1.8539,-1.05205,-0.547743,-0.17341,0.163605,0.537296,1.04017,1.83939,3.30805,2.033,1.25419,0.815934,0.536297,0.339568,0.188278,0.0601937,-0.0607357,-0.188865,-0.340248,-0.537128,-0.816986,-1.25556,-2.03486,-3.31081,-1.8439,-1.04676,-0.546306,-0.175501,0.157902,0.527491,1.02523,1.81738,3.27532,2.00062,1.21774,0.770955,0.477985,0.261822,0.0827209,-0.0852865,-0.264588,-0.481168,-0.77481,-1.22261,-2.00702,-3.2846,-1.83302,-1.04818,-0.558691,-0.198692,0.123051,0.478983,0.95939,1.72753,3.14874,1.87533,1.07756,0.599556,0.257594,-0.0307058,-0.315339,-0.641718,-1.07283,-1.73142,-2.92295,-5.35046,-3.8278,-2.26919,-1.5343,-1.12967,-0.882056,-0.722037,-0.618262,-0.555315,-0.525477,-0.525477
0.0740677,0.0740677,0.0759358,0.0793135,0.0833401,0.0863422,0.0853517,0.0756192,0.0509751,0.00781196,-0,-0.0413287,-0.0916013,-0.155979,-0.240224,-0.353112,-0.50853,-0.728536,-1.04701,-1.5046,-2.55579,-2.21347,-1.4164,-0.766229,-0.235093,0.256684,0.788114,1.4388,2.2363,2.57701,1.52254,1.06569,0.749746,0.533843,0.384031,0.27819,0.202251,0.147046,0.106401,0.0760255,0.0528511,0.0346149,0.0195819,0.00634971,-0.00630088,-0.0195302,-0.0345571,-0.0527835,-0.0759437,-0.1063,-0.146918,-0.202086,-0.277976,-0.383751,-0.533475,-0.749261,-1.06504,-1.52169,-2.57564,-2.23276,-1.43329,-0.78064,-0.247174,0.246767,0.780217,1.43283,2.23227,2.57513,1.52124,1.06454,0.748639,0.532678,0.382705,0.276587,0.200229,0.144429,0.102956,0.0714483,0.0467335,0.0264076,0.00854218,-0.00853105,-0.0263977,-0.0467261,-0.0714451,-0.102959,-0.14444,-0.200253,-0.276627,-0.382769,-0.532776,-0.748785,-1.06475,-1.52155,-2.57566,-2.23285,-1.43337,-0.780744,-0.24732,0.246567,0.779961,1.43252,2.23192,2.5747,1.5207,1.06382,0.747653,0.531331,0.380875,0.274112,0.196892,0.139931,0.0968978,0.0632842,0.0357248,0.0115485,-0.0115404,-0.0357189,-0.0632829,-0.096904,-0.139949,-0.196925,-0.274168,-0.380962,-0.531461,-0.747846,-1.0641,-1.52111,-2.57541,-2.23275,-1.43337,-0.780863,-0.247581,0.246148,0.77937,1.43175,2.23096,2.57356,1.51952,1.06237,0.745766,0.528821,0.377515,0.2696,0.190822,0.131759,0.0858827,0.04842,0.015638,-0.0156428,-0.0484285,-0.0858989,-0.131788,-0.19087,-0.269673,-0.377626,-0.528985,-0.746005,-1.06272,-1.52002,-2.57441,-2.23211,-1.43308,-0.780929,-0.248015,0.245323,0.778119,1.43003,2.22872,2.57091,1.51704,1.05951,0.742186,0.524164,0.371348,0.26136,0.179761,0.116864,0.0657761,0.0212181,-0.0212522,-0.0658164,-0.116917,-0.179836,-0.261466,-0.371498,-0.524378,-0.742489,-1.05994,-1.51765,-2.57194,-2.23039,-1.43219,-0.780844,-0.24873,0.243774,0.77566,1.42654,2.22408,2.56542,1.51215,1.05406,0.735512,0.51559,0.360061,0.246313,0.159554,0.089601,0.0288576,-0.0289542,-0.0897089,-0.159686,-0.246482,-0.360287,-0.515897,-0.735933,-1.05464,-1.51296,-2.56677,-2.22665,-1.43018,-0.78046,-0.249926,0.240948,0.771048,1.41987,2.21508,2.55477,1.50289,1.04391,0.723219,0.499881,0.339417,0.218768,0.122469,0.039355,-0.0395878,-0.122724,-0.21907,-0.339795,-0.500371,-0.723869,-1.04479,-1.50408,-2.55674,-2.21931,-1.42614,-0.779516,-0.25195,0.235875,0.76262,1.40756,2.19829,2.53483,1.48575,1.02526,0.700709,0.471134,0.30157,0.168078,0.0538332,-0.0543753,-0.168669,-0.302261,-0.47199,-0.701808,-1.0267,-1.48768,-2.538,-2.20552,-1.41853,-0.777608,-0.255493,0.226732,0.747286,1.38498,2.1673,2.49786,1.45415,0.990937,0.65927,0.418056,0.231327,0.0732895,-0.0758755,-0.234138,-0.421338,-0.663318,-0.996121,-1.46095,-2.50888,-2.19264,-1.42345,-0.799603,-0.294629,0.169258,0.669069,1.2824,2.03684,2.34985,1.32696,0.853042,0.493175,0.205284,-0.0514636,-0.31213,-0.612389,-0.996794,-1.52727,-2.27767,-4.01171,-2.92865,-2.06251,-1.49935,-1.13848,-0.901941,-0.744381,-0.640823,-0.577621,-0.54758,-0.54758
0.082877,0.082877,0.0861044,0.0923534,0.101019,0.11061,0.117715,0.115055,0.0885645,0.0175044,-0,-0.0234935,-0.0613312,-0.112714,-0.178817,-0.263507,-0.372346,-0.510429,-0.676189,-0.843269,-0.964762,-1.00505,-0.750875,-0.442451,-0.138676,0.159614,0.463508,0.771923,1.02534,0.982447,0.860231,0.694152,0.531051,0.397287,0.294428,0.21731,0.159981,0.117363,0.0855049,0.0614239,0.0428814,0.028175,0.0159734,0.00518575,-0.00514416,-0.0159291,-0.028125,-0.0428224,-0.0613516,-0.0854138,-0.117246,-0.159828,-0.217109,-0.29416,-0.396926,-0.530561,-0.693486,-0.859338,-0.981145,-1.02182,-0.766451,-0.456159,-0.15034,0.149959,0.45577,0.766048,1.0214,0.98074,0.858937,0.693043,0.530027,0.396249,0.293277,0.215941,0.158273,0.115168,0.0826325,0.0576258,0.037828,0.0214262,0.00693849,-0.0069315,-0.0214202,-0.0378241,-0.0576253,-0.0826369,-0.11518,-0.158294,-0.215975,-0.293329,-0.396325,-0.530136,-0.693192,-0.859129,-0.980974,-1.02176,-0.766455,-0.456222,-0.150465,0.149767,0.455508,0.765715,1.021,0.980232,0.858396,0.692386,0.52917,0.395103,0.291738,0.213873,0.155495,0.111441,0.0776313,0.0509153,0.0288207,0.00932835,-0.0093247,-0.0288189,-0.0509173,-0.0776395,-0.111458,-0.155525,-0.21392,-0.29181,-0.395208,-0.529319,-0.69259,-0.85866,-0.980563,-1.02154,-0.766391,-0.456302,-0.150694,0.149381,0.454959,0.765,1.02012,0.979181,0.857303,0.691109,0.527556,0.392991,0.288933,0.210128,0.150483,0.104722,0.068618,0.0388129,0.0125539,-0.0125618,-0.0388238,-0.0686355,-0.10475,-0.150526,-0.210193,-0.289029,-0.393128,-0.527749,-0.691373,-0.857647,-0.979626,-1.02096,-0.766129,-0.456362,-0.151085,0.148646,0.453866,0.763542,1.01831,0.977072,0.855145,0.688659,0.524539,0.389109,0.28383,0.203348,0.141428,0.092592,0.052334,0.0169135,-0.0169471,-0.052373,-0.0926422,-0.141497,-0.203444,-0.283964,-0.389296,-0.524798,-0.689012,-0.855609,-0.977695,-1.01965,-0.765464,-0.456352,-0.151746,0.147295,0.451796,0.760734,1.01479,0.973024,0.851043,0.684077,0.518981,0.382031,0.274576,0.191086,0.125057,0.0706403,0.0228082,-0.0228973,-0.0707394,-0.125178,-0.19124,-0.274782,-0.382309,-0.519361,-0.684591,-0.851722,-0.973964,-1.01703,-0.764058,-0.456198,-0.152864,0.144865,0.448001,0.755532,1.00825,0.965499,0.84345,0.675663,0.508854,0.369192,0.257827,0.16889,0.0953876,0.030765,-0.0309767,-0.0956201,-0.169166,-0.258174,-0.369646,-0.50946,-0.676479,-0.844527,-0.967019,-1.01205,-0.761325,-0.455766,-0.154766,0.140562,0.441189,0.746116,0.996319,0.951767,0.829614,0.660383,0.49051,0.345961,0.2275,0.128632,0.0414359,-0.0419301,-0.129173,-0.228139,-0.346761,-0.491551,-0.661765,-0.831431,-0.954348,-1.00294,-0.756272,-0.45488,-0.158093,0.1329,0.428978,0.729145,0.974705,0.926766,0.804431,0.632586,0.457132,0.30364,0.172142,0.0549851,-0.0573671,-0.17475,-0.306727,-0.461002,-0.637608,-0.810966,-0.936015,-0.998355,-0.765396,-0.477694,-0.194968,0.0812071,0.361551,0.645483,0.876179,0.819662,0.697342,0.514474,0.314817,0.121832,-0.0683031,-0.269328,-0.498913,-0.774686,-1.10321,-1.44167,-1.69401,-1.8126,-1.55285,-1.2621,-1.02298,-0.842845,-0.712724,-0.623027,-0.566765,-0.539643,-0.539643
0.0884588,0.0884588,0.0932515,0.102977,0.117774,0.137362,0.159843,0.178323,0.170723,0.0672901,-0,0.00868574,-0.0175159,-0.0547292,-0.0988218,-0.149754,-0.206918,-0.264643,-0.304048,-0.283074,-0.104934,-0.0910831,-0.139604,-0.114025,-0.0367748,0.0569386,0.134379,0.160044,0.110705,0.121059,0.297667,0.319642,0.283017,0.229826,0.179086,0.136642,0.102999,0.0769209,0.0568311,0.0412839,0.0290755,0.0192302,0.0109509,0.00356406,-0.00353239,-0.010917,-0.0191916,-0.0290293,-0.0412265,-0.0567578,-0.0768253,-0.102873,-0.136472,-0.178855,-0.229507,-0.28257,-0.318999,-0.296726,-0.11945,-0.106906,-0.154541,-0.127207,-0.0479863,0.0476406,0.126856,0.154186,0.106556,0.119135,0.296426,0.318671,0.282177,0.229012,0.178213,0.135627,0.101753,0.0753383,0.0547798,0.0385944,0.0255265,0.0145309,0.00471704,-0.00471321,-0.0145277,-0.0255248,-0.038595,-0.0547838,-0.0753469,-0.101768,-0.13565,-0.178247,-0.22906,-0.282242,-0.318753,-0.296517,-0.119225,-0.106749,-0.154474,-0.127225,-0.0480865,0.0474582,0.126589,0.153831,0.106119,0.118659,0.295975,0.318161,0.281537,0.228174,0.1771,0.134144,0.0997765,0.0727041,0.0512717,0.033925,0.0193143,0.0062689,-0.00626791,-0.0193145,-0.0339279,-0.0512789,-0.0727175,-0.0997984,-0.134178,-0.17715,-0.228243,-0.281631,-0.318281,-0.296116,-0.118817,-0.106471,-0.154351,-0.127258,-0.0482755,0.0471125,0.126085,0.153171,0.105322,0.117792,0.29513,0.317207,0.280359,0.226653,0.1751,0.131495,0.0962586,0.0680281,0.0450547,0.0256595,0.00832662,-0.00833448,-0.0256696,-0.0450694,-0.0680501,-0.0962915,-0.131543,-0.175169,-0.226749,-0.28049,-0.31738,-0.295347,-0.118075,-0.105967,-0.154114,-0.127303,-0.0486112,0.0464807,0.125158,0.151966,0.103889,0.116228,0.29356,0.31544,0.278203,0.223903,0.171516,0.126775,0.0900115,0.0597424,0.0340543,0.0110491,-0.0110769,-0.034086,-0.0597825,-0.090065,-0.126848,-0.171617,-0.224043,-0.278395,-0.3157,-0.293906,-0.116735,-0.105056,-0.153663,-0.127355,-0.0491943,0.0453538,0.123494,0.149808,0.101342,0.113436,0.290697,0.31222,0.274307,0.218974,0.165129,0.118396,0.0789496,0.0450945,0.0146323,-0.0147037,-0.0451737,-0.0790454,-0.118518,-0.165292,-0.219195,-0.274609,-0.312638,-0.291273,-0.114337,-0.10343,-0.152831,-0.12741,-0.0501973,0.0433762,0.12056,0.146007,0.0968719,0.108495,0.285555,0.306437,0.267341,0.210206,0.153807,0.103579,0.0594262,0.019294,-0.0194639,-0.0596131,-0.103802,-0.15409,-0.210578,-0.267847,-0.307139,-0.286541,-0.110087,-0.100562,-0.151334,-0.127458,-0.0519108,0.0399498,0.115457,0.139399,0.0891052,0.0998175,0.276415,0.296151,0.254985,0.194699,0.133838,0.0775133,0.0252086,-0.0256082,-0.0779526,-0.134362,-0.195364,-0.255871,-0.297372,-0.278136,-0.102628,-0.0955974,-0.148746,-0.127549,-0.0548976,0.0339823,0.10658,0.127919,0.0756128,0.084555,0.260162,0.277842,0.233034,0.167231,0.0986157,0.0318761,-0.033828,-0.100769,-0.169817,-0.236357,-0.282342,-0.266471,-0.0948729,-0.0993643,-0.162084,-0.150807,-0.0887586,-0.0110126,0.0504452,0.0618035,0.00272886,0.00968272,0.184206,0.192696,0.129787,0.0355308,-0.0742534,-0.197964,-0.33925,-0.499833,-0.669186,-0.807194,-0.860034,-1.07488,-1.0742,-0.97321,-0.84848,-0.733739,-0.640642,-0.571794,-0.526772,-0.504583,-0.504583
0.0892479,0.0892479,0.0954664,0.108527,0.12974,0.161219,0.205974,0.26767,0.348715,0.440935,0.322233,0.127178,0.0655047,0.0283011,0.00134673,-0.0172303,-0.024391,-0.00879153,0.0671673,0.379427,1.87223,0.885252,0.397567,0.162732,0.048663,-0.0294637,-0.142972,-0.376833,-0.863627,-1.85144,-0.365786,-0.0519715,0.0281851,0.0503276,0.0527056,0.0478267,0.0406394,0.033187,0.0262699,0.020134,0.014773,0.0100672,0.0058471,0.00192347,-0.00190014,-0.00582171,-0.0100374,-0.0147362,-0.0200866,-0.0262072,-0.0331027,-0.0405246,-0.0476688,-0.0524859,-0.0500178,-0.0277376,0.0526592,0.36708,1.8554,0.868184,0.3824,0.14986,0.0379607,-0.0382671,-0.150171,-0.382717,-0.8685,-1.85568,-0.367283,-0.052879,0.0274728,0.049685,0.0520586,0.0471148,0.0398034,0.0321627,0.0249837,0.0184976,0.0126797,0.0073873,0.00242462,-0.00242626,-0.0073893,-0.0126825,-0.0185016,-0.0249893,-0.0321705,-0.0398139,-0.0471288,-0.0520765,-0.0497068,-0.0274971,0.0528586,0.367294,1.85586,0.868457,0.382535,0.149883,0.0378858,-0.0384368,-0.150441,-0.383098,-0.86901,-1.85633,-0.367649,-0.0532443,0.0270341,0.0491276,0.0513369,0.046175,0.0385794,0.0305723,0.0229242,0.0158425,0.00927522,0.0030505,-0.00305543,-0.00928085,-0.0158496,-0.0229335,-0.0305848,-0.0385961,-0.0461971,-0.0513656,-0.0491638,-0.0270773,0.0531987,0.367624,1.85643,0.868827,0.382716,0.149895,0.0377381,-0.0387407,-0.150903,-0.383723,-0.869791,-1.85722,-0.368239,-0.0538727,0.0262717,0.0481628,0.0500969,0.044574,0.0365127,0.0279122,0.0195161,0.0115032,0.00379333,-0.0038054,-0.0115166,-0.0195323,-0.0279327,-0.0365395,-0.0446093,-0.0501435,-0.0482235,-0.0263496,0.0537752,0.36812,1.85704,0.869282,0.382943,0.149874,0.0374629,-0.0392701,-0.15168,-0.384725,-0.870946,-1.85833,-0.369176,-0.0549427,0.0249615,0.0465134,0.0479964,0.0418899,0.0330878,0.023561,0.0140263,0.00464238,-0.00467008,-0.0140568,-0.0235972,-0.0331333,-0.041949,-0.0480745,-0.0466176,-0.0251017,0.0547496,0.368876,1.85759,0.869826,0.383224,0.149788,0.0369698,-0.0401792,-0.152981,-0.386337,-0.872669,-1.85966,-0.370674,-0.0567478,0.0227434,0.043743,0.0445086,0.0374937,0.0275663,0.0166792,0.0055505,-0.00561387,-0.0167488,-0.027649,-0.0375977,-0.0446447,-0.0439255,-0.0229944,0.0563855,0.370053,1.85793,0.870474,0.383575,0.149587,0.0361082,-0.0417228,-0.155146,-0.388935,-0.87526,-1.86122,-0.373071,-0.059753,0.0190605,0.039198,0.038878,0.0305346,0.019039,0.00639274,-0.00653985,-0.0192009,-0.0307278,-0.0391231,-0.0395229,-0.0195085,0.0590951,0.3719,1.85781,0.871225,0.384009,0.149178,0.0346317,-0.0443087,-0.158709,-0.393083,-0.879115,-1.86281,-0.376868,-0.0646544,0.013109,0.0319903,0.0301705,0.0201264,0.00687624,-0.00722378,-0.0205101,-0.0306318,-0.0325828,-0.0139139,0.0634743,0.374745,1.85654,0.87192,0.384435,0.148327,0.0320696,-0.0486533,-0.164559,-0.399661,-0.884728,-1.86382,-0.382807,-0.0725139,0.00372914,0.0209751,0.0174509,0.00596154,-0.00768846,-0.0193678,-0.0233062,-0.00679452,0.0680926,0.374897,1.84041,0.857855,0.367232,0.125309,0.00175335,-0.0869441,-0.210561,-0.451443,-0.93675,-1.90157,-0.42511,-0.124483,-0.0615608,-0.0627146,-0.0910134,-0.134887,-0.189106,-0.24785,-0.297432,-0.296828,-0.14674,-0.552702,-0.695843,-0.708068,-0.663993,-0.602988,-0.544312,-0.496736,-0.463945,-0.447334,-0.447334
0.0838184,0.0838184,0.0908395,0.105924,0.131439,0.171801,0.235163,0.337669,0.515532,0.863955,1.22162,0.713973,0.453924,0.313627,0.24915,0.250571,0.32889,0.518831,0.897658,1.63991,2.76946,1.36229,0.681888,0.318721,0.0981589,-0.0804841,-0.299972,-0.660776,-1.33695,-2.7366,-1.59781,-0.841638,-0.442004,-0.221536,-0.0984996,-0.0310191,0.00414125,0.0204805,0.0260025,0.0254651,0.0216634,0.0161976,0.00994649,0.00336951,-0.00329131,-0.00986077,-0.016096,-0.0215358,-0.0252984,-0.025779,-0.0201759,-0.00372161,0.0316021,0.0993155,0.222688,0.443651,0.844047,1.60148,2.74213,1.34184,0.666096,0.306286,0.0882361,-0.0884988,-0.306557,-0.666382,-1.34215,-2.74249,-1.60192,-0.844594,-0.444335,-0.223553,-0.100415,-0.0330036,0.00193848,0.0179175,0.0229391,0.0217628,0.0171929,0.0108571,0.00369759,-0.00369995,-0.0108601,-0.0171971,-0.0217688,-0.0229473,-0.0179281,-0.00195123,0.0329899,0.100404,0.223548,0.444349,0.844647,1.60206,2.74276,1.34219,0.666272,0.306338,0.0881833,-0.0886507,-0.306816,-0.666774,-1.34273,-2.74336,-1.60281,-0.845574,-0.445504,-0.224997,-0.102225,-0.0352805,-0.000916341,0.0143674,0.0185796,0.0165032,0.0110028,0.00383023,-0.0038406,-0.0110145,-0.0165175,-0.0185976,-0.0143903,0.0008878,0.0352463,0.102187,0.224958,0.445474,0.845571,1.60287,2.74353,1.34263,0.666494,0.306384,0.0880737,-0.0889105,-0.307233,-0.667368,-1.34354,-2.74448,-1.6041,-0.847113,-0.447385,-0.227327,-0.10512,-0.0388597,-0.00529717,0.0090922,0.012378,0.00946784,0.00345829,-0.00348912,-0.0095017,-0.012418,-0.00914167,0.00523468,0.0387805,0.10502,0.227203,0.447236,0.846939,1.60391,2.74427,1.34311,0.666731,0.306391,0.0878596,-0.0893438,-0.307885,-0.668238,-1.34462,-2.74575,-1.6059,-0.849444,-0.450315,-0.230951,-0.109545,-0.0441736,-0.0115307,0.00203136,0.00481389,0.00213368,-0.00221411,-0.004902,-0.0021354,0.0114013,0.0440076,0.109328,0.230666,0.449936,0.848935,1.60519,2.74477,1.34355,0.666944,0.306314,0.0874647,-0.0900594,-0.308903,-0.669504,-1.34602,-2.74701,-1.60831,-0.852874,-0.454693,-0.236283,-0.115821,-0.0512837,-0.0191411,-0.00534261,-0.00089188,0.000691562,0.00512243,0.0188792,0.0509541,0.115391,0.235707,0.453906,0.851772,1.6067,2.74466,1.34382,0.66707,0.306073,0.0867662,-0.0912295,-0.310486,-0.67134,-1.34776,-2.74787,-1.61137,-0.857643,-0.460763,-0.243353,-0.123467,-0.0587212,-0.0249182,-0.00685722,0.00636747,0.0243777,0.0580736,0.122642,0.24226,0.459265,0.855524,1.60822,2.74322,1.34365,0.666967,0.305528,0.0855686,-0.0931076,-0.3129,-0.673908,-1.34967,-2.74732,-1.61463,-0.863464,-0.467897,-0.250637,-0.129262,-0.0603388,-0.0178123,0.0166218,0.0590206,0.127672,0.248592,0.465138,0.859578,1.60885,2.73877,1.3423,0.66624,0.304351,0.0835027,-0.0961059,-0.316502,-0.677276,-1.35105,-2.74289,-1.61643,-0.868573,-0.47312,-0.252607,-0.123166,-0.0384917,0.032448,0.116446,0.244429,0.462447,0.853805,1.59466,2.71075,1.32314,0.647849,0.283056,0.0574074,-0.127956,-0.354303,-0.720264,-1.39672,-2.78463,-1.69625,-0.985522,-0.629516,-0.455232,-0.381617,-0.364025,-0.371585,-0.375209,-0.337648,-0.199851,0.0584933,-0.293343,-0.448405,-0.499225,-0.496438,-0.469908,-0.436882,-0.406891,-0.38494,-0.373473,-0.373473
0.0713679,0.0713679,0.0781488,0.0928916,0.118293,0.159381,0.225209,0.332309,0.511789,0.822987,1.3714,1.00174,0.6944,0.504967,0.417722,0.428936,0.55401,0.829179,1.30527,1.95069,1.70607,1.11255,0.648977,0.332104,0.105736,-0.0906591,-0.315657,-0.629352,-1.08678,-1.66843,-1.88853,-1.21907,-0.709662,-0.386385,-0.191406,-0.0781987,-0.0157228,0.0158942,0.0291393,0.0317317,0.0283515,0.0217654,0.0135607,0.0046279,-0.00450616,-0.0134273,-0.0216076,-0.0281534,-0.031473,-0.0287927,-0.0154222,0.0163726,0.0791,0.192662,0.388144,0.712132,1.22252,1.89316,1.67273,1.09094,0.633857,0.320954,0.097196,-0.0974071,-0.321175,-0.634103,-1.09124,-1.67313,-1.89378,-1.22332,-0.713141,-0.389423,-0.194287,-0.0811658,-0.0189921,0.0121192,0.0246628,0.0263692,0.0219449,0.014217,0.00489598,-0.00489544,-0.0142173,-0.0219468,-0.0263736,-0.02467,-0.0121292,0.01898,0.0811538,0.19428,0.389428,0.713174,1.2234,1.89393,1.67325,1.09126,0.634028,0.321012,0.0971605,-0.0975329,-0.321401,-0.634454,-1.09176,-1.67391,-1.89498,-1.22475,-0.714869,-0.391557,-0.196953,-0.084502,-0.0231491,0.0069895,0.0184259,0.0189443,0.0133699,0.00475855,-0.00476855,-0.0133817,-0.0189597,-0.0184464,-0.00701654,0.0231148,0.084461,0.196907,0.391513,0.71484,1.22476,1.89504,1.67395,1.09168,0.634245,0.321072,0.0970835,-0.0977417,-0.321752,-0.634977,-1.09252,-1.67504,-1.89677,-1.22698,-0.717625,-0.394966,-0.201167,-0.0896748,-0.0294183,-0.000459388,0.00983306,0.00947251,0.00369528,-0.00373547,-0.00951708,-0.00988651,0.000392331,0.0293326,0.0895655,0.201029,0.394796,0.71742,1.22675,1.89651,1.67478,1.09216,0.634478,0.321102,0.0969277,-0.0980793,-0.322279,-0.635719,-1.09355,-1.67653,-1.89929,-1.23034,-0.721859,-0.400187,-0.207491,-0.0971755,-0.0380558,-0.0099678,0.000129428,0.000955783,-0.0010715,-0.000256626,0.00981682,0.037867,0.0969324,0.207173,0.399769,0.721309,1.22962,1.89839,1.67569,1.09265,0.634689,0.321058,0.0966347,-0.0986202,-0.323066,-0.63676,-1.09489,-1.67842,-1.90274,-1.2352,-0.728051,-0.407673,-0.216166,-0.106742,-0.0478196,-0.0185402,-0.00468725,0.00438729,0.0182101,0.0474263,0.106246,0.215519,0.406811,0.72689,1.23363,1.9007,1.67656,1.09307,0.63481,0.320869,0.0961132,-0.0994756,-0.324228,-0.638182,-1.09656,-1.68063,-1.90713,-1.24175,-0.736309,-0.417098,-0.225929,-0.115378,-0.0527279,-0.0152148,0.0144693,0.0519051,0.114392,0.224677,0.415447,0.734085,1.23873,1.90318,1.67704,1.09318,0.634682,0.3204,0.0952219,-0.10079,-0.325875,-0.639981,-1.09833,-1.68256,-1.91179,-1.2492,-0.745123,-0.42536,-0.230773,-0.112159,-0.0337911,0.0319676,0.110142,0.228346,0.42226,0.741012,1.24366,1.90454,1.67603,1.09229,0.63387,0.319334,0.0936962,-0.102771,-0.328068,-0.641893,-1.0993,-1.6824,-1.91411,-1.25413,-0.748829,-0.422458,-0.213252,-0.0674408,0.0581627,0.202961,0.410022,0.732874,1.23299,1.88668,1.65763,1.07612,0.617963,0.30166,0.0727755,-0.127983,-0.358433,-0.678589,-1.14523,-1.74702,-2.0315,-1.42504,-0.978082,-0.71961,-0.591461,-0.54215,-0.529183,-0.512114,-0.447178,-0.296682,-0.156202,-0.230757,-0.30521,-0.343988,-0.352627,-0.343324,-0.326417,-0.309007,-0.295449,-0.288146,-0.288146
0.0521364,0.0521364,0.0574962,0.0692005,0.0894592,0.122223,0.173983,0.254571,0.376328,0.544805,0.715299,0.625526,0.487092,0.381575,0.33182,0.346747,0.435522,0.606472,0.847987,1.06873,0.99156,0.732873,0.469364,0.254982,0.0833403,-0.0722315,-0.242644,-0.454193,-0.712403,-0.961832,-1.02405,-0.784731,-0.517822,-0.310804,-0.170459,-0.0823083,-0.0303242,-0.00188292,0.0118538,0.016715,0.0163973,0.0131728,0.00840321,0.00290093,-0.00281255,-0.00830626,-0.0130578,-0.0162526,-0.0165256,-0.0115995,0.00222959,0.0308013,0.0829683,0.171373,0.312065,0.519539,0.786997,1.02682,0.964692,0.715348,0.457436,0.246475,0.0770015,-0.0771505,-0.246633,-0.457617,-0.715572,-0.964992,-1.02725,-0.787548,-0.520243,-0.31296,-0.172508,-0.0844065,-0.032616,-0.00450339,0.00877932,0.0130764,0.0121149,0.00822698,0.00288761,-0.00288769,-0.00822759,-0.0121165,-0.0130795,-0.00878391,0.00449743,0.0326095,0.0844013,0.172507,0.312969,0.52027,0.7876,1.02732,0.965048,0.715579,0.457566,0.246523,0.0769794,-0.0772409,-0.246799,-0.457878,-0.71596,-0.965555,-1.02803,-0.788527,-0.521445,-0.314446,-0.174357,-0.0867059,-0.0354572,-0.00797213,0.00462058,0.00822059,0.00666469,0.00248569,-0.00249331,-0.00667347,-0.00823162,-0.00463482,0.00795399,0.035435,0.0866804,0.17433,0.314422,0.52143,0.788527,1.02804,0.965546,0.715891,0.457734,0.246575,0.0769304,-0.0773882,-0.247054,-0.458266,-0.716528,-0.966381,-1.02921,-0.790047,-0.523341,-0.31679,-0.177235,-0.0902041,-0.0396385,-0.012845,-0.000842437,0.00246969,0.00127647,-0.00130574,-0.00250193,0.000804194,0.0127976,0.0395787,0.0901288,0.177141,0.316676,0.523205,0.789889,1.02903,0.96618,0.716267,0.457921,0.246609,0.076829,-0.0776223,-0.247431,-0.458815,-0.717313,-0.967527,-1.03091,-0.792312,-0.526205,-0.320305,-0.181445,-0.0951075,-0.0451297,-0.0186201,-0.00625051,-0.00133796,0.00125401,0.00615846,0.0185112,0.0449943,0.0949342,0.18122,0.320013,0.52583,0.791842,1.03036,0.966948,0.716687,0.458101,0.246595,0.0766364,-0.0779901,-0.247982,-0.459577,-0.718365,-0.969055,-1.03326,-0.795533,-0.530276,-0.325162,-0.186939,-0.100909,-0.050572,-0.0224632,-0.00630795,0.00608974,0.0222233,0.0502868,0.100551,0.186475,0.324553,0.529478,0.794512,1.03204,0.967816,0.717103,0.458227,0.24648,0.076293,-0.0785578,-0.248769,-0.460595,-0.71969,-0.970944,-1.03625,-0.79971,-0.535405,-0.3308,-0.192336,-0.104769,-0.0506804,-0.0151082,0.0145644,0.0500809,0.104053,0.191433,0.329626,0.533869,0.797743,1.0339,0.968586,0.717356,0.458179,0.246167,0.0757095,-0.0794008,-0.249829,-0.461817,-0.721093,-0.972804,-1.03932,-0.803975,-0.540022,-0.334287,-0.192323,-0.0974486,-0.0299548,0.0286235,0.0959794,0.190566,0.332077,0.537179,0.800362,1.03503,0.968537,0.716943,0.457618,0.245419,0.0747187,-0.0806053,-0.251105,-0.462933,-0.72184,-0.973309,-1.04044,-0.805252,-0.539068,-0.327046,-0.172529,-0.0554824,0.0487147,0.165062,0.318148,0.527985,0.791403,1.02409,0.956985,0.705741,0.446222,0.232846,0.060017,-0.0983176,-0.272855,-0.490428,-0.758597,-1.02672,-1.12351,-0.9235,-0.697477,-0.532249,-0.433048,-0.381369,-0.353736,-0.326704,-0.280486,-0.21054,-0.155864,-0.168273,-0.197692,-0.218888,-0.226758,-0.224342,-0.216457,-0.20727,-0.199703,-0.195516,-0.195516
0.0275452,0.0275452,0.0304991,0.036955,0.0481205,0.0660678,0.0939281,0.135662,0.194149,0.264605,0.319468,0.297966,0.24687,0.202421,0.181238,0.190711,0.234858,0.3132,0.41147,0.484692,0.458567,0.358016,0.240625,0.135121,0.0448745,-0.038963,-0.128495,-0.232373,-0.346804,-0.442439,-0.461119,-0.377985,-0.26609,-0.168552,-0.0973157,-0.0502517,-0.0213829,-0.00495547,0.00344389,0.00687722,0.00734996,0.0061253,0.00397842,0.00138516,-0.0013387,-0.00392742,-0.0060647,-0.00727361,-0.00677717,-0.00330949,0.00513874,0.0216349,0.0505994,0.0977943,0.169205,0.266961,0.379101,0.462448,0.443865,0.34832,0.234066,0.130507,0.0414862,-0.0415635,-0.13059,-0.234161,-0.348439,-0.444024,-0.462663,-0.379384,-0.267323,-0.169665,-0.0983773,-0.0513365,-0.0225621,-0.00629603,0.0018814,0.00504231,0.00521141,0.00368839,0.00131517,-0.00131533,-0.0036888,-0.0052123,-0.00504384,-0.00188361,0.0062933,0.0225594,0.0513348,0.0983783,0.169671,0.267337,0.379408,0.462693,0.444045,0.34844,0.234135,0.130533,0.0414755,-0.0416107,-0.130677,-0.2343,-0.348643,-0.444313,-0.463056,-0.37988,-0.267938,-0.170427,-0.0993229,-0.0525076,-0.0240015,-0.00804142,-0.000192013,0.00265279,0.00258258,0.00101284,-0.00101693,-0.00258723,-0.00265852,0.000184753,0.00803235,0.0239907,0.0524953,0.0993104,0.170416,0.267931,0.379878,0.463056,0.444302,0.348604,0.234225,0.130563,0.0414515,-0.0416871,-0.130812,-0.234506,-0.348945,-0.444744,-0.463652,-0.38065,-0.268903,-0.171618,-0.10078,-0.0542677,-0.0260865,-0.0104397,-0.00282749,-2.77853e-05,0.00024666,-0.000262045,1.09034e-05,0.00280759,0.0104153,0.0260558,0.0542294,0.100733,0.171561,0.268834,0.380571,0.463561,0.444637,0.348808,0.234328,0.130585,0.0414015,-0.0418075,-0.131009,-0.234798,-0.349366,-0.445352,-0.464514,-0.381793,-0.270345,-0.173382,-0.102877,-0.0566799,-0.0287355,-0.0131322,-0.00517346,-0.0013111,0.00126703,0.00512521,0.0130753,0.0286649,0.0565899,0.102761,0.173232,0.270156,0.38156,0.464244,0.445059,0.349045,0.234432,0.130583,0.0413063,-0.0419946,-0.131295,-0.235202,-0.349935,-0.446175,-0.465708,-0.3834,-0.272359,-0.17576,-0.10552,-0.0593813,-0.0310965,-0.0144327,-0.00417108,0.00405632,0.0143066,0.0309469,0.0591941,0.105279,0.175447,0.271956,0.382898,0.465124,0.445558,0.349294,0.234513,0.130533,0.0411365,-0.0422795,-0.131697,-0.235737,-0.350659,-0.447206,-0.467223,-0.385433,-0.2748,-0.178361,-0.107845,-0.0606826,-0.0301163,-0.00910218,0.00881579,0.0298009,0.060307,0.107374,0.177756,0.274023,0.384467,0.466103,0.446041,0.349477,0.234509,0.130381,0.0408494,-0.0426933,-0.132222,-0.236366,-0.351424,-0.448239,-0.468729,-0.387352,-0.276704,-0.179443,-0.106781,-0.0553581,-0.0172028,0.0165017,0.0545861,0.105863,0.178301,0.275265,0.385579,0.466688,0.446139,0.34933,0.234238,0.130006,0.0403651,-0.0432639,-0.132815,-0.236893,-0.351822,-0.448556,-0.469092,-0.387372,-0.275142,-0.174131,-0.0943335,-0.030675,0.0271162,0.090425,0.169522,0.269514,0.380549,0.461278,0.440475,0.343638,0.228337,0.123487,0.0327636,-0.0524494,-0.144244,-0.25167,-0.372007,-0.47776,-0.51231,-0.447972,-0.356077,-0.27886,-0.227113,-0.196543,-0.17769,-0.160479,-0.137523,-0.109126,-0.088442,-0.0887777,-0.0983961,-0.107115,-0.111176,-0.110829,-0.1078,-0.103912,-0.100578,-0.098698,-0.098698
4.44089e-16,4.44089e-16,2.22045e-16,4.44089e-16,7.77156e-16,8.88178e-16,8.88178e-16,7.77156e-16,1.33227e-15,6.21725e-15,1.11022e-14,1.11022e-14,1.82077e-14,2.39808e-14,2.93099e-14,4.79616e-14,4.70735e-14,5.50671e-14,6.03961e-14,5.86198e-14,6.03961e-14,7.28306e-14,8.52651e-14,8.88178e-14,1.10134e-13,1.3145e-13,1.52767e-13,1.63425e-13,2.06057e-13,2.20268e-13,2.41585e-13,2.84217e-13,3.2685e-13,3.2685e-13,2.98428e-13,3.41061e-13,3.69482e-13,3.2685e-13,3.33955e-13,3.62377e-13,3.69482e-13,3.97904e-13,3.69482e-13,4.1922e-13,4.54747e-13,4.68958e-13,4.90274e-13,4.61853e-13,4.33431e-13,4.05009e-13,4.54747e-13,4.68958e-13,5.25802e-13,4.83169e-13,4.9738e-13,4.68958e-13,5.11591e-13,5.11591e-13,4.40536e-13,4.40536e-13,3.69482e-13,3.97904e-13,4.12115e-13,3.55271e-13,4.83169e-13,4.83169e-13,5.68434e-13,6.11067e-13,6.53699e-13,7.10543e-13,8.10019e-13,9.09495e-13,8.10019e-13,7.81597e-13,8.3844e-13,8.66862e-13,8.10019e-13,8.81073e-13,9.09495e-13,8.10019e-13,7.81597e-13,8.3844e-13,9.37916e-13,8.66862e-13,8.3844e-13,8.3844e-13,8.66862e-13,8.2423e-13,8.3844e-13,8.66862e-13,8.95284e-13,8.95284e-13,8.52651e-13,8.81073e-13,7.38964e-13,6.82121e-13,7.67386e-13,7.95808e-13,7.95808e-13,6.53699e-13,6.25278e-13,7.38964e-13,7.38964e-13,1.02318e-12,1.02318e-12,1.16529e-12,1.19371e-12,1.13687e-12,1.25056e-12,1.33582e-12,1.16529e-12,1.27898e-12,1.19371e-12,1.25056e-12,1.39266e-12,1.25056e-12,1.25056e-12,1.33582e-12,1.47793e-12,1.44951e-12,1.22213e-12,1.33582e-12,1.42109e-12,1.42109e-12,1.33582e-12,1.39266e-12,1.27898e-12,1.44951e-12,1.08002e-12,1.10845e-12,1.16529e-12,9.66338e-13,7.95808e-13,9.66338e-13,9.66338e-13,1.02318e-12,1.08002e-12,1.22213e-12,1.27898e-12,1.59162e-12,1.53477e-12,1.53477e-12,1.7053e-12,1.47793e-12,1.39266e-12,1.53477e-12,1.44951e-12,1.67688e-12,1.64846e-12,1.53477e-12,1.62004e-12,1.64846e-12,1.39266e-12,1.7053e-12,1.56319e-12,1.36424e-12,1.42109e-12,1.50635e-12,1.3074e-12,1.3074e-12,1.16529e-12,9.9476e-13,9.9476e-13,1.13687e-12,1.19371e-12,1.13687e-12,1.13687e-12,1.56319e-12,1.47793e-12,1.93268e-12,2.04636e-12,1.98952e-12,2.21689e-12,2.27374e-12,2.16005e-12,1.87583e-12,1.81899e-12,2.10321e-12,2.38742e-12,2.16005e-12,1.76215e-12,1.98952e-12,1.98952e-12,1.93268e-12,1.76215e-12,1.59162e-12,1.81899e-12,1.98952e-12,1.93268e-12,1.7053e-12,1.81899e-12,1.64846e-12,1.36424e-12,1.42109e-12,1.59162e-12,1.36424e-12,1.36424e-12,1.42109e-12,1.3074e-12,1.87583e-12,2.27374e-12,2.04636e-12,2.04636e-12,2.10321e-12,1.93268e-12,1.93268e-12,2.16005e-12,2.27374e-12,2.33058e-12,2.44427e-12,2.04636e-12,2.72848e-12,2.44427e-12,2.78533e-12,2.50111e-12,2.38742e-12,2.27374e-12,2.10321e-12,1.93268e-12,2.16005e-12,2.04636e-12,1.93268e-12,1.59162e-12,1.47793e-12,1.59162e-12,1.81899e-12,1.98952e-12,2.04636e-12,2.38742e-12,2.38742e-12,2.6148e-12,1.87583e-12,2.16005e-12,2.04636e-12,2.44427e-12,2.44427e-12,2.6148e-12,2.55795e-12,2.55795e-12,2.44427e-12,2.72848e-12,2.55795e-12,2.33058e-12,2.10321e-12,2.27374e-12,2.10321e-12,2.10321e-12,2.04636e-12,2.10321e-12,2.16005e-12,2.04636e-12,2.04636e-12,2.50111e-12,2.50111e-12,2.44427e-12,2.38742e-12,2.67164e-12,2.84217e-12,2.50111e-12,3.06954e-12,2.78533e-12,2.84217e-12,3.06954e-12,3.06954e-12,2.72848e-12,2.78533e-12,2.72848e-12,2.44427e-12,1.98952e-12,2.27374e-12,1.87583e-12,1.76215e-12,2.16005e-12,1.81899e-12,1.7053e-12,2.44427e-12,2.33058e-12,2.04636e-12,2.55795e-12,2.38742e-12,2.55795e-12,2.50111e-12,2.78533e-12,2.72848e-12,2.44427e-12,1.98952e-12,2.50111e-12,2.27374e-12,2.50111e-12,2.38742e-12,2.04636e-12,1.76215e-12,1.42109e-12,1.53477e-12,1.53477e-12,1.08002e-12,1.76215e-12,1.47793e-12,1.02318e-12,8.52651e-13,9.09495e-13,1.02318e-12,1.25056e-12,8.52651e-13,1.13687e-12,9.09495e-13,8.52651e-13,9.66338e-13,9.09495e-13,9.66338e-13,1.7053e-13,4.54747e-13,5.68434e-14,-1.13687e-13,-1.13687e-13,-5.68434e-14,-1.13687e-13,-1.13687e-13,5.68434e-14,-0,-0
-0.0275452,-0.0275452,-0.0304991,-0.036955,-0.0481205,-0.0660678,-0.0939281,-0.135662,-0.194149,-0.264605,-0.319468,-0.297966,-0.24687,-0.202421,-0.181238,-0.190711,-0.234858,-0.3132,-0.41147,-0.484692,-0.458567,-0.358016,-0.240625,-0.135121,-0.0448745,0.038963,0.128495,0.232373,0.346804,0.442439,0.461119,0.377985,0.26609,0.168552,0.0973157,0.0502517,0.0213829,0.00495547,-0.00344389,-0.00687722,-0.00734996,-0.0061253,-0.00397842,-0.00138516,0.0013387,0.00392742,0.0060647,0.00727361,0.00677717,0.00330949,-0.00513874,-0.0216349,-0.0505994,-0.0977943,-0.169205,-0.266961,-0.379101,-0.462448,-0.443865,-0.34832,-0.234066,-0.130507,-0.0414862,0.0415635,0.13059,0.234161,0.348439,0.444024,0.462663,0.379384,0.267323,0.169665,0.0983773,0.0513365,0.0225621,0.00629603,-0.0018814,-0.00504231,-0.00521141,-0.00368839,-0.00131517,0.00131533,0.0036888,0.0052123,0.00504384,0.00188361,-0.0062933,-0.0225594,-0.0513348,-0.0983783,-0.169671,-0.267337,-0.379408,-0.462693,-0.444045,-0.34844,-0.234135,-0.130533,-0.0414755,0.0416107,0.130677,0.2343,0.348643,0.444313,0.463056,0.37988,0.267938,0.170427,0.0993229,0.0525076,0.0240015,0.00804142,0.000192013,-0.00265279,-0.00258258,-0.00101284,0.00101693,0.00258723,0.00265852,-0.000184753,-0.00803235,-0.0239907,-0.0524953,-0.0993104,-0.170416,-0.267931,-0.379878,-0.463056,-0.444302,-0.348604,-0.234225,-0.130563,-0.0414515,0.0416871,0.130812,0.234506,0.348945,0.444744,0.463652,0.38065,0.268903,0.171618,0.10078,0.0542677,0.0260865,0.0104397,0.00282749,2.77853e-05,-0.00024666,0.000262045,-1.09034e-05,-0.00280759,-0.0104153,-0.0260558,-0.0542294,-0.100733,-0.171561,-0.268834,-0.380571,-0.463561,-0.444637,-0.348808,-0.234328,-0.130585,-0.0414015,0.0418075,0.131009,0.234798,0.349366,0.445352,0.464514,0.381793,0.270345,0.173382,0.102877,0.0566799,0.0287355,0.0131322,0.00517346,0.0013111,-0.00126703,-0.00512521,-0.0130753,-0.0286649,-0.0565899,-0.102761,-0.173232,-0.270156,-0.38156,-0.464244,-0.445059,-0.349045,-0.234432,-0.130583,-0.0413063,0.0419946,0.131295,0.235202,0.349935,0.446175,0.465708,0.3834,0.272359,0.17576,0.10552,0.0593813,0.0310965,0.0144327,0.00417108,-0.00405632,-0.0143066,-0.0309469,-0.0591941,-0.105279,-0.175447,-0.271956,-0.382898,-0.465124,-0.445558,-0.349294,-0.234513,-0.130533,-0.0411365,0.0422795,0.131697,0.235737,0.350659,0.447206,0.467223,0.385433,0.2748,0.178361,0.107845,0.0606826,0.0301163,0.00910218,-0.00881579,-0.0298009,-0.060307,-0.107374,-0.177756,-0.274023,-0.384467,-0.466103,-0.446041,-0.349477,-0.234509,-0.130381,-0.0408494,0.0426933,0.132222,0.236366,0.351424,0.448239,0.468729,0.387352,0.276704,0.179443,0.106781,0.0553581,0.0172028,-0.0165017,-0.0545861,-0.105863,-0.178301,-0.275265,-0.385579,-0.466688,-0.446139,-0.34933,-0.234238,-0.130006,-0.0403651,0.0432639,0.132815,0.236893,0.351822,0.448556,0.469092,0.387372,0.275142,0.174131,0.0943335,0.030675,-0.0271162,-0.090425,-0.169522,-0.269514,-0.380549,-0.461278,-0.440475,-0.343638,-0.228337,-0.123487,-0.0327636,0.0524494,0.144244,0.25167,0.372007,0.47776,0.51231,0.447972,0.356077,0.27886,0.227113,0.196543,0.17769,0.160479,0.137523,0.109126,0.088442,0.0887777,0.0983961,0.107115,0.111176,0.110829,0.1078,0.103912,0.100578,0.098698,0.098698
-0.0521364,-0.0521364,-0.0574962,-0.0692005,-0.0894592,-0.122223,-0.173983,-0.254571,-0.376328,-0.544805,-0.715299,-0.625526,-0.487092,-0.381575,-0.33182,-0.346747,-0.435522,-0.606472,-0.847987,-1.06873,-0.99156,-0.732873,-0.469364,-0.254982,-0.0833403,0.0722315,0.242644,0.454193,0.712403,0.961832,1.02405,0.784731,0.517822,0.310804,0.170459,0.0823083,0.0303242,0.00188292,-0.0118538,-0.016715,-0.0163973,-0.0131728,-0.00840321,-0.00290093,0.00281255,0.00830626,0.0130578,0.0162526,0.0165256,0.0115995,-0.00222959,-0.0308013,-0.0829683,-0.171373,-0.312065,-0.519539,-0.786997,-1.02682,-0.964692,-0.715348,-0.457436,-0.246475,-0.0770015,0.0771505,0.246633,0.457617,0.715572,0.964992,1.02725,0.787548,0.520243,0.31296,0.172508,0.0844065,0.032616,0.00450339,-0.00877932,-0.0130764,-0.0121149,-0.00822698,-0.00288761,0.00288769,0.00822759,0.0121165,0.0130795,0.00878391,-0.00449743,-0.0326095,-0.0844013,-0.172507,-0.312969,-0.52027,-0.7876,-1.02732,-0.965048,-0.715579,-0.457566,-0.246523,-0.0769794,0.0772409,0.246799,0.457878,0.71596,0.965555,1.02803,0.788527,0.521445,0.314446,0.174357,0.0867059,0.0354572,0.00797213,-0.00462058,-0.00822059,-0.00666469,-0.00248569,0.00249331,0.00667347,0.00823162,0.00463482,-0.00795399,-0.035435,-0.0866804,-0.17433,-0.314422,-0.52143,-0.788527,-1.02804,-0.965546,-0.715891,-0.457734,-0.246575,-0.0769304,0.0773882,0.247054,0.458266,0.716528,0.966381,1.02921,0.790047,0.523341,0.31679,0.177235,0.0902041,0.0396385,0.012845,0.000842437,-0.00246969,-0.00127647,0.00130574,0.00250193,-0.000804194,-0.0127976,-0.0395787,-0.0901288,-0.177141,-0.316676,-0.523205,-0.789889,-1.02903,-0.96618,-0.716267,-0.457921,-0.246609,-0.076829,0.0776223,0.247431,0.458815,0.717313,0.967527,1.03091,0.792312,0.526205,0.320305,0.181445,0.0951075,0.0451297,0.0186201,0.00625051,0.00133796,-0.00125401,-0.00615846,-0.0185112,-0.0449943,-0.0949342,-0.18122,-0.320013,-0.52583,-0.791842,-1.03036,-0.966948,-0.716687,-0.458101,-0.246595,-0.0766364,0.0779901,0.247982,0.459577,0.718365,0.969055,1.03326,0.795533,0.530276,0.325162,0.186939,0.100909,0.050572,0.0224632,0.00630795,-0.00608974,-0.0222233,-0.0502868,-0.100551,-0.186475,-0.324553,-0.529478,-0.794512,-1.03204,-0.967816,-0.717103,-0.458227,-0.24648,-0.076293,0.0785578,0.248769,0.460595,0.71969,0.970944,1.03625,0.79971,0.535405,0.3308,0.192336,0.104769,0.0506804,0.0151082,-0.0145644,-0.0500809,-0.104053,-0.191433,-0.329626,-0.533869,-0.797743,-1.0339,-0.968586,-0.717356,-0.458179,-0.246167,-0.0757095,0.0794008,0.249829,0.461817,0.721093,0.972804,1.03932,0.803975,0.540022,0.334287,0.192323,0.0974486,0.0299548,-0.0286235,-0.0959794,-0.190566,-0.332077,-0.537179,-0.800362,-1.03503,-0.968537,-0.716943,-0.457618,-0.245419,-0.0747187,0.0806053,0.251105,0.462933,0.72184,0.973309,1.04044,0.805252,0.539068,0.327046,0.172529,0.0554824,-0.0487147,-0.165062,-0.318148,-0.527985,-0.791403,-1.02409,-0.956985,-0.705741,-0.446222,-0.232846,-0.060017,0.0983176,0.272855,0.490428,0.758597,1.02672,1.12351,0.9235,0.697477,0.532249,0.433048,0.381369,0.353736,0.326704,0.280486,0.21054,0.155864,0.168273,0.197692,0.218888,0.226758,0.224342,0.216457,0.20727,0.199703,0.195516,0.195516
-0.0713679,-0.0713679,-0.0781488,-0.0928916,-0.118293,-0.159381,-0.225209,-0.332309,-0.511789,-0.822987,-1.3714,-1.00174,-0.6944,-0.504967,-0.417722,-0.428936,-0.55401,-0.829179,-1.30527,-1.95069,-1.70607,-1.11255,-0.648977,-0.332104,-0.105736,0.0906591,0.315657,0.629352,1.08678,1.66843,1.88853,1.21907,0.709662,0.386385,0.191406,0.0781987,0.0157228,-0.0158942,-0.0291393,-0.0317317,-0.0283515,-0.0217654,-0.0135607,-0.0046279,0.00450616,0.0134273,0.0216076,0.0281534,0.031473,0.0287927,0.0154222,-0.0163726,-0.0791,-0.192662,-0.388144,-0.712132,-1.22252,-1.89316,-1.67273,-1.09094,-0.633857,-0.320954,-0.097196,0.0974071,0.321175,0.634103,1.09124,1.67313,1.89378,1.22332,0.713141,0.389423,0.194287,0.0811658,0.0189921,-0.0121192,-0.0246628,-0.0263692,-0.0219449,-0.014217,-0.00489598,0.00489544,0.0142173,0.0219468,0.0263736,0.02467,0.0121292,-0.01898,-0.0811538,-0.19428,-0.389428,-0.713174,-1.2234,-1.89393,-1.67325,-1.09126,-0.634028,-0.321012,-0.0971605,0.0975329,0.321401,0.634454,1.09176,1.67391,1.89498,1.22475,0.714869,0.391557,0.196953,0.084502,0.0231491,-0.0069895,-0.0184259,-0.0189443,-0.0133699,-0.00475855,0.00476855,0.0133817,0.0189597,0.0184464,0.00701654,-0.0231148,-0.084461,-0.196907,-0.391513,-0.71484,-1.22476,-1.89504,-1.67395,-1.09168,-0.634245,-0.321072,-0.0970835,0.0977417,0.321752,0.634977,1.09252,1.67504,1.89677,1.22698,0.717625,0.394966,0.201167,0.0896748,0.0294183,0.000459388,-0.00983306,-0.00947251,-0.00369528,0.00373547,0.00951708,0.00988651,-0.000392331,-0.0293326,-0.0895655,-0.201029,-0.394796,-0.71742,-1.22675,-1.89651,-1.67478,-1.09216,-0.634478,-0.321102,-0.0969277,0.0980793,0.322279,0.635719,1.09355,1.67653,1.89929,1.23034,0.721859,0.400187,0.207491,0.0971755,0.0380558,0.0099678,-0.000129428,-0.000955783,0.0010715,0.000256626,-0.00981682,-0.037867,-0.0969324,-0.207173,-0.399769,-0.721309,-1.22962,-1.89839,-1.67569,-1.09265,-0.634689,-0.321058,-0.0966347,0.0986202,0.323066,0.63676,1.09489,1.67842,1.90274,1.2352,0.728051,0.407673,0.216166,0.106742,0.0478196,0.0185402,0.00468725,-0.00438729,-0.0182101,-0.0474263,-0.106246,-0.215519,-0.406811,-0.72689,-1.23363,-1.9007,-1.67656,-1.09307,-0.63481,-0.320869,-0.0961132,0.0994756,0.324228,0.638182,1.09656,1.68063,1.90713,1.24175,0.736309,0.417098,0.225929,0.115378,0.0527279,0.0152148,-0.0144693,-0.0519051,-0.114392,-0.224677,-0.415447,-0.734085,-1.23873,-1.90318,-1.67704,-1.09318,-0.634682,-0.3204,-0.0952219,0.10079,0.325875,0.639981,1.09833,1.68256,1.91179,1.2492,0.745123,0.42536,0.230773,0.112159,0.0337911,-0.0319676,-0.110142,-0.228346,-0.42226,-0.741012,-1.24366,-1.90454,-1.67603,-1.09229,-0.63387,-0.319334,-0.0936962,0.102771,0.328068,0.641893,1.0993,1.6824,1.91411,1.25413,0.748829,0.422458,0.213252,0.0674408,-0.0581627,-0.202961,-0.410022,-0.732874,-1.23299,-1.88668,-1.65763,-1.07612,-0.617963,-0.30166,-0.0727755,0.127983,0.358433,0.678589,1.14523,1.74702,2.0315,1.42504,0.978082,0.71961,0.591461,0.54215,0.529183,0.512114,0.447178,0.296682,0.156202,0.230757,0.30521,0.343988,0.352627,0.343324,0.326417,0.309007,0.295449,0.288146,0.288146
-0.0838184,-0.0838184,-0.0908395,-0.105924,-0.131439,-0.171801,-0.235163,-0.337669,-0.515532,-0.863955,-1.22162,-0.713973,-0.453924,-0.313627,-0.24915,-0.250571,-0.32889,-0.518831,-0.897658,-1.63991,-2.76946,-1.36229,-0.681888,-0.318721,-0.0981589,0.0804841,0.299972,0.660776,1.33695,2.7366,1.59781,0.841638,0.442004,0.221536,0.0984996,0.0310191,-0.00414125,-0.0204805,-0.0260025,-0.0254651,-0.0216634,-0.0161976,-0.00994649,-0.00336951,0.00329131,0.00986077,0.016096,0.0215358,0.0252984,0.025779,0.0201759,0.00372161,-0.0316021,-0.0993155,-0.222688,-0.443651,-0.844047,-1.60148,-2.74213,-1.34184,-0.666096,-0.306286,-0.0882361,0.0884988,0.306557,0.666382,1.34215,2.74249,1.60192,0.844594,0.444335,0.223553,0.100415,0.0330036,-0.00193848,-0.0179175,-0.0229391,-0.0217628,-0.0171929,-0.0108571,-0.00369759,0.00369995,0.0108601,0.0171971,0.0217688,0.0229473,0.0179281,0.00195123,-0.0329899,-0.100404,-0.223548,-0.444349,-0.844647,-1.60206,-2.74276,-1.34219,-0.666272,-0.306338,-0.0881833,0.0886507,0.306816,0.666774,1.34273,2.74336,1.60281,0.845574,0.445504,0.224997,0.102225,0.0352805,0.000916341,-0.0143674,-0.0185796,-0.0165032,-0.0110028,-0.00383023,0.0038406,0.0110145,0.0165175,0.0185976,0.0143903,-0.0008878,-0.0352463,-0.102187,-0.224958,-0.445474,-0.845571,-1.60287,-2.74353,-1.34263,-0.666494,-0.306384,-0.0880737,0.0889105,0.307233,0.667368,1.34354,2.74448,1.6041,0.847113,0.447385,0.227327,0.10512,0.0388597,0.00529717,-0.0090922,-0.012378,-0.00946784,-0.00345829,0.00348912,0.0095017,0.012418,0.00914167,-0.00523468,-0.0387805,-0.10502,-0.227203,-0.447236,-0.846939,-1.60391,-2.74427,-1.34311,-0.666731,-0.306391,-0.0878596,0.0893438,0.307885,0.668238,1.34462,2.74575,1.6059,0.849444,0.450315,0.230951,0.109545,0.0441736,0.0115307,-0.00203136,-0.00481389,-0.00213368,0.00221411,0.004902,0.0021354,-0.0114013,-0.0440076,-0.109328,-0.230666,-0.449936,-0.848935,-1.60519,-2.74477,-1.34355,-0.666944,-0.306314,-0.0874647,0.0900594,0.308903,0.669504,1.34602,2.74701,1.60831,0.852874,0.454693,0.236283,0.115821,0.0512837,0.0191411,0.00534261,0.00089188,-0.000691562,-0.00512243,-0.0188792,-0.0509541,-0.115391,-0.235707,-0.453906,-0.851772,-1.6067,-2.74466,-1.34382,-0.66707,-0.306073,-0.0867662,0.0912295,0.310486,0.67134,1.34776,2.74787,1.61137,0.857643,0.460763,0.243353,0.123467,0.0587212,0.0249182,0.00685722,-0.00636747,-0.0243777,-0.0580736,-0.122642,-0.24226,-0.459265,-0.855524,-1.60822,-2.74322,-1.34365,-0.666967,-0.305528,-0.0855686,0.0931076,0.3129,0.673908,1.34967,2.74732,1.61463,0.863464,0.467897,0.250637,0.129262,0.0603388,0.0178123,-0.0166218,-0.0590206,-0.127672,-0.248592,-0.465138,-0.859578,-1.60885,-2.73877,-1.3423,-0.66624,-0.304351,-0.0835027,0.0961059,0.316502,0.677276,1.35105,2.74289,1.61643,0.868573,0.47312,0.252607,0.123166,0.0384917,-0.032448,-0.116446,-0.244429,-0.462447,-0.853805,-1.59466,-2.71075,-1.32314,-0.647849,-0.283056,-0.0574074,0.127956,0.354303,0.720264,1.39672,2.78463,1.69625,0.985522,0.629516,0.455232,0.381617,0.364025,0.371585,0.375209,0.337648,0.199851,-0.0584933,0.293343,0.448405,0.499225,0.496438,0.469908,0.436882,0.406891,0.38494,0.373473,0.373473
-0.0892479,-0.0892479,-0.0954664,-0.108527,-0.12974,-0.161219,-0.205974,-0.26767,-0.348715,-0.440935,-0.322233,-0.127178,-0.0655047,-0.0283011,-0.00134673,0.0172303,0.024391,0.00879153,-0.0671673,-0.379427,-1.87223,-0.885252,-0.397567,-0.162732,-0.048663,0.0294637,0.142972,0.376833,0.863627,1.85144,0.365786,0.0519715,-0.0281851,-0.0503276,-0.0527056,-0.0478267,-0.0406394,-0.033187,-0.0262699,-0.020134,-0.014773,-0.0100672,-0.0058471,-0.00192347,0.00190014,0.00582171,0.0100374,0.0147362,0.0200866,0.0262072,0.0331027,0.0405246,0.0476688,0.0524859,0.0500178,0.0277376,-0.0526592,-0.36708,-1.8554,-0.868184,-0.3824,-0.14986,-0.0379607,0.0382671,0.150171,0.382717,0.8685,1.85568,0.367283,0.052879,-0.0274728,-0.049685,-0.0520586,-0.0471148,-0.0398034,-0.0321627,-0.0249837,-0.0184976,-0.0126797,-0.0073873,-0.00242462,0.00242626,0.0073893,0.0126825,0.0185016,0.0249893,0.0321705,0.0398139,0.0471288,0.0520765,0.0497068,0.0274971,-0.0528586,-0.367294,-1.85586,-0.868457,-0.382535,-0.149883,-0.0378858,0.0384368,0.150441,0.383098,0.86901,1.85633,0.367649,0.0532443,-0.0270341,-0.0491276,-0.0513369,-0.046175,-0.0385794,-0.0305723,-0.0229242,-0.0158425,-0.00927522,-0.0030505,0.00305543,0.00928085,0.0158496,0.0229335,0.0305848,0.0385961,0.0461971,0.0513656,0.0491638,0.0270773,-0.0531987,-0.367624,-1.85643,-0.868827,-0.382716,-0.149895,-0.0377381,0.0387407,0.150903,0.383723,0.869791,1.85722,0.368239,0.0538727,-0.0262717,-0.0481628,-0.0500969,-0.044574,-0.0365127,-0.0279122,-0.0195161,-0.0115032,-0.00379333,0.0038054,0.0115166,0.0195323,0.0279327,0.0365395,0.0446093,0.0501435,0.0482235,0.0263496,-0.0537752,-0.36812,-1.85704,-0.869282,-0.382943,-0.149874,-0.0374629,0.0392701,0.15168,0.384725,0.870946,1.85833,0.369176,0.0549427,-0.0249615,-0.0465134,-0.0479964,-0.0418899,-0.0330878,-0.023561,-0.0140263,-0.00464238,0.00467008,0.0140568,0.0235972,0.0331333,0.041949,0.0480745,0.0466176,0.0251017,-0.0547496,-0.368876,-1.85759,-0.869826,-0.383224,-0.149788,-0.0369698,0.0401792,0.152981,0.386337,0.872669,1.85966,0.370674,0.0567478,-0.0227434,-0.043743,-0.0445086,-0.0374937,-0.0275663,-0.0166792,-0.0055505,0.00561387,0.0167488,0.027649,0.0375977,0.0446447,0.0439255,0.0229944,-0.0563855,-0.370053,-1.85793,-0.870474,-0.383575,-0.149587,-0.0361082,0.0417228,0.155146,0.388935,0.87526,1.86122,0.373071,0.059753,-0.0190605,-0.039198,-0.038878,-0.0305346,-0.019039,-0.00639274,0.00653985,0.0192009,0.0307278,0.0391231,0.0395229,0.0195085,-0.0590951,-0.3719,-1.85781,-0.871225,-0.384009,-0.149178,-0.0346317,0.0443087,0.158709,0.393083,0.879115,1.86281,0.376868,0.0646544,-0.013109,-0.0319903,-0.0301705,-0.0201264,-0.00687624,0.00722378,0.0205101,0.0306318,0.0325828,0.0139139,-0.0634743,-0.374745,-1.85654,-0.87192,-0.384435,-0.148327,-0.0320696,0.0486533,0.164559,0.399661,0.884728,1.86382,0.382807,0.0725139,-0.00372914,-0.0209751,-0.0174509,-0.00596154,0.00768846,0.0193678,0.0233062,0.00679452,-0.0680926,-0.374897,-1.84041,-0.857855,-0.367232,-0.125309,-0.00175335,0.0869441,0.210561,0.451443,0.93675,1.90157,0.42511,0.124483,0.0615608,0.0627146,0.0910134,0.134887,0.189106,0.24785,0.297432,0.296828,0.14674,0.552702,0.695843,0.708068,0.663993,0.602988,0.544312,0.496736,0.463945,0.447334,0.447334
-0.0884588,-0.0884588,-0.0932515,-0.102977,-0.117774,-0.137362,-0.159843,-0.178323,-0.170723,-0.0672901,-0,-0.00868574,0.0175159,0.0547292,0.0988218,0.149754,0.206918,0.264643,0.304048,0.283074,0.104934,0.0910831,0.139604,0.114025,0.0367748,-0.0569386,-0.134379,-0.160044,-0.110705,-0.121059,-0.297667,-0.319642,-0.283017,-0.229826,-0.179086,-0.136642,-0.102999,-0.0769209,-0.0568311,-0.0412839,-0.0290755,-0.0192302,-0.0109509,-0.00356406,0.00353239,0.010917,0.0191916,0.0290293,0.0412265,0.0567578,0.0768253,0.102873,0.136472,0.178855,0.229507,0.28257,0.318999,0.296726,0.11945,0.106906,0.154541,0.127207,0.0479863,-0.0476406,-0.126856,-0.154186,-0.106556,-0.119135,-0.296426,-0.318671,-0.282177,-0.229012,-0.178213,-0.135627,-0.101753,-0.0753383,-0.0547798,-0.0385944,-0.0255265,-0.0145309,-0.00471704,0.00471321,0.0145277,0.0255248,0.038595,0.0547838,0.0753469,0.101768,0.13565,0.178247,0.22906,0.282242,0.318753,0.296517,0.119225,0.106749,0.154474,0.127225,0.0480865,-0.0474582,-0.126589,-0.153831,-0.106119,-0.118659,-0.295975,-0.318161,-0.281537,-0.228174,-0.1771,-0.134144,-0.0997765,-0.0727041,-0.0512717,-0.033925,-0.0193143,-0.0062689,0.00626791,0.0193145,0.0339279,0.0512789,0.0727175,0.0997984,0.134178,0.17715,0.228243,0.281631,0.318281,0.296116,0.118817,0.106471,0.154351,0.127258,0.0482755,-0.0471125,-0.126085,-0.153171,-0.105322,-0.117792,-0.29513,-0.317207,-0.280359,-0.226653,-0.1751,-0.131495,-0.0962586,-0.0680281,-0.0450547,-0.0256595,-0.00832662,0.00833448,0.0256696,0.0450694,0.0680501,0.0962915,0.131543,0.175169,0.226749,0.28049,0.31738,0.295347,0.118075,0.105967,0.154114,0.127303,0.0486112,-0.0464807,-0.125158,-0.151966,-0.103889,-0.116228,-0.29356,-0.31544,-0.278203,-0.223903,-0.171516,-0.126775,-0.0900115,-0.0597424,-0.0340543,-0.0110491,0.0110769,0.034086,0.0597825,0.090065,0.126848,0.171617,0.224043,0.278395,0.3157,0.293906,0.116735,0.105056,0.153663,0.127355,0.0491943,-0.0453538,-0.123494,-0.149808,-0.101342,-0.113436,-0.290697,-0.31222,-0.274307,-0.218974,-0.165129,-0.118396,-0.0789496,-0.0450945,-0.0146323,0.0147037,0.0451737,0.0790454,0.118518,0.165292,0.219195,0.274609,0.312638,0.291273,0.114337,0.10343,0.152831,0.12741,0.0501973,-0.0433762,-0.12056,-0.146007,-0.0968719,-0.108495,-0.285555,-0.306437,-0.267341,-0.210206,-0.153807,-0.103579,-0.0594262,-0.019294,0.0194639,0.0596131,0.103802,0.15409,0.210578,0.267847,0.307139,0.286541,0.110087,0.100562,0.151334,0.127458,0.0519108,-0.0399498,-0.115457,-0.139399,-0.0891052,-0.0998175,-0.276415,-0.296151,-0.254985,-0.194699,-0.133838,-0.0775133,-0.0252086,0.0256082,0.0779526,0.134362,0.195364,0.255871,0.297372,0.278136,0.102628,0.0955974,0.148746,0.127549,0.0548976,-0.0339823,-0.10658,-0.127919,-0.0756128,-0.084555,-0.260162,-0.277842,-0.233034,-0.167231,-0.0986157,-0.0318761,0.033828,0.100769,0.169817,0.236357,0.282342,0.266471,0.0948729,0.0993643,0.162084,0.150807,0.0887586,0.0110126,-0.0504452,-0.0618035,-0.00272886,-0.00968272,-0.184206,-0.192696,-0.129787,-0.0355308,0.0742534,0.197964,0.33925,0.499833,0.669186,0.807194,0.860034,1.07488,1.0742,0.97321,0.84848,0.733739,0.640642,0.571794,0.526772,0.504583,0.504583
-0.082877,-0.082877,-0.0861044,-0.0923534,-0.101019,-0.11061,-0.117715,-0.115055,-0.0885645,-0.0175044,-0,0.0234935,0.0613312,0.112714,0.178817,0.263507,0.372346,0.510429,0.676189,0.843269,0.964762,1.00505,0.750875,0.442451,0.138676,-0.159614,-0.463508,-0.771923,-1.02534,-0.982447,-0.860231,-0.694152,-0.531051,-0.397287,-0.294428,-0.21731,-0.159981,-0.117363,-0.0855049,-0.0614239,-0.0428814,-0.028175,-0.0159734,-0.00518575,0.00514416,0.0159291,0.028125,0.0428224,0.0613516,0.0854138,0.117246,0.159828,0.217109,0.29416,0.396926,0.530561,0.693486,0.859338,0.981145,1.02182,0.766451,0.456159,0.15034,-0.149959,-0.45577,-0.766048,-1.0214,-0.98074,-0.858937,-0.693043,-0.530027,-0.396249,-0.293277,-0.215941,-0.158273,-0.115168,-0.0826325,-0.0576258,-0.037828,-0.0214262,-0.00693849,0.0069315,0.0214202,0.0378241,0.0576253,0.0826369,0.11518,0.158294,0.215975,0.293329,0.396325,0.530136,0.693192,0.859129,0.980974,1.02176,0.766455,0.456222,0.150465,-0.149767,-0.455508,-0.765715,-1.021,-0.980232,-0.858396,-0.692386,-0.52917,-0.395103,-0.291738,-0.213873,-0.155495,-0.111441,-0.0776313,-0.0509153,-0.0288207,-0.00932835,0.0093247,0.0288189,0.0509173,0.0776395,0.111458,0.155525,0.21392,0.29181,0.395208,0.529319,0.69259,0.85866,0.980563,1.02154,0.766391,0.456302,0.150694,-0.149381,-0.454959,-0.765,-1.02012,-0.979181,-0.857303,-0.691109,-0.527556,-0.392991,-0.288933,-0.210128,-0.150483,-0.104722,-0.068618,-0.0388129,-0.0125539,0.0125618,0.0388238,0.0686355,0.10475,0.150526,0.210193,0.289029,0.393128,0.527749,0.691373,0.857647,0.979626,1.02096,0.766129,0.456362,0.151085,-0.148646,-0.453866,-0.763542,-1.01831,-0.977072,-0.855145,-0.688659,-0.524539,-0.389109,-0.28383,-0.203348,-0.141428,-0.092592,-0.052334,-0.0169135,0.0169471,0.052373,0.0926422,0.141497,0.203444,0.283964,0.389296,0.524798,0.689012,0.855609,0.977695,1.01965,0.765464,0.456352,0.151746,-0.147295,-0.451796,-0.760734,-1.01479,-0.973024,-0.851043,-0.684077,-0.518981,-0.382031,-0.274576,-0.191086,-0.125057,-0.0706403,-0.0228082,0.0228973,0.0707394,0.125178,0.19124,0.274782,0.382309,0.519361,0.684591,0.851722,0.973964,1.01703,0.764058,0.456198,0.152864,-0.144865,-0.448001,-0.755532,-1.00825,-0.965499,-0.84345,-0.675663,-0.508854,-0.369192,-0.257827,-0.16889,-0.0953876,-0.030765,0.0309767,0.0956201,0.169166,0.258174,0.369646,0.50946,0.676479,0.844527,0.967019,1.01205,0.761325,0.455766,0.154766,-0.140562,-0.441189,-0.746116,-0.996319,-0.951767,-0.829614,-0.660383,-0.49051,-0.345961,-0.2275,-0.128632,-0.0414359,0.0419301,0.129173,0.228139,0.346761,0.491551,0.661765,0.831431,0.954348,1.00294,0.756272,0.45488,0.158093,-0.1329,-0.428978,-0.729145,-0.974705,-0.926766,-0.804431,-0.632586,-0.457132,-0.30364,-0.172142,-0.0549851,0.0573671,0.17475,0.306727,0.461002,0.637608,0.810966,0.936015,0.998355,0.765396,0.477694,0.194968,-0.0812071,-0.361551,-0.645483,-0.876179,-0.819662,-0.697342,-0.514474,-0.314817,-0.121832,0.0683031,0.269328,0.498913,0.774686,1.10321,1.44167,1.69401,1.8126,1.55285,1.2621,1.02298,0.842845,0.712724,0.623027,0.566765,0.539643,0.539643
-0.0740677,-0.0740677,-0.0759358,-0.0793135,-0.0833401,-0.0863422,-0.0853517,-0.0756192,-0.0509751,-0.00781196,-0,0.0413287,0.0916013,0.155979,0.240224,0.353112,0.50853,0.728536,1.04701,1.5046,2.55579,2.21347,1.4164,0.766229,0.235093,-0.256684,-0.788114,-1.4388,-2.2363,-2.57701,-1.52254,-1.06569,-0.749746,-0.533843,-0.384031,-0.27819,-0.202251,-0.147046,-0.106401,-0.0760255,-0.0528511,-0.0346149,-0.0195819,-0.00634971,0.00630088,0.0195302,0.0345571,0.0527835,0.0759437,0.1063,0.146918,0.202086,0.277976,0.383751,0.533475,0.749261,1.06504,1.52169,2.57564,2.23276,1.43329,0.78064,0.247174,-0.246767,-0.780217,-1.43283,-2.23227,-2.57513,-1.52124,-1.06454,-0.748639,-0.532678,-0.382705,-0.276587,-0.200229,-0.144429,-0.102956,-0.0714483,-0.0467335,-0.0264076,-0.00854218,0.00853105,0.0263977,0.0467261,0.0714451,0.102959,0.14444,0.200253,0.276627,0.382769,0.532776,0.748785,1.06475,1.52155,2.57566,2.23285,1.43337,0.780744,0.24732,-0.246567,-0.779961,-1.43252,-2.23192,-2.5747,-1.5207,-1.06382,-0.747653,-0.531331,-0.380875,-0.274112,-0.196892,-0.139931,-0.0968978,-0.0632842,-0.0357248,-0.0115485,0.0115404,0.0357189,0.0632829,0.096904,0.139949,0.196925,0.274168,0.380962,0.531461,0.747846,1.0641,1.52111,2.57541,2.23275,1.43337,0.780863,0.247581,-0.246148,-0.77937,-1.43175,-2.23096,-2.57356,-1.51952,-1.06237,-0.745766,-0.528821,-0.377515,-0.2696,-0.190822,-0.131759,-0.0858827,-0.04842,-0.015638,0.0156428,0.0484285,0.0858989,0.131788,0.19087,0.269673,0.377626,0.528985,0.746005,1.06272,1.52002,2.57441,2.23211,1.43308,0.780929,0.248015,-0.245323,-0.778119,-1.43003,-2.22872,-2.57091,-1.51704,-1.05951,-0.742186,-0.524164,-0.371348,-0.26136,-0.179761,-0.116864,-0.0657761,-0.0212181,0.0212522,0.0658164,0.116917,0.179836,0.261466,0.371498,0.524378,0.742489,1.05994,1.51765,2.57194,2.23039,1.43219,0.780844,0.24873,-0.243774,-0.77566,-1.42654,-2.22408,-2.56542,-1.51215,-1.05406,-0.735512,-0.51559,-0.360061,-0.246313,-0.159554,-0.089601,-0.0288576,0.0289542,0.0897089,0.159686,0.246482,0.360287,0.515897,0.735933,1.05464,1.51296,2.56677,2.22665,1.43018,0.78046,0.249926,-0.240948,-0.771048,-1.41987,-2.21508,-2.55477,-1.50289,-1.04391,-0.723219,-0.499881,-0.339417,-0.218768,-0.122469,-0.039355,0.0395878,0.122724,0.21907,0.339795,0.500371,0.723869,1.04479,1.50408,2.55674,2.21931,1.42614,0.779516,0.25195,-0.235875,-0.76262,-1.40756,-2.19829,-2.53483,-1.48575,-1.02526,-0.700709,-0.471134,-0.30157,-0.168078,-0.0538332,0.0543753,0.168669,0.302261,0.47199,0.701808,1.0267,1.48768,2.538,2.20552,1.41853,0.777608,0.255493,-0.226732,-0.747286,-1.38498,-2.1673,-2.49786,-1.45415,-0.990937,-0.65927,-0.418056,-0.231327,-0.0732895,0.0758755,0.234138,0.421338,0.663318,0.996121,1.46095,2.50888,2.19264,1.42345,0.799603,0.294629,-0.169258,-0.669069,-1.2824,-2.03684,-2.34985,-1.32696,-0.853042,-0.493175,-0.205284,0.0514636,0.31213,0.612389,0.996794,1.52727,2.27767,4.01171,2.92865,2.06251,1.49935,1.13848,0.901941,0.744381,0.640823,0.577621,0.54758,0.54758
-0.0633904,-0.0633904,-0.0642576,-0.0656247,-0.0666852,-0.0660675,-0.0617303,-0.0510945,-0.0319047,-0.00456224,-0,0.0502199,0.107767,0.179375,0.272988,0.400188,0.580124,0.848176,1.27872,2.05302,3.32635,1.85067,1.04656,0.54006,0.163458,-0.176131,-0.553,-1.06009,-1.86535,-3.3433,-2.06941,-1.2963,-0.868405,-0.604307,-0.429661,-0.309167,-0.223787,-0.16217,-0.117028,-0.0834257,-0.0578827,-0.0378517,-0.0213898,-0.00693201,0.00687889,0.0213337,0.0377896,0.0578109,0.08334,0.116923,0.162039,0.223622,0.308957,0.429392,0.603962,0.867963,1.29574,2.06869,3.34227,1.86324,1.05688,0.548646,0.17057,-0.170327,-0.54839,-1.0566,-1.86292,-3.34187,-2.06825,-1.29523,-0.867317,-0.603121,-0.428279,-0.307471,-0.22163,-0.159361,-0.113316,-0.0784776,-0.05125,-0.0289285,-0.00935372,0.00933722,0.0289133,0.0512376,0.0784697,0.113315,0.159369,0.221651,0.307511,0.428345,0.603225,0.867477,1.29547,2.06866,3.34254,1.86336,1.05696,0.548718,0.170661,-0.170209,-0.548243,-1.05643,-1.86275,-3.34177,-2.06785,-1.29453,-0.866294,-0.601691,-0.42632,-0.30481,-0.218029,-0.154495,-0.106744,-0.0695989,-0.0392459,-0.0126813,0.0126665,0.0392334,0.0695915,0.106745,0.154508,0.218059,0.304864,0.426409,0.601829,0.866504,1.29485,2.06838,3.34263,1.86337,1.05698,0.548798,0.17082,-0.169956,-0.547887,-1.05596,-1.86217,-3.3411,-2.06683,-1.29308,-0.864315,-0.599013,-0.422705,-0.299933,-0.211448,-0.145609,-0.0947338,-0.0533464,-0.017221,0.017219,0.0533483,0.094744,0.145632,0.211491,0.300005,0.422817,0.599183,0.864569,1.29347,2.06744,3.34209,1.86299,1.0568,0.548835,0.171081,-0.169454,-0.547114,-1.05487,-1.86069,-3.33913,-2.0645,-1.29016,-0.860529,-0.594014,-0.416036,-0.290984,-0.199392,-0.129325,-0.0726886,-0.023435,0.0234635,0.0727235,0.129373,0.199463,0.291086,0.416185,0.594229,0.86084,1.29062,2.06519,3.34024,1.86182,1.0562,0.548758,0.171508,-0.168502,-0.545573,-1.05262,-1.85751,-3.33462,-2.0597,-1.28451,-0.853416,-0.584755,-0.403764,-0.27455,-0.177246,-0.0993519,-0.0319752,0.0320682,0.0994562,0.177374,0.274716,0.403987,0.585058,0.853833,1.28509,2.06056,3.33596,1.85918,1.05483,0.548458,0.172216,-0.166756,-0.542658,-1.04827,-1.85123,-3.3255,-2.05042,-1.27388,-0.840228,-0.567697,-0.381193,-0.244296,-0.136365,-0.043774,0.0440057,0.136618,0.244595,0.381564,0.568174,0.840858,1.27473,2.05161,3.3273,1.8539,1.05205,0.547743,0.17341,-0.163605,-0.537296,-1.04017,-1.83939,-3.30805,-2.033,-1.25419,-0.815934,-0.536297,-0.339568,-0.188278,-0.0601937,0.0607357,0.188865,0.340248,0.537128,0.816986,1.25556,2.03486,3.31081,1.8439,1.04676,0.546306,0.175501,-0.157902,-0.527491,-1.02523,-1.81738,-3.27532,-2.00062,-1.21774,-0.770955,-0.477985,-0.261822,-0.0827209,0.0852865,0.264588,0.481168,0.77481,1.22261,2.00702,3.2846,1.83302,1.04818,0.558691,0.198692,-0.123051,-0.478983,-0.95939,-1.72753,-3.14874,-1.87533,-1.07756,-0.599556,-0.257594,0.0307058,0.315339,0.641718,1.07283,1.73142,2.92295,5.35046,3.8278,2.26919,1.5343,1.12967,0.882056,0.722037,0.618262,0.555315,0.525477,0.525477
-0.0518459,-0.0518459,-0.0520793,-0.0522426,-0.0517087,-0.0495122,-0.0444077,-0.0351239,-0.020987,-0.0029403,-0,0.0517841,0.109871,0.180767,0.272166,0.394527,0.563603,0.805325,1.16666,1.74259,1.96632,0.643148,0.303161,0.147165,0.0438098,-0.0465056,-0.150016,-0.306412,-0.647439,-1.97456,-1.75528,-1.18171,-0.823264,-0.58532,-0.42114,-0.305031,-0.221561,-0.160819,-0.116115,-0.0827668,-0.0574022,-0.0375192,-0.0211935,-0.00686743,0.00681294,0.0211363,0.0374565,0.0573306,0.0826825,0.116013,0.160694,0.221406,0.304837,0.420899,0.585019,0.822892,1.18126,1.75475,1.97409,0.646947,0.305738,0.149115,0.0453417,-0.0452905,-0.149058,-0.305668,-0.646847,-1.9739,-1.75441,-1.1808,-0.822281,-0.584209,-0.419818,-0.303389,-0.219458,-0.158068,-0.112469,-0.0778961,-0.0508604,-0.0287026,-0.00928144,0.00925825,0.0286807,0.0508413,0.0778814,0.112461,0.158069,0.219472,0.303421,0.419875,0.584301,0.822423,1.18101,1.75474,1.97428,0.646986,0.305754,0.149129,0.0453608,-0.0452642,-0.149022,-0.305622,-0.646795,-1.9739,-1.75408,-1.18015,-0.821301,-0.582821,-0.417904,-0.300779,-0.215918,-0.153276,-0.105985,-0.0691215,-0.0389783,-0.0125974,0.0125734,0.0389567,0.0691048,0.105977,0.153279,0.215937,0.300822,0.41798,0.582941,0.821486,1.18043,1.75451,1.97439,0.646983,0.305751,0.149143,0.0453949,-0.0452056,-0.148933,-0.305492,-0.646605,-1.97362,-1.75325,-1.17881,-0.819401,-0.580211,-0.41436,-0.29598,-0.209427,-0.144495,-0.0940973,-0.0530109,-0.0171185,0.0171058,0.0530019,0.0940964,0.144507,0.209458,0.296038,0.414455,0.580359,0.819622,1.17914,1.75374,1.97418,0.646843,0.305685,0.149139,0.0454502,-0.0450862,-0.148735,-0.305184,-0.646108,-1.97265,-1.75131,-1.1761,-0.815754,-0.575326,-0.407799,-0.287146,-0.197499,-0.128356,-0.0722184,-0.0232969,0.0233132,0.0722408,0.128391,0.197555,0.287232,0.407928,0.575513,0.816023,1.17649,1.75187,1.97326,0.646419,0.305484,0.149093,0.0455389,-0.0448573,-0.148336,-0.304541,-0.645029,-1.97034,-1.74732,-1.17085,-0.808887,-0.566251,-0.395691,-0.270876,-0.17553,-0.0985849,-0.0317595,0.0318376,0.0986734,0.17564,0.27102,0.395886,0.566515,0.809246,1.17134,1.74799,1.97104,0.645469,0.305035,0.148966,0.0456842,-0.0444336,-0.147575,-0.303293,-0.642887,-1.96557,-1.73955,-1.16095,-0.79612,-0.549484,-0.373362,-0.240859,-0.134919,-0.0433821,0.043591,0.135147,0.241127,0.373692,0.549904,0.79666,1.16166,1.74046,1.96649,0.64357,0.304134,0.148691,0.0459277,-0.0436633,-0.146164,-0.300954,-0.638824,-1.95636,-1.72493,-1.14257,-0.772538,-0.518553,-0.332125,-0.185272,-0.0593992,0.0598961,0.185807,0.332738,0.519289,0.773444,1.1437,1.72634,1.95773,0.639964,0.302425,0.148153,0.0463535,-0.0422594,-0.143567,-0.296619,-0.631238,-1.93898,-1.69766,-1.10846,-0.728821,-0.461107,-0.255255,-0.0810588,0.0834034,0.25776,0.463937,0.732149,1.11247,1.7025,1.94355,0.635136,0.301669,0.150341,0.0512947,-0.0342503,-0.131593,-0.278663,-0.601792,-1.87395,-1.5956,-0.98231,-0.569894,-0.25624,0.013614,0.276804,0.566316,0.921369,1.40265,2.1259,2.44358,2.3052,1.65214,1.239,0.963831,0.774576,0.643448,0.554875,0.499899,0.473535,0.473535
-0.040068,-0.040068,-0.0399712,-0.0395578,-0.0383945,-0.0358651,-0.0312641,-0.0240064,-0.0139792,-0.00194249,-0,0.0470452,0.0991675,0.161654,0.240382,0.34215,0.474436,0.642859,0.840013,1.00077,0.822849,0.478395,0.264245,0.132541,0.0398147,-0.041657,-0.13461,-0.266864,-0.482141,-0.828783,-1.01011,-0.851993,-0.65762,-0.492567,-0.36455,-0.268254,-0.196607,-0.14343,-0.103845,-0.0741245,-0.0514403,-0.0336296,-0.0189975,-0.00615716,0.006104,0.018942,0.0335694,0.0513726,0.0740462,0.103753,0.143319,0.196471,0.268088,0.364347,0.492321,0.657327,0.851655,1.00974,0.828451,0.481781,0.266416,0.134026,0.0408837,-0.0408571,-0.133992,-0.266365,-0.481694,-0.828295,-1.00947,-0.851269,-0.656803,-0.491615,-0.363397,-0.266808,-0.194744,-0.140985,-0.100597,-0.0697771,-0.0455931,-0.0257399,-0.00832775,0.00829657,0.0257099,0.0455655,0.0697534,0.100579,0.140975,0.194745,0.266825,0.363435,0.49168,0.656903,0.851411,1.00965,0.828442,0.48178,0.266418,0.134031,0.040894,-0.040839,-0.133962,-0.266316,-0.481612,-0.828146,-1.00914,-0.850695,-0.655937,-0.490386,-0.361697,-0.264485,-0.191587,-0.136705,-0.0947996,-0.0619233,-0.0349487,-0.0113032,0.0112678,0.0349153,0.0618943,0.0947777,0.136693,0.19159,0.264507,0.361746,0.490471,0.656067,0.850878,1.00937,0.828337,0.481729,0.266396,0.134032,0.0409158,-0.0407927,-0.133882,-0.266182,-0.481387,-0.827749,-1.00839,-0.849523,-0.654263,-0.488072,-0.358541,-0.260202,-0.185785,-0.128846,-0.0841499,-0.0474813,-0.015348,0.0153207,0.0474573,0.0841328,0.12884,0.185795,0.260235,0.358605,0.488177,0.654419,0.849739,1.00865,0.827975,0.48154,0.266306,0.13401,0.0409521,-0.0406939,-0.1337,-0.265874,-0.480862,-0.826832,-1.00678,-0.84719,-0.651058,-0.483736,-0.35269,-0.252302,-0.175103,-0.11438,-0.0645324,-0.0208473,0.0208453,0.0645356,0.114394,0.175134,0.252359,0.352781,0.483872,0.651252,0.847449,1.00709,0.827102,0.48107,0.266074,0.133937,0.0410098,-0.0405006,-0.133331,-0.265238,-0.479772,-0.82493,-1.00357,-0.842702,-0.645027,-0.475672,-0.341873,-0.237733,-0.155411,-0.0876986,-0.0283156,0.0283683,0.08776,0.155491,0.23784,0.342021,0.475872,0.645293,0.843041,1.00397,0.825284,0.480083,0.265579,0.133767,0.0411026,-0.0401389,-0.132624,-0.264005,-0.477652,-0.82123,-0.997427,-0.834268,-0.633814,-0.460758,-0.321913,-0.210858,-0.119072,-0.038426,0.038593,0.119254,0.211072,0.322175,0.461087,0.634226,0.834772,0.998003,0.821751,0.478155,0.264603,0.13342,0.0412558,-0.0394753,-0.131306,-0.261694,-0.47366,-0.814259,-0.98595,-0.818622,-0.613097,-0.433252,-0.285107,-0.161287,-0.0520268,0.0524403,0.16173,0.285609,0.433843,0.613802,0.819455,0.98688,0.815109,0.474525,0.262761,0.132752,0.0415232,-0.0382566,-0.128867,-0.257399,-0.466225,-0.801261,-0.964617,-0.789627,-0.574757,-0.382368,-0.217031,-0.0696629,0.0716265,0.219109,0.384672,0.577381,0.792613,0.967857,0.804173,0.469172,0.260994,0.133656,0.0449058,-0.0319874,-0.118562,-0.240687,-0.43843,-0.753596,-0.887078,-0.686183,-0.441472,-0.211087,0.00318651,0.211945,0.425374,0.643682,0.831917,0.829297,-0,0.340184,0.795167,0.805746,0.712075,0.608969,0.522304,0.45789,0.415872,0.395229,0.395229
-0.0283869,-0.0283869,-0.0281795,-0.0276229,-0.0264466,-0.0242895,-0.0207774,-0.0156584,-0.008981,-0.00124277,-0,0.0372291,0.0780992,0.126301,0.185557,0.259256,0.349131,0.451664,0.549758,0.597637,0.515807,0.3565,0.218819,0.11577,0.0355645,-0.0371194,-0.117549,-0.22111,-0.359723,-0.520534,-0.60438,-0.558533,-0.462657,-0.362779,-0.276237,-0.206828,-0.153183,-0.11245,-0.0817116,-0.0584455,-0.0406047,-0.0265613,-0.0150098,-0.00486769,0.00481815,0.0149585,0.0265064,0.0405443,0.058377,0.0816325,0.112357,0.153072,0.206696,0.27608,0.362592,0.462441,0.558289,0.604117,0.520263,0.359421,0.220738,0.117065,0.0364712,-0.0364591,-0.117046,-0.220701,-0.359353,-0.520144,-0.603923,-0.558005,-0.462046,-0.362053,-0.275347,-0.205702,-0.151725,-0.110531,-0.0791574,-0.0550219,-0.035995,-0.0203361,-0.00658627,0.00654592,0.0202967,0.0359575,0.0549874,0.0791275,0.110507,0.15171,0.205698,0.275359,0.362083,0.462098,0.558078,0.604008,0.520218,0.359401,0.22073,0.117064,0.0364765,-0.0364452,-0.117019,-0.220653,-0.359266,-0.519988,-0.60364,-0.557548,-0.461367,-0.36109,-0.274013,-0.203876,-0.14924,-0.107158,-0.0745849,-0.0488233,-0.0275899,-0.00893444,0.0088855,0.0275426,0.0487794,0.0745464,0.107128,0.14922,0.203871,0.274027,0.361128,0.461434,0.557643,0.603751,0.520084,0.359333,0.220699,0.117059,0.0364927,-0.0364042,-0.116944,-0.220523,-0.359048,-0.519619,-0.603031,-0.556629,-0.460056,-0.359274,-0.27153,-0.200502,-0.144664,-0.100955,-0.0661747,-0.0374164,-0.0121128,0.0120676,0.0373737,0.0661374,0.100926,0.144647,0.200502,0.271553,0.359324,0.460139,0.556743,0.603165,0.51974,0.359141,0.220604,0.117031,0.0365222,-0.0363136,-0.116772,-0.22023,-0.35856,-0.518822,-0.601776,-0.554819,-0.457553,-0.355869,-0.266922,-0.194269,-0.13623,-0.0895293,-0.0506838,-0.0164054,0.0163798,0.0506622,0.089516,0.136229,0.194288,0.266965,0.355942,0.457662,0.554963,0.601944,0.51898,0.358701,0.220376,0.116954,0.0365703,-0.036135,-0.116425,-0.219633,-0.35757,-0.517222,-0.599319,-0.551359,-0.452849,-0.349535,-0.258398,-0.182771,-0.120684,-0.0684823,-0.0221725,0.0221912,0.0685075,0.120723,0.18283,0.258485,0.349658,0.453013,0.551564,0.599553,0.517454,0.357802,0.219902,0.116782,0.0366478,-0.0357995,-0.115759,-0.218481,-0.355662,-0.514156,-0.594662,-0.544877,-0.444109,-0.337823,-0.242672,-0.161588,-0.0920844,-0.0298431,0.0299528,0.0922052,0.161731,0.242849,0.338044,0.444382,0.545204,0.595028,0.51453,0.356065,0.218977,0.116434,0.0367754,-0.0351831,-0.114519,-0.216327,-0.352089,-0.508421,-0.585992,-0.53287,-0.427975,-0.316252,-0.213764,-0.122743,-0.0398611,0.0401618,0.123064,0.214126,0.316672,0.428467,0.533437,0.586615,0.509067,0.352808,0.217234,0.11577,0.0369977,-0.0340494,-0.112223,-0.212327,-0.345449,-0.497767,-0.569918,-0.510668,-0.398214,-0.276577,-0.160837,-0.0521886,0.0536559,0.162379,0.278262,0.40009,0.512746,0.572141,0.50002,0.347914,0.215376,0.116328,0.0398664,-0.0284474,-0.102807,-0.197077,-0.321011,-0.459348,-0.512932,-0.433871,-0.298724,-0.149821,-0.00172658,0.142418,0.279551,0.396068,0.452038,0.359371,-0,0.0803493,0.382598,0.476735,0.469756,0.426922,0.37891,0.338509,0.310471,0.296279,0.296279
-0.0169132,-0.0169132,-0.0167372,-0.0163075,-0.0154796,-0.0140687,-0.0118977,-0.0088686,-0.00504364,-0.000696368,-0,0.023772,0.0496987,0.0798947,0.11629,0.160187,0.211169,0.264906,0.309719,0.324208,0.286242,0.212977,0.138761,0.076157,0.0237924,-0.024836,-0.0773563,-0.140305,-0.215109,-0.28925,-0.328343,-0.3151,-0.271697,-0.219653,-0.170794,-0.129637,-0.0968464,-0.071475,-0.0521057,-0.0373412,-0.0259719,-0.0170011,-0.00961269,-0.00312196,0.00307779,0.00956743,0.0169536,0.025921,0.0372853,0.0520432,0.0714041,0.0967649,0.129543,0.170685,0.219527,0.271554,0.314942,0.328172,0.289066,0.2149,0.140049,0.077027,0.0243945,-0.0244043,-0.0770316,-0.140042,-0.214872,-0.289007,-0.328068,-0.314782,-0.271324,-0.219203,-0.170237,-0.128928,-0.0959234,-0.070256,-0.0504796,-0.035158,-0.0230289,-0.0130232,-0.00422716,0.00417674,0.0129734,0.0229803,0.0351114,0.0504358,0.0702162,0.095889,0.1289,0.170218,0.219195,0.271327,0.314796,0.328087,0.28902,0.214875,0.140036,0.07702,0.024393,-0.0243992,-0.0770164,-0.14001,-0.214812,-0.288899,-0.327884,-0.314491,-0.270894,-0.218592,-0.169389,-0.127765,-0.0943391,-0.0681033,-0.0475583,-0.0311952,-0.0176531,-0.00573021,0.00566611,0.0175901,0.0311343,0.0475008,0.0680509,0.0942935,0.127729,0.169364,0.218581,0.270897,0.314509,0.327907,0.288917,0.214819,0.140008,0.0770113,0.0244007,-0.0243732,-0.0769652,-0.13992,-0.21466,-0.288649,-0.327489,-0.313905,-0.270059,-0.217436,-0.167805,-0.12561,-0.0914139,-0.0641357,-0.0421774,-0.0238968,-0.0077544,0.00768868,0.0238327,0.0421167,0.0640804,0.0913662,0.125573,0.167781,0.217427,0.270068,0.31393,0.327522,0.288679,0.21468,0.139937,0.0769887,0.0244193,-0.0243106,-0.0768449,-0.139715,-0.214325,-0.28812,-0.326687,-0.312755,-0.268467,-0.215264,-0.164861,-0.121624,-0.0860167,-0.0568239,-0.0322681,-0.0104702,0.010417,0.0322174,0.0567783,0.0859792,0.121598,0.164849,0.215269,0.268492,0.312798,0.326741,0.288174,0.214378,0.139776,0.0769329,0.0244521,-0.0241848,-0.0766,-0.139298,-0.213651,-0.28707,-0.325128,-0.310565,-0.265476,-0.211222,-0.159411,-0.114268,-0.0760734,-0.0433738,-0.0140835,0.0140617,0.0433559,0.0760636,0.11427,0.15943,0.211262,0.265538,0.310648,0.325227,0.287176,0.213768,0.139446,0.0768109,0.024506,-0.023948,-0.0761313,-0.138498,-0.21236,-0.285071,-0.322187,-0.306469,-0.259921,-0.203752,-0.149365,-0.100738,-0.0578346,-0.0188148,0.0188559,0.0578825,0.100799,0.149446,0.203858,0.260057,0.306633,0.322374,0.285276,0.212597,0.138805,0.0765653,0.0245944,-0.0235135,-0.0752599,-0.137005,-0.209949,-0.281345,-0.316725,-0.298892,-0.249681,-0.190017,-0.130955,-0.0760594,-0.0248362,0.0250038,0.0762389,0.131157,0.190252,0.249957,0.299209,0.317079,0.281734,0.210406,0.137599,0.0760952,0.0247472,-0.0227158,-0.0736485,-0.134236,-0.205476,-0.274439,-0.30662,-0.284913,-0.230853,-0.16489,-0.0975526,-0.0319099,0.0328062,0.0984904,0.165906,0.231971,0.28614,0.307942,0.275852,0.207089,0.136267,0.0764127,0.0266796,-0.0188614,-0.0671425,-0.123803,-0.18919,-0.249854,-0.27143,-0.237646,-0.169731,-0.0877478,-0.00268924,0.0799006,0.154345,0.208999,0.220797,0.15615,-0,0.0284841,0.178139,0.248841,0.263291,0.250052,0.227903,0.206767,0.191222,0.183138,0.183138
-0.00561549,-0.00561549,-0.00554859,-0.00539039,-0.0050956,-0.00460812,-0.00387608,-0.00287467,-0.00162858,-0.000224634,-0,0.00816004,0.01703,0.0272885,0.039523,0.0540314,0.070456,0.0870713,0.100007,0.103236,0.0919797,0.0704066,0.047098,0.0263039,0.00829159,-0.00866075,-0.0267268,-0.0476433,-0.0711472,-0.0930141,-0.10463,-0.101829,-0.089366,-0.073341,-0.0576352,-0.0440808,-0.0330765,-0.024498,-0.01788,-0.0128416,-0.00892489,-0.00585842,-0.00330132,-0.00108526,0.00106488,0.00327981,0.00583769,0.00890068,0.0128188,0.0178512,0.0244709,0.0330405,0.0440468,0.0575891,0.0732976,0.0893082,0.101776,0.104562,0.092952,0.0710627,0.0475567,0.0265988,0.00850969,-0.0085212,-0.0266073,-0.0475634,-0.0710588,-0.0929419,-0.104531,-0.101733,-0.0892333,-0.073199,-0.0574386,-0.0438487,-0.0327538,-0.0240902,-0.0173152,-0.0121017,-0.0079068,-0.00450079,-0.00144277,0.0014148,0.00447362,0.00787883,0.0120763,0.0172883,0.0240677,0.0327294,0.043831,0.0574189,0.0731885,0.0892199,0.10173,0.104521,0.0929397,0.0710439,0.0475563,0.026587,0.00851389,-0.00852812,-0.026597,-0.0475602,-0.0710323,-0.0929116,-0.104462,-0.10164,-0.0890809,-0.0729972,-0.057143,-0.0434569,-0.0322048,-0.0233576,-0.0163062,-0.010746,-0.00605331,-0.00199936,0.00196344,0.00601736,0.0107115,0.0162718,0.0233264,0.0321741,0.0434315,0.0571187,0.0729805,0.0890653,0.101633,0.104452,0.0929052,0.0710171,0.0475488,0.0265781,0.00851942,-0.00852398,-0.0265757,-0.0475327,-0.0709753,-0.0928282,-0.104323,-0.101443,-0.088792,-0.072604,-0.0565964,-0.04272,-0.0311965,-0.0219965,-0.0144529,-0.00823895,-0.00264717,0.00260889,0.00820136,0.0144162,0.021962,0.0311641,0.0426916,0.0565717,0.0725852,0.0887777,0.101435,0.104316,0.0928219,0.0709653,0.047524,0.0265679,0.00852681,-0.00850308,-0.0265318,-0.0474606,-0.0708561,-0.0926442,-0.104046,-0.101049,-0.088245,-0.0718583,-0.0555839,-0.0413492,-0.0293397,-0.0194814,-0.0110451,-0.00362449,0.00359054,0.0110122,0.0194499,0.0293113,0.041324,0.0555642,0.0718434,0.0882373,0.101046,0.104048,0.0926451,0.0708592,0.0474656,0.0265491,0.00853744,-0.00845625,-0.0264451,-0.0473101,-0.0706198,-0.0922775,-0.103513,-0.100296,-0.0872204,-0.0704674,-0.0537118,-0.0388166,-0.0259222,-0.014856,-0.00480451,0.00478293,0.0148353,0.025905,0.0388023,0.0537046,0.0704648,0.0872275,0.100307,0.103532,0.0922967,0.0706486,0.0473458,0.0265092,0.00855411,-0.00836711,-0.0262799,-0.0470212,-0.0701688,-0.0915808,-0.102508,-0.0988898,-0.0853188,-0.0678967,-0.0502625,-0.0341626,-0.0196648,-0.00643719,0.00643941,0.0196699,0.0341709,0.050279,0.067919,0.0853535,0.0989299,0.102561,0.0916361,0.0702433,0.0471146,0.0264268,0.00858203,-0.00820535,-0.0259717,-0.0464845,-0.0693263,-0.0902862,-0.100644,-0.0962924,-0.0818138,-0.0631781,-0.0439512,-0.0257037,-0.00840216,0.00845089,0.0257556,0.0440121,0.0632474,0.0818989,0.096387,0.100756,0.0904079,0.0694814,0.046682,0.0262651,0.00863222,-0.00791249,-0.0253996,-0.0454945,-0.0677619,-0.0878932,-0.0971946,-0.0915104,-0.0753786,-0.0545778,-0.032558,-0.0107048,0.0110029,0.0328702,0.054913,0.0757489,0.0919122,0.0976351,0.0883688,0.0683228,0.0461993,0.0263767,0.00930955,-0.00653523,-0.0230912,-0.0418012,-0.0620841,-0.0794489,-0.0852826,-0.0755501,-0.0548036,-0.0287492,-0.00118005,0.0255286,0.0489333,0.0647858,0.0660034,0.0444301,-0,0.00783758,0.0526352,0.0771981,0.0845162,0.0820902,0.0758856,0.0694327,0.0645139,0.0619124,0.0619124
-0,-0,-0,-0,-0,-0,-0,-0,-0,-0,-0,-0,-0,-0,-0,-0,-0,-0,-0,-0,-0,-0,-0,-0,-0,-0,-0,-0,-0,-0,-0,-0,-0,-0,-0,-0,-0,-0,-0,-0,-0,-0,-0,-0,-0,-0,-0,-0,-0,-0,-0,-0,-0,-0,-0,-0,-0,-0,-0,-0,-0,-0,-0,-0,-0,-0,-0,-0,-0,-0,-0,-0,-0,-0,-0,-0,-0,-0,-0,-0,-0,-0,-0,-0,-0,-0,-0,-0,-0,-0,-0,-0,-0,-0,-0,-0,-0,-0,-0,-0,-0,-0,-0,-0,-0,-0,-0,-0,-0,-0,-0,-0,-0,-0,-0,-0,-0,-0,-0,-0,-0,-0,-0,-0,-0,-0,-0,-0,-0,-0,-0,-0,-0,-0,-0,-0,-0,-0,-0,-0,-0,-0,-0,-0,-0,-0,-0,-0,-0,-0,-0,-0,-0,-0,-0,-0,-0,-0,-0,-0,-0,-0,-0,-0,-0,-0,-0,-0,-0,-0,-0,-0,-0,-0,-0,-0,-0,-0,-0,-0,-0,-0,-0,-0,-0,-0,-0,-0,-0,-0,-0,-0,-0,-0,-0,-0,-0,-0,-0,-0,-0,-0,-0,-0,-0,-0,-0,-0,-0,-0,-0,-0,-0,-0,-0,-0,-0,-0,-0,-0,-0,-0,-0,-0,-0,-0,-0,-0,-0,-0,-0,-0,-0,-0,-0,-0,-0,-0,-0,-0,-0,-0,-0,-0,-0,-0,-0,-0,-0,-0,-0,-0,-0,-0,-0,-0,-0,-0,-0,-0,-0,-0,-0,-0,-0,-0,-0,-0,-0,-0,-0,-0,-0,-0,-0,-0,-0,-0,-0,-0,-0,-0,-0,-0,-0,-0,-0,-0,-0,-0,-0,-0,-0,-0,-0,-0,-0,-0,-0,-0,-0,-0,-0,-0,-0,-0,-0,-0,-0,-0,-0,-0,-0,-0,-0,-0,-0,-0,-0,-0,-0
